S1,S2,S3,S4,S5,S6,S7,S8,S9,S10,S11,S12,S13,S14,S15,S16,S17,S18,S19,S20,S21,S22,S23,S24,S25,S26,S27,S28,S29,S30,S31,S32,S33,S34,S35,S36,S37,S38,S39,S40,S41,S42,S43,S44,S45,S46,S47,S48,M1x,M1y,M1z,M2x,M2y,M2z,M3x,M3y,M3z,M4x,M4y,M4z,sesion_time_stamp,
21.00,111.00,26.00,178.00,49.00,159.00,254.00,84.00,92.00,138.00,-1.4590643644332886,0.26951801776885986,0.5058002471923828,-1.8093210458755493,0.20605534315109253,0.39605453610420227,-1.5446827411651611,0.6320323944091797,0.5838130116462708,-1.777011752128601,0.3459852933883667,0.5185519456863403,14_Jun_2023_08:30
0.00,41.00,2.00,1.00,68.00,7.00,296.00,2.00,47.00,137.00,8.00,55.00,0.00,67.00,8.00,68.00,4.00,58.00,23.00,40.00,24.00,0.00,17.00,76.00,27.00,176.00,39.00,161.00,231.00,79.00,103.00,107.00,-1.4590643644332886,0.26951801776885986,0.5058002471923828,-1.8093210458755493,0.20605534315109253,0.39605453610420227,-1.5446827411651611,0.6320323944091797,0.5838130116462708,-1.777011752128601,0.3459852933883667,0.5185519456863403,14_Jun_2023_08:30
2.00,32.00,0.00,1.00,61.00,13.00,329.00,5.00,53.00,138.00,13.00,56.00,0.00,72.00,3.00,75.00,10.00,78.00,3.00,46.00,23.00,1.00,20.00,86.00,27.00,191.00,39.00,163.00,233.00,87.00,104.00,113.00,-1.4590643644332886,0.26951801776885986,0.5058002471923828,-1.8093210458755493,0.20605534315109253,0.39605453610420227,-1.5446827411651611,0.6320323944091797,0.5838130116462708,-1.777011752128601,0.3459852933883667,0.5185519456863403,14_Jun_2023_08:30
1.00,63.00,1.00,3.00,71.00,12.00,349.00,1.00,59.00,174.00,13.00,60.00,1.00,76.00,5.00,88.00,16.00,61.00,7.00,18.00,39.00,2.00,25.00,97.00,35.00,252.00,22.00,167.00,289.00,88.00,121.00,122.00,-1.4584455490112305,0.27031269669532776,0.5064293146133423,-1.8091769218444824,0.20654118061065674,0.3957691788673401,-1.5449717044830322,0.6324562430381775,0.5855319499969482,-1.7768447399139404,0.3463362157344818,0.5183724761009216,14_Jun_2023_08:30
3.00,125.00,1.00,1.00,94.00,7.00,367.00,1.00,63.00,312.00,12.00,88.00,1.00,47.00,5.00,192.00,11.00,13.00,4.00,0.00,45.00,0.00,37.00,127.00,34.00,279.00,15.00,154.00,348.00,81.00,129.00,87.00,-1.4572128057479858,0.2718521058559418,0.5077763795852661,-1.8088380098342896,0.20765773952007294,0.3950612545013428,-1.5453574657440186,0.6331549882888794,0.5888498425483704,-1.7763491868972778,0.3470485508441925,0.5183227062225342,14_Jun_2023_08:30
0.00,162.00,0.00,1.00,104.00,1.00,352.00,2.00,49.00,317.00,9.00,88.00,0.00,40.00,2.00,187.00,9.00,17.00,4.00,8.00,25.00,2.00,34.00,127.00,43.00,279.00,17.00,150.00,313.00,61.00,130.00,79.00,-1.4300554990768433,0.29591336846351624,0.5380308628082275,-1.7999558448791504,0.22750237584114075,0.3850145637989044,-1.552809476852417,0.6394118070602417,0.6432514190673828,-1.7684348821640015,0.35628995299339294,0.5206734538078308,14_Jun_2023_08:30
0.00,166.00,3.00,1.00,87.00,3.00,338.00,2.00,59.00,292.00,13.00,80.00,0.00,43.00,2.00,153.00,2.00,23.00,1.00,2.00,26.00,0.00,38.00,87.00,38.00,264.00,18.00,148.00,288.00,58.00,137.00,62.00,-1.4120557308197021,0.318329781293869,0.562684178352356,-1.7987122535705566,0.2824762165546417,0.39388102293014526,-1.546889305114746,0.6474601626396179,0.6968368887901306,-1.7720133066177368,0.3822239935398102,0.5513534545898438,14_Jun_2023_08:30
1.00,177.00,2.00,1.00,82.00,3.00,279.00,3.00,46.00,269.00,4.00,81.00,1.00,46.00,1.00,144.00,5.00,16.00,11.00,3.00,43.00,1.00,40.00,80.00,43.00,251.00,21.00,146.00,317.00,59.00,146.00,60.00,-1.3932234048843384,0.3361093997955322,0.5782538652420044,-1.785903811454773,0.3607601523399353,0.40769830346107483,-1.522184133529663,0.6511132121086121,0.7492896318435669,-1.7664228677749634,0.42256271839141846,0.5813919901847839,14_Jun_2023_08:30
1.00,193.00,0.00,2.00,91.00,4.00,295.00,1.00,33.00,320.00,8.00,88.00,0.00,47.00,0.00,195.00,9.00,20.00,2.00,2.00,31.00,0.00,46.00,104.00,42.00,280.00,7.00,173.00,333.00,45.00,237.00,66.00,-1.347603678703308,0.34549298882484436,0.5982096195220947,-1.7696927785873413,0.42584890127182007,0.41919994354248047,-1.482875108718872,0.6483015418052673,0.7886614203453064,-1.7385632991790771,0.4591180980205536,0.5990486145019531,14_Jun_2023_08:30
1.00,193.00,2.00,0.00,134.00,3.00,366.00,0.00,21.00,329.00,14.00,89.00,1.00,22.00,1.00,199.00,9.00,31.00,1.00,1.00,20.00,1.00,32.00,97.00,23.00,273.00,1.00,188.00,275.00,40.00,258.00,56.00,-1.2866336107254028,0.3482719361782074,0.6251342296600342,-1.7405997514724731,0.48077085614204407,0.43165770173072815,-1.435131311416626,0.6444348096847534,0.8170747756958008,-1.6926504373550415,0.4921628534793854,0.6111267805099487,14_Jun_2023_08:30
0.00,193.00,2.00,4.00,132.00,4.00,358.00,1.00,33.00,256.00,5.00,75.00,0.00,36.00,0.00,180.00,6.00,29.00,1.00,1.00,23.00,0.00,29.00,96.00,25.00,237.00,4.00,192.00,239.00,35.00,253.00,59.00,-1.2574374675750732,0.3561246991157532,0.6443434953689575,-1.7442526817321777,0.5360047221183777,0.4528503119945526,-1.4108171463012695,0.6473737359046936,0.8416787385940552,-1.6694120168685913,0.530163586139679,0.625629723072052,14_Jun_2023_08:30
1.00,178.00,0.00,2.00,0.00,3.00,366.00,71.00,25.00,267.00,4.00,73.00,0.00,37.00,4.00,131.00,1.00,72.00,1.00,7.00,20.00,0.00,27.00,79.00,28.00,211.00,3.00,186.00,235.00,37.00,228.00,58.00,-1.252657413482666,0.35131266713142395,0.6562758088111877,-1.7777150869369507,0.5728120803833008,0.4825388193130493,-1.4055486917495728,0.6485370993614197,0.8486529588699341,-1.6766427755355835,0.5564579963684082,0.6419682502746582,14_Jun_2023_08:30
2.00,141.00,5.00,2.00,1.00,3.00,341.00,98.00,45.00,201.00,8.00,63.00,1.00,45.00,2.00,88.00,2.00,110.00,3.00,2.00,26.00,0.00,27.00,90.00,28.00,211.00,15.00,203.00,194.00,41.00,187.00,56.00,-1.2523812055587769,0.35104870796203613,0.6603690981864929,-1.7775769233703613,0.5757426619529724,0.47951990365982056,-1.406633734703064,0.6478208303451538,0.8536171913146973,-1.6710929870605469,0.5599817633628845,0.635948657989502,14_Jun_2023_08:30
1.00,91.00,1.00,1.00,110.00,1.00,320.00,92.00,13.00,213.00,3.00,70.00,0.00,49.00,0.00,92.00,0.00,91.00,1.00,5.00,40.00,0.00,30.00,90.00,38.00,204.00,20.00,260.00,232.00,70.00,129.00,74.00,-1.2589023113250732,0.3522530496120453,0.6647049188613892,-1.7139445543289185,0.5612308979034424,0.4292449355125427,-1.4127389192581177,0.6453861594200134,0.8606045246124268,-1.6422652006149292,0.5497581958770752,0.6047645211219788,14_Jun_2023_08:30
2.00,127.00,1.00,4.00,127.00,6.00,365.00,70.00,20.00,281.00,9.00,82.00,1.00,42.00,0.00,77.00,0.00,54.00,7.00,6.00,43.00,0.00,35.00,112.00,47.00,256.00,43.00,313.00,245.00,88.00,112.00,139.00,-1.268857717514038,0.35374826192855835,0.666782557964325,-1.6079285144805908,0.5363764762878418,0.3784690797328949,-1.4252933263778687,0.6430865526199341,0.8635036945343018,-1.5951087474822998,0.5324494242668152,0.5691506266593933,14_Jun_2023_08:31
1.00,168.00,1.00,1.00,1.00,16.00,419.00,203.00,24.00,310.00,35.00,84.00,0.00,47.00,1.00,85.00,2.00,78.00,7.00,25.00,49.00,0.00,37.00,109.00,55.00,280.00,29.00,349.00,247.00,135.00,115.00,143.00,-1.273882508277893,0.3537002205848694,0.668884813785553,-1.4919695854187012,0.5140039324760437,0.35674145817756653,-1.4396507740020752,0.6399646997451782,0.8581424951553345,-1.5383312702178955,0.5176562666893005,0.5419304966926575,14_Jun_2023_08:31
0.00,107.00,2.00,5.00,0.00,5.00,555.00,82.00,7.00,323.00,37.00,87.00,1.00,49.00,0.00,102.00,2.00,105.00,3.00,24.00,47.00,1.00,43.00,114.00,62.00,312.00,37.00,322.00,255.00,144.00,122.00,150.00,-1.2750763893127441,0.3545086681842804,0.6679268479347229,-1.3904845714569092,0.49171707034111023,0.3697608411312103,-1.4510301351547241,0.6362918615341187,0.8534388542175293,-1.4881694316864014,0.5012261867523193,0.533958375453949,14_Jun_2023_08:31
0.00,113.00,1.00,19.00,1.00,6.00,636.00,97.00,27.00,358.00,40.00,94.00,1.00,52.00,1.00,114.00,3.00,168.00,4.00,15.00,61.00,0.00,37.00,97.00,51.00,245.00,29.00,275.00,250.00,153.00,122.00,140.00,-1.274211049079895,0.3554430305957794,0.6651725172996521,-1.3275562524795532,0.45811137557029724,0.401593416929245,-1.4572386741638184,0.632079541683197,0.8491000533103943,-1.459533929824829,0.4758613705635071,0.53810715675354,14_Jun_2023_08:31
5.00,104.00,1.00,13.00,3.00,17.00,479.00,47.00,36.00,262.00,28.00,78.00,2.00,50.00,3.00,110.00,9.00,133.00,9.00,11.00,60.00,0.00,38.00,91.00,49.00,160.00,13.00,229.00,243.00,143.00,136.00,111.00,-1.2733561992645264,0.3554725646972656,0.664323091506958,-1.3344762325286865,0.4698973000049591,0.3962607979774475,-1.4575622081756592,0.6317830085754395,0.8485621809959412,-1.464505910873413,0.48309600353240967,0.5346841812133789,14_Jun_2023_08:31
1.00,108.00,1.00,1.00,101.00,9.00,288.00,42.00,34.00,225.00,8.00,72.00,0.00,56.00,0.00,96.00,3.00,54.00,9.00,6.00,63.00,1.00,39.00,82.00,52.00,139.00,11.00,194.00,253.00,88.00,147.00,99.00,-1.2749637365341187,0.3546549081802368,0.6652984023094177,-1.3984458446502686,0.4901864528656006,0.3714863955974579,-1.453093409538269,0.6336933374404907,0.8529632091522217,-1.4995330572128296,0.49967193603515625,0.5328601598739624,14_Jun_2023_08:31
0.00,106.00,2.00,2.00,76.00,3.00,245.00,55.00,34.00,181.00,5.00,60.00,0.00,53.00,2.00,111.00,4.00,27.00,27.00,26.00,48.00,1.00,33.00,79.00,51.00,108.00,5.00,203.00,286.00,68.00,184.00,86.00,-1.2773678302764893,0.3538648784160614,0.6645312905311584,-1.4980518817901611,0.4989437460899353,0.3627723157405853,-1.4457498788833618,0.6349496245384216,0.8599392771720886,-1.5541118383407593,0.5070836544036865,0.5445995926856995,14_Jun_2023_08:31
1.00,102.00,0.00,2.00,96.00,2.00,245.00,42.00,38.00,164.00,7.00,57.00,1.00,51.00,3.00,107.00,1.00,27.00,0.00,3.00,50.00,1.00,35.00,76.00,28.00,119.00,9.00,203.00,294.00,43.00,226.00,82.00,-1.281421184539795,0.3537374436855316,0.6614938378334045,-1.6092777252197266,0.5275632739067078,0.3847552239894867,-1.4379940032958984,0.635706901550293,0.8680757880210876,-1.6140098571777344,0.5245530009269714,0.5749608278274536,14_Jun_2023_08:31
0.00,168.00,2.00,0.00,84.00,2.00,275.00,42.00,32.00,138.00,4.00,54.00,1.00,50.00,1.00,99.00,0.00,31.00,0.00,4.00,13.00,0.00,32.00,75.00,28.00,115.00,8.00,195.00,294.00,35.00,224.00,72.00,-1.2808398008346558,0.3534226715564728,0.6578258275985718,-1.7151850461959839,0.5677464604377747,0.44602343440055847,-1.4300055503845215,0.6392922401428223,0.8717765808105469,-1.6738905906677246,0.5455693602561951,0.6289243102073669,14_Jun_2023_08:31
3.00,133.00,1.00,2.00,100.00,6.00,271.00,21.00,26.00,129.00,14.00,57.00,0.00,49.00,2.00,102.00,2.00,21.00,0.00,1.00,16.00,0.00,34.00,69.00,28.00,127.00,2.00,164.00,331.00,18.00,231.00,73.00,-1.2838809490203857,0.3531072437763214,0.6528007388114929,-1.7969471216201782,0.6080294251441956,0.5266463756561279,-1.4214597940444946,0.6419091820716858,0.8746978044509888,-1.7061179876327515,0.5678169131278992,0.6871936917304993,14_Jun_2023_08:31
0.00,79.00,1.00,1.00,71.00,3.00,365.00,3.00,14.00,132.00,12.00,52.00,0.00,46.00,1.00,128.00,0.00,25.00,1.00,1.00,6.00,1.00,27.00,74.00,26.00,100.00,1.00,158.00,371.00,24.00,257.00,64.00,-1.2851178646087646,0.352015882730484,0.6475303769111633,-1.8509745597839355,0.6164302229881287,0.6148800253868103,-1.4116414785385132,0.645083487033844,0.8717300891876221,-1.7204605340957642,0.5717343688011169,0.7448371648788452,14_Jun_2023_08:31
0.00,61.00,1.00,1.00,54.00,3.00,386.00,0.00,6.00,141.00,3.00,56.00,1.00,48.00,3.00,158.00,1.00,22.00,1.00,11.00,8.00,0.00,26.00,75.00,18.00,80.00,1.00,142.00,402.00,14.00,258.00,74.00,-1.284900426864624,0.3508513271808624,0.6407333016395569,-1.8814256191253662,0.6154587864875793,0.7099018096923828,-1.4061992168426514,0.6473747491836548,0.8652052879333496,-1.7241140604019165,0.5674411058425903,0.8023743033409119,14_Jun_2023_08:31
1.00,60.00,1.00,2.00,48.00,10.00,483.00,4.00,1.00,128.00,5.00,54.00,1.00,46.00,4.00,148.00,1.00,11.00,1.00,6.00,6.00,0.00,24.00,95.00,11.00,68.00,0.00,132.00,402.00,17.00,248.00,84.00,-1.287649393081665,0.35034307837486267,0.6344615817070007,-1.8951210975646973,0.6314887404441833,0.7984222769737244,-1.4031152725219727,0.6489996910095215,0.859316885471344,-1.7188491821289062,0.5798406004905701,0.843426525592804,14_Jun_2023_08:31
2.00,54.00,1.00,2.00,54.00,9.00,461.00,2.00,4.00,116.00,8.00,58.00,0.00,48.00,3.00,135.00,3.00,7.00,2.00,1.00,3.00,0.00,23.00,101.00,11.00,79.00,2.00,130.00,410.00,15.00,254.00,79.00,-1.2935810089111328,0.35035520792007446,0.6287111639976501,-1.8984276056289673,0.6272985935211182,0.8666226267814636,-1.4014195203781128,0.6512027382850647,0.8568825721740723,-1.7135717868804932,0.586470365524292,0.8694118857383728,14_Jun_2023_08:31
0.00,40.00,2.00,0.00,81.00,6.00,469.00,2.00,3.00,115.00,8.00,52.00,0.00,49.00,4.00,150.00,1.00,16.00,0.00,2.00,3.00,1.00,26.00,102.00,11.00,53.00,0.00,116.00,361.00,21.00,238.00,79.00,-1.2992583513259888,0.35087624192237854,0.6239680647850037,-1.897381067276001,0.6091448664665222,0.8972111344337463,-1.4015840291976929,0.6511251926422119,0.8566490411758423,-1.7114381790161133,0.5764776468276978,0.8863051533699036,14_Jun_2023_08:31
1.00,64.00,0.00,3.00,94.00,3.00,471.00,2.00,5.00,122.00,10.00,51.00,0.00,49.00,2.00,128.00,1.00,87.00,2.00,7.00,4.00,2.00,28.00,69.00,15.00,71.00,1.00,113.00,303.00,20.00,265.00,69.00,-1.300963044166565,0.3512773811817169,0.6234753131866455,-1.9007657766342163,0.6032896041870117,0.8949713706970215,-1.4039912223815918,0.6495972275733948,0.8577267527580261,-1.7145432233810425,0.5728467702865601,0.8856132626533508,14_Jun_2023_08:31
2.00,72.00,2.00,2.00,99.00,3.00,436.00,0.00,14.00,138.00,16.00,60.00,0.00,48.00,2.00,147.00,0.00,159.00,0.00,6.00,10.00,0.00,21.00,88.00,12.00,51.00,2.00,120.00,260.00,17.00,267.00,79.00,-1.298909068107605,0.3517555594444275,0.6254592537879944,-1.9070868492126465,0.6057541966438293,0.8594757318496704,-1.4052232503890991,0.648906946182251,0.8612459897994995,-1.7212326526641846,0.5725370049476624,0.8670312166213989,14_Jun_2023_08:31
0.00,91.00,1.00,0.00,119.00,11.00,380.00,6.00,10.00,218.00,4.00,68.00,0.00,44.00,2.00,151.00,3.00,184.00,3.00,10.00,18.00,1.00,22.00,94.00,12.00,63.00,1.00,119.00,230.00,20.00,281.00,76.00,-1.296434760093689,0.3516785800457001,0.6294429898262024,-1.9071273803710938,0.610235333442688,0.7796177864074707,-1.4059840440750122,0.6467903256416321,0.8641653060913086,-1.7271374464035034,0.573542594909668,0.8239286541938782,14_Jun_2023_08:31
2.00,42.00,3.00,1.00,120.00,2.00,300.00,5.00,14.00,164.00,7.00,59.00,0.00,52.00,3.00,112.00,0.00,225.00,1.00,9.00,17.00,1.00,28.00,102.00,29.00,156.00,5.00,166.00,234.00,31.00,263.00,87.00,-1.2948112487792969,0.35197556018829346,0.6340318918228149,-1.889391303062439,0.6116576790809631,0.6799637079238892,-1.408287525177002,0.6448395252227783,0.866878867149353,-1.7258760929107666,0.5769452452659607,0.7678765654563904,14_Jun_2023_08:31
0.00,76.00,2.00,2.00,96.00,4.00,275.00,0.00,15.00,147.00,4.00,59.00,1.00,57.00,3.00,71.00,2.00,212.00,2.00,14.00,12.00,2.00,24.00,87.00,35.00,200.00,4.00,201.00,209.00,38.00,180.00,103.00,-1.2954869270324707,0.3530533015727997,0.6383613348007202,-1.8451799154281616,0.6094774603843689,0.5806650519371033,-1.4122880697250366,0.6432198882102966,0.8710121512413025,-1.709498643875122,0.5749413967132568,0.708074152469635,14_Jun_2023_08:31
1.00,115.00,1.00,1.00,91.00,3.00,273.00,2.00,5.00,147.00,2.00,56.00,0.00,47.00,6.00,68.00,0.00,98.00,5.00,14.00,17.00,1.00,24.00,89.00,21.00,189.00,11.00,227.00,224.00,55.00,135.00,148.00,-1.2932709455490112,0.3538641929626465,0.6437338590621948,-1.7780437469482422,0.601007878780365,0.49483180046081543,-1.4164713621139526,0.6431374549865723,0.8740367293357849,-1.6786186695098877,0.5690604448318481,0.6535883545875549,14_Jun_2023_08:31
0.00,96.00,0.00,3.00,64.00,2.00,323.00,51.00,4.00,178.00,2.00,66.00,1.00,63.00,4.00,77.00,0.00,75.00,16.00,17.00,30.00,1.00,31.00,104.00,31.00,187.00,27.00,245.00,247.00,78.00,121.00,117.00,-1.2920774221420288,0.35466015338897705,0.6481749415397644,-1.6903356313705444,0.5848296284675598,0.42691412568092346,-1.4222606420516968,0.6411973834037781,0.8735536336898804,-1.6360392570495605,0.5600278973579407,0.6077756881713867,14_Jun_2023_08:31
0.00,141.00,0.00,14.00,85.00,10.00,391.00,41.00,6.00,208.00,40.00,68.00,0.00,55.00,3.00,94.00,4.00,65.00,19.00,36.00,29.00,0.00,27.00,84.00,32.00,235.00,57.00,282.00,260.00,70.00,95.00,147.00,-1.2896839380264282,0.3554760217666626,0.6509079337120056,-1.5893734693527222,0.5708155035972595,0.3852674663066864,-1.427760124206543,0.6397523283958435,0.8714043498039246,-1.5871155261993408,0.5525525808334351,0.5755163431167603,14_Jun_2023_08:31
1.00,147.00,0.00,22.00,0.00,10.00,494.00,81.00,41.00,244.00,38.00,76.00,0.00,58.00,5.00,91.00,1.00,57.00,29.00,43.00,35.00,0.00,28.00,92.00,37.00,210.00,24.00,316.00,253.00,141.00,93.00,150.00,-1.2843395471572876,0.3563601076602936,0.6534376740455627,-1.4939024448394775,0.552170991897583,0.37049975991249084,-1.432604193687439,0.6382360458374023,0.8688734173774719,-1.538943886756897,0.5408095717430115,0.5560373663902283,14_Jun_2023_08:31
0.00,113.00,0.00,18.00,1.00,1.00,630.00,41.00,13.00,225.00,15.00,75.00,0.00,58.00,4.00,100.00,1.00,52.00,16.00,19.00,47.00,0.00,33.00,94.00,37.00,213.00,29.00,297.00,263.00,141.00,102.00,179.00,-1.2763702869415283,0.35786330699920654,0.6546760201454163,-1.4239789247512817,0.536333441734314,0.37214747071266174,-1.435573935508728,0.6369855999946594,0.8674616813659668,-1.50058913230896,0.5307802557945251,0.5473471283912659,14_Jun_2023_08:31
1.00,112.00,0.00,15.00,2.00,2.00,626.00,1.00,2.00,227.00,36.00,67.00,1.00,50.00,3.00,99.00,4.00,69.00,29.00,18.00,47.00,1.00,33.00,77.00,33.00,180.00,50.00,310.00,251.00,109.00,99.00,140.00,-1.2718619108200073,0.35872146487236023,0.6557331085205078,-1.3819401264190674,0.5201036334037781,0.38060644268989563,-1.4367561340332031,0.6353785991668701,0.8668866753578186,-1.4793676137924194,0.5195422172546387,0.5453370809555054,14_Jun_2023_08:31
1.00,130.00,0.00,25.00,164.00,3.00,576.00,2.00,12.00,203.00,49.00,65.00,0.00,52.00,5.00,81.00,6.00,102.00,20.00,23.00,51.00,3.00,39.00,58.00,72.00,155.00,69.00,288.00,258.00,112.00,110.00,118.00,-1.271106243133545,0.3588885962963104,0.6560367345809937,-1.363088607788086,0.4837114214897156,0.39437323808670044,-1.4372661113739014,0.6324961185455322,0.865903913974762,-1.4727455377578735,0.48981142044067383,0.5499302744865417,14_Jun_2023_08:31
0.00,136.00,5.00,5.00,152.00,4.00,523.00,2.00,16.00,173.00,26.00,59.00,1.00,50.00,4.00,80.00,3.00,58.00,23.00,21.00,56.00,3.00,48.00,40.00,73.00,140.00,68.00,227.00,232.00,88.00,115.00,90.00,-1.2700777053833008,0.3583385944366455,0.6579147577285767,-1.3715249300003052,0.41938167810440063,0.40120968222618103,-1.4368263483047485,0.6317252516746521,0.863282322883606,-1.4752565622329712,0.4500725269317627,0.5572360754013062,14_Jun_2023_08:31
1.00,96.00,2.00,2.00,136.00,2.00,427.00,2.00,35.00,148.00,69.00,58.00,0.00,50.00,6.00,63.00,9.00,75.00,11.00,11.00,65.00,1.00,42.00,33.00,74.00,98.00,59.00,176.00,207.00,76.00,114.00,54.00,-1.2690058946609497,0.3569423258304596,0.6585496664047241,-1.396344780921936,0.34350472688674927,0.42241355776786804,-1.4364604949951172,0.6317043900489807,0.8595096468925476,-1.4914703369140625,0.4045349359512329,0.5740296244621277,14_Jun_2023_08:31
1.00,96.00,2.00,2.00,107.00,1.00,430.00,1.00,68.00,154.00,113.00,58.00,0.00,39.00,4.00,57.00,4.00,122.00,16.00,0.00,69.00,3.00,40.00,18.00,77.00,88.00,55.00,157.00,171.00,68.00,126.00,40.00,-1.2707326412200928,0.3556097745895386,0.6570432186126709,-1.4144647121429443,0.2611989676952362,0.469830185174942,-1.438571810722351,0.631144642829895,0.8568690419197083,-1.505663275718689,0.36518052220344543,0.6002072095870972,14_Jun_2023_08:31
3.00,47.00,5.00,2.00,115.00,5.00,391.00,1.00,80.00,159.00,96.00,57.00,1.00,48.00,3.00,60.00,15.00,85.00,30.00,8.00,72.00,0.00,38.00,18.00,77.00,82.00,44.00,139.00,219.00,45.00,144.00,28.00,-1.27277672290802,0.354248970746994,0.6547276973724365,-1.433141827583313,0.19989408552646637,0.5305526256561279,-1.4415230751037598,0.6308879256248474,0.854216456413269,-1.5225809812545776,0.33079954981803894,0.6355236768722534,14_Jun_2023_08:31
1.00,56.00,2.00,3.00,96.00,20.00,389.00,2.00,159.00,155.00,67.00,57.00,0.00,48.00,6.00,64.00,7.00,28.00,15.00,10.00,78.00,3.00,43.00,10.00,79.00,92.00,30.00,131.00,215.00,50.00,136.00,26.00,-1.2748054265975952,0.35370880365371704,0.6541255712509155,-1.4606168270111084,0.16666126251220703,0.5744147300720215,-1.4466272592544556,0.6290380358695984,0.8522241711616516,-1.5456629991531372,0.30826839804649353,0.6669648885726929,14_Jun_2023_08:31
1.00,108.00,1.00,2.00,89.00,14.00,298.00,3.00,102.00,152.00,38.00,57.00,0.00,49.00,2.00,56.00,4.00,68.00,19.00,10.00,76.00,0.00,44.00,17.00,79.00,112.00,38.00,142.00,203.00,86.00,133.00,26.00,-1.2736217975616455,0.354667991399765,0.6552183032035828,-1.476263403892517,0.15277108550071716,0.6009425520896912,-1.4505239725112915,0.6289135813713074,0.8525851368904114,-1.5562632083892822,0.3010636568069458,0.6870405673980713,14_Jun_2023_08:31
1.00,106.00,1.00,1.00,94.00,6.00,329.00,4.00,71.00,157.00,86.00,63.00,0.00,49.00,3.00,64.00,4.00,68.00,30.00,16.00,86.00,0.00,41.00,21.00,81.00,189.00,40.00,153.00,214.00,95.00,134.00,57.00,-1.2725805044174194,0.3548211455345154,0.6572248339653015,-1.4688491821289062,0.1504691243171692,0.5910751223564148,-1.4521061182022095,0.6275700926780701,0.8524940609931946,-1.5472064018249512,0.3000662624835968,0.6776275038719177,14_Jun_2023_08:31
1.00,91.00,0.00,2.00,97.00,8.00,331.00,3.00,52.00,184.00,56.00,63.00,0.00,56.00,7.00,69.00,4.00,72.00,44.00,13.00,100.00,1.00,42.00,28.00,70.00,194.00,38.00,172.00,222.00,123.00,133.00,77.00,-1.2721055746078491,0.35457807779312134,0.6599750518798828,-1.4527623653411865,0.18576423823833466,0.5408039689064026,-1.4492857456207275,0.6300737857818604,0.8535478115081787,-1.5370432138442993,0.32363149523735046,0.6408283710479736,14_Jun_2023_08:31
1.00,92.00,2.00,1.00,80.00,16.00,315.00,0.00,34.00,201.00,44.00,66.00,0.00,56.00,4.00,68.00,9.00,89.00,24.00,17.00,99.00,0.00,38.00,33.00,43.00,144.00,35.00,198.00,236.00,111.00,139.00,106.00,-1.2710697650909424,0.35448840260505676,0.6628538966178894,-1.445919394493103,0.266406387090683,0.46342015266418457,-1.446005940437317,0.6320300102233887,0.855566143989563,-1.535324215888977,0.37074124813079834,0.5945977568626404,14_Jun_2023_08:31
1.00,167.00,1.00,1.00,82.00,18.00,239.00,4.00,11.00,168.00,47.00,60.00,0.00,57.00,6.00,82.00,0.00,38.00,6.00,17.00,83.00,0.00,35.00,46.00,60.00,140.00,19.00,219.00,238.00,120.00,178.00,110.00,-1.2694964408874512,0.35479703545570374,0.6647111773490906,-1.447088360786438,0.379454106092453,0.4002900719642639,-1.4417881965637207,0.6353855729103088,0.8571798205375671,-1.5360873937606812,0.4421353340148926,0.5561368465423584,14_Jun_2023_08:31
0.00,158.00,0.00,1.00,1.00,11.00,249.00,348.00,16.00,187.00,10.00,62.00,0.00,56.00,2.00,99.00,1.00,31.00,0.00,16.00,66.00,2.00,26.00,78.00,22.00,134.00,12.00,267.00,299.00,92.00,227.00,126.00,-1.2674579620361328,0.3557458221912384,0.6637619733810425,-1.4627548456192017,0.49332529306411743,0.37091556191444397,-1.4373912811279297,0.6380566358566284,0.8600303530693054,-1.5442241430282593,0.5101876258850098,0.542151927947998,14_Jun_2023_08:31
1.00,130.00,1.00,0.00,0.00,4.00,246.00,181.00,6.00,158.00,1.00,58.00,1.00,53.00,3.00,115.00,3.00,67.00,2.00,6.00,22.00,1.00,20.00,97.00,40.00,129.00,5.00,262.00,289.00,73.00,246.00,129.00,-1.2651649713516235,0.3568466305732727,0.6609130501747131,-1.5047274827957153,0.6000565886497498,0.3769415616989136,-1.4325815439224243,0.6398597359657288,0.8628621101379395,-1.5685170888900757,0.5721213817596436,0.5521475076675415,14_Jun_2023_08:31
2.00,95.00,0.00,3.00,0.00,2.00,303.00,42.00,6.00,168.00,3.00,62.00,0.00,48.00,8.00,141.00,5.00,3.00,0.00,0.00,26.00,1.00,27.00,88.00,27.00,133.00,3.00,238.00,319.00,52.00,249.00,137.00,-1.2648003101348877,0.3576507568359375,0.6554364562034607,-1.5750552415847778,0.6779053211212158,0.3988589942455292,-1.4283713102340698,0.641545295715332,0.8651653528213501,-1.5997140407562256,0.6193020343780518,0.5781679749488831,14_Jun_2023_08:31
1.00,73.00,1.00,1.00,1.00,3.00,299.00,57.00,5.00,212.00,2.00,69.00,0.00,46.00,3.00,140.00,3.00,8.00,0.00,2.00,10.00,0.00,25.00,72.00,19.00,144.00,2.00,193.00,341.00,36.00,191.00,118.00,-1.2675062417984009,0.3579019010066986,0.6489049792289734,-1.6524477005004883,0.7157152891159058,0.43536707758903503,-1.422857642173767,0.6434939503669739,0.8641369938850403,-1.6321055889129639,0.643199622631073,0.6107850074768066,14_Jun_2023_08:31
2.00,39.00,2.00,3.00,1.00,8.00,321.00,10.00,9.00,237.00,4.00,70.00,0.00,55.00,2.00,130.00,0.00,29.00,0.00,3.00,10.00,2.00,24.00,43.00,41.00,125.00,3.00,160.00,320.00,32.00,177.00,121.00,-1.270597219467163,0.35688963532447815,0.6433318257331848,-1.7281715869903564,0.7248075604438782,0.4863622784614563,-1.4183248281478882,0.6460748910903931,0.8608741164207458,-1.6664116382598877,0.6504942178726196,0.6514007449150085,14_Jun_2023_08:31
1.00,57.00,2.00,1.00,94.00,0.00,325.00,2.00,13.00,242.00,4.00,76.00,1.00,62.00,2.00,118.00,2.00,45.00,1.00,4.00,11.00,0.00,25.00,35.00,29.00,125.00,3.00,190.00,276.00,28.00,178.00,75.00,-1.2744261026382446,0.35536932945251465,0.6393554210662842,-1.7925405502319336,0.7040548324584961,0.5428610444068909,-1.414182186126709,0.6465908885002136,0.8601986169815063,-1.694011926651001,0.6335439085960388,0.6907028555870056,14_Jun_2023_08:31
4.00,89.00,1.00,1.00,80.00,3.00,316.00,0.00,17.00,184.00,4.00,62.00,0.00,62.00,2.00,116.00,0.00,73.00,1.00,9.00,12.00,1.00,33.00,44.00,47.00,103.00,4.00,194.00,248.00,27.00,158.00,57.00,-1.2751859426498413,0.3538510203361511,0.6378290057182312,-1.834816336631775,0.6364096403121948,0.5841984152793884,-1.4111294746398926,0.6453942060470581,0.8587270379066467,-1.7125953435897827,0.5895411372184753,0.7225102186203003,14_Jun_2023_08:31
2.00,67.00,3.00,2.00,50.00,7.00,295.00,1.00,9.00,153.00,1.00,56.00,1.00,54.00,2.00,88.00,1.00,87.00,0.00,7.00,19.00,1.00,33.00,18.00,40.00,97.00,14.00,176.00,196.00,25.00,151.00,56.00,-1.2737486362457275,0.35266947746276855,0.6385302543640137,-1.848339319229126,0.5486363768577576,0.6100497841835022,-1.4106760025024414,0.6433932185173035,0.8589261770248413,-1.7191240787506104,0.5342023968696594,0.7466832399368286,14_Jun_2023_08:31
0.00,73.00,2.00,4.00,61.00,6.00,285.00,1.00,75.00,138.00,11.00,57.00,1.00,52.00,2.00,87.00,1.00,115.00,7.00,13.00,44.00,0.00,36.00,27.00,36.00,89.00,7.00,154.00,191.00,29.00,141.00,57.00,-1.2734168767929077,0.3519950807094574,0.6399960517883301,-1.8347289562225342,0.4575413465499878,0.6156406998634338,-1.4121546745300293,0.640929102897644,0.8593811392784119,-1.7117688655853271,0.4793674647808075,0.7544218897819519,14_Jun_2023_08:31
1.00,79.00,2.00,0.00,72.00,1.00,251.00,0.00,64.00,125.00,8.00,54.00,3.00,48.00,1.00,63.00,0.00,106.00,7.00,13.00,38.00,1.00,38.00,31.00,41.00,58.00,33.00,144.00,198.00,29.00,125.00,71.00,-1.2737977504730225,0.35209813714027405,0.6421223282814026,-1.8080703020095825,0.3806270360946655,0.6004900336265564,-1.4151479005813599,0.6378235816955566,0.860497236251831,-1.6973328590393066,0.43614494800567627,0.7416207194328308,14_Jun_2023_08:31
1.00,80.00,0.00,1.00,49.00,2.00,241.00,0.00,51.00,121.00,5.00,50.00,3.00,53.00,7.00,69.00,1.00,50.00,13.00,7.00,48.00,0.00,43.00,29.00,48.00,76.00,33.00,155.00,219.00,39.00,127.00,81.00,-1.2739238739013672,0.35224053263664246,0.6454811692237854,-1.7537137269973755,0.3170524537563324,0.5603623390197754,-1.4218379259109497,0.6354653239250183,0.8601915836334229,-1.6724401712417603,0.3992239534854889,0.7084405422210693,14_Jun_2023_08:31
0.00,66.00,2.00,1.00,64.00,10.00,265.00,5.00,60.00,129.00,64.00,55.00,0.00,55.00,6.00,76.00,5.00,67.00,12.00,15.00,72.00,0.00,41.00,31.00,82.00,70.00,35.00,170.00,224.00,87.00,127.00,80.00,-1.2723463773727417,0.3522007465362549,0.6491613984107971,-1.6810622215270996,0.2719089388847351,0.5219342708587646,-1.4297618865966797,0.6335974931716919,0.8570013046264648,-1.6365834474563599,0.3685556650161743,0.6761960387229919,14_Jun_2023_08:31
0.00,78.00,1.00,2.00,99.00,1.00,318.00,1.00,68.00,182.00,51.00,64.00,1.00,55.00,6.00,78.00,3.00,99.00,8.00,44.00,174.00,1.00,43.00,28.00,79.00,106.00,69.00,178.00,220.00,77.00,141.00,94.00,-1.2693287134170532,0.3520680367946625,0.652529239654541,-1.590820550918579,0.2499474436044693,0.49042364954948425,-1.4366698265075684,0.6322082281112671,0.8506117463111877,-1.5960474014282227,0.34949159622192383,0.6476280093193054,14_Jun_2023_08:31
1.00,48.00,0.00,1.00,98.00,4.00,376.00,0.00,68.00,153.00,83.00,57.00,0.00,55.00,8.00,77.00,9.00,123.00,16.00,31.00,294.00,1.00,42.00,26.00,78.00,126.00,48.00,183.00,235.00,61.00,153.00,80.00,-1.2651463747024536,0.35214734077453613,0.656671941280365,-1.5048198699951172,0.2568669617176056,0.45846647024154663,-1.4408420324325562,0.6320494413375854,0.8448581695556641,-1.5559996366500854,0.3528653085231781,0.610166609287262,14_Jun_2023_08:31
0.00,65.00,0.00,0.00,103.00,3.00,370.00,0.00,63.00,195.00,87.00,66.00,1.00,55.00,5.00,80.00,0.00,137.00,16.00,20.00,289.00,1.00,43.00,35.00,47.00,124.00,42.00,177.00,243.00,63.00,160.00,108.00,-1.2587692737579346,0.3523270785808563,0.6608824133872986,-1.4372475147247314,0.2842910885810852,0.4409583508968353,-1.4416381120681763,0.6324147582054138,0.8422474265098572,-1.5278294086456299,0.37437742948532104,0.5779136419296265,14_Jun_2023_08:31
1.00,105.00,0.00,1.00,105.00,5.00,398.00,5.00,49.00,187.00,56.00,57.00,2.00,59.00,6.00,83.00,9.00,172.00,18.00,20.00,23.00,2.00,36.00,61.00,30.00,120.00,29.00,238.00,258.00,108.00,143.00,130.00,-1.2579936981201172,0.3530288636684418,0.6628895401954651,-1.3967554569244385,0.34400317072868347,0.41443872451782227,-1.4390956163406372,0.6348026394844055,0.844693660736084,-1.5052745342254639,0.4209080636501312,0.548409640789032,14_Jun_2023_08:31
0.00,148.00,1.00,2.00,1.00,31.00,418.00,1.00,12.00,185.00,40.00,63.00,0.00,72.00,9.00,90.00,1.00,155.00,10.00,18.00,27.00,0.00,34.00,92.00,29.00,101.00,8.00,215.00,250.00,135.00,173.00,134.00,-1.2590645551681519,0.35426539182662964,0.663428544998169,-1.3821895122528076,0.4337734282016754,0.386849045753479,-1.4362000226974487,0.6359220147132874,0.8518409729003906,-1.4946433305740356,0.48437443375587463,0.5316381454467773,14_Jun_2023_08:31
1.00,124.00,0.00,2.00,0.00,21.00,339.00,25.00,12.00,172.00,15.00,59.00,1.00,69.00,4.00,93.00,10.00,199.00,4.00,17.00,22.00,5.00,22.00,88.00,42.00,75.00,3.00,196.00,233.00,116.00,184.00,160.00,-1.2585022449493408,0.35492458939552307,0.6636387705802917,-1.3930606842041016,0.5252817869186401,0.3717600405216217,-1.4333997964859009,0.6362178921699524,0.8567916750907898,-1.4995604753494263,0.5424084067344666,0.5288665294647217,14_Jun_2023_08:31
2.00,88.00,0.00,1.00,2.00,4.00,277.00,68.00,4.00,166.00,6.00,61.00,0.00,47.00,3.00,119.00,7.00,213.00,1.00,14.00,12.00,1.00,25.00,102.00,38.00,69.00,2.00,196.00,283.00,73.00,203.00,159.00,-1.258406400680542,0.35480958223342896,0.662426769733429,-1.4382842779159546,0.6017267107963562,0.36673617362976074,-1.4294575452804565,0.6384690999984741,0.8617545366287231,-1.5214916467666626,0.5872561931610107,0.5375681519508362,14_Jun_2023_08:31
0.00,69.00,2.00,1.00,1.00,2.00,270.00,57.00,2.00,169.00,3.00,63.00,1.00,53.00,2.00,126.00,2.00,106.00,0.00,2.00,8.00,4.00,24.00,95.00,31.00,59.00,7.00,169.00,333.00,43.00,205.00,119.00,-1.2590221166610718,0.35484427213668823,0.659660816192627,-1.510303020477295,0.6459458470344543,0.3723953366279602,-1.42439603805542,0.6404116153717041,0.8644943833351135,-1.5573899745941162,0.6136471629142761,0.5551588535308838,14_Jun_2023_08:31
2.00,87.00,0.00,2.00,1.00,1.00,297.00,53.00,7.00,184.00,3.00,63.00,1.00,52.00,1.00,155.00,8.00,49.00,1.00,7.00,12.00,0.00,20.00,104.00,13.00,57.00,7.00,156.00,335.00,28.00,222.00,115.00,-1.2609386444091797,0.3550662696361542,0.6554253697395325,-1.5977903604507446,0.6673386096954346,0.3968507647514343,-1.4185253381729126,0.6422343850135803,0.8663444519042969,-1.6004503965377808,0.623762845993042,0.5834516286849976,14_Jun_2023_08:31
2.00,48.00,0.00,5.00,1.00,3.00,323.00,53.00,10.00,199.00,4.00,64.00,1.00,50.00,3.00,160.00,6.00,16.00,0.00,1.00,5.00,0.00,37.00,105.00,9.00,57.00,1.00,122.00,413.00,23.00,221.00,88.00,-1.2638945579528809,0.3551699221134186,0.6506926417350769,-1.692226767539978,0.6719865798950195,0.44506824016571045,-1.4126806259155273,0.6438663005828857,0.8678321838378906,-1.6456336975097656,0.62336665391922,0.6244209408760071,14_Jun_2023_08:31
1.00,56.00,0.00,1.00,1.00,3.00,349.00,20.00,8.00,187.00,1.00,62.00,3.00,56.00,5.00,194.00,7.00,12.00,0.00,14.00,14.00,0.00,19.00,95.00,10.00,57.00,2.00,116.00,391.00,13.00,195.00,92.00,-1.2684224843978882,0.35450226068496704,0.6456159353256226,-1.7751725912094116,0.6729530096054077,0.5178864002227783,-1.4078879356384277,0.6465643048286438,0.8673601150512695,-1.683691143989563,0.6208078265190125,0.6771731972694397,14_Jun_2023_08:31
2.00,59.00,1.00,1.00,101.00,6.00,406.00,4.00,38.00,206.00,4.00,68.00,3.00,47.00,3.00,182.00,6.00,8.00,2.00,4.00,9.00,0.00,18.00,114.00,10.00,42.00,1.00,96.00,407.00,20.00,191.00,96.00,-1.2741925716400146,0.3539017140865326,0.6402018666267395,-1.8364297151565552,0.674501895904541,0.607762336730957,-1.4054293632507324,0.6488419771194458,0.8652514219284058,-1.7078042030334473,0.6173073053359985,0.736409604549408,14_Jun_2023_08:31
4.00,50.00,7.00,1.00,68.00,8.00,436.00,2.00,31.00,177.00,1.00,62.00,0.00,51.00,3.00,189.00,8.00,17.00,1.00,4.00,9.00,0.00,17.00,115.00,9.00,42.00,1.00,105.00,436.00,22.00,177.00,122.00,-1.2802259922027588,0.35385388135910034,0.6353097558021545,-1.8787150382995605,0.6722400188446045,0.7043774127960205,-1.4052163362503052,0.6507877707481384,0.8636007308959961,-1.719050645828247,0.6154853105545044,0.7917928099632263,14_Jun_2023_08:31
0.00,35.00,1.00,1.00,67.00,8.00,454.00,0.00,24.00,120.00,5.00,51.00,1.00,55.00,2.00,202.00,4.00,8.00,0.00,2.00,10.00,0.00,12.00,114.00,7.00,72.00,0.00,72.00,455.00,9.00,170.00,124.00,-1.2879220247268677,0.35445794463157654,0.6307441592216492,-1.896331548690796,0.6668930649757385,0.7996034622192383,-1.4057773351669312,0.6518775820732117,0.8628263473510742,-1.7198989391326904,0.6103264093399048,0.8422399163246155,14_Jun_2023_08:31
2.00,48.00,1.00,1.00,44.00,7.00,457.00,1.00,3.00,99.00,5.00,48.00,1.00,59.00,3.00,157.00,2.00,14.00,0.00,12.00,11.00,0.00,12.00,62.00,8.00,87.00,0.00,73.00,439.00,8.00,155.00,110.00,-1.296059012413025,0.35445404052734375,0.6276007294654846,-1.8976484537124634,0.6509326696395874,0.881289005279541,-1.4060068130493164,0.6521626114845276,0.8650193810462952,-1.7147243022918701,0.6008662581443787,0.8837506175041199,14_Jun_2023_08:31
0.00,50.00,0.00,3.00,55.00,18.00,450.00,4.00,1.00,124.00,8.00,53.00,0.00,45.00,3.00,138.00,5.00,36.00,0.00,9.00,10.00,0.00,13.00,51.00,9.00,29.00,1.00,65.00,314.00,13.00,154.00,92.00,-1.3024778366088867,0.35469335317611694,0.6267090439796448,-1.8958311080932617,0.6362811923027039,0.9211277365684509,-1.4051237106323242,0.6517170071601868,0.8695523738861084,-1.7118399143218994,0.5946479439735413,0.9067222476005554,14_Jun_2023_08:31
3.00,22.00,0.00,1.00,31.00,11.00,424.00,2.00,1.00,132.00,6.00,55.00,1.00,48.00,3.00,120.00,6.00,103.00,1.00,12.00,12.00,0.00,11.00,54.00,17.00,31.00,0.00,72.00,248.00,13.00,182.00,70.00,-1.302554726600647,0.3542323708534241,0.629208505153656,-1.898924708366394,0.6335213780403137,0.9079534411430359,-1.4045666456222534,0.6510891318321228,0.8730605840682983,-1.7146075963974,0.5924001336097717,0.9010314345359802,14_Jun_2023_08:31
1.00,33.00,2.00,1.00,61.00,3.00,414.00,2.00,3.00,146.00,6.00,56.00,1.00,49.00,3.00,117.00,4.00,136.00,1.00,6.00,12.00,2.00,15.00,47.00,15.00,40.00,3.00,70.00,251.00,14.00,199.00,74.00,-1.2967644929885864,0.35389387607574463,0.633966863155365,-1.9056888818740845,0.63239586353302,0.8530066609382629,-1.4047365188598633,0.650977373123169,0.8747326731681824,-1.7216025590896606,0.5920686721801758,0.8688927292823792,14_Jun_2023_08:31
5.00,35.00,1.00,1.00,70.00,21.00,340.00,0.00,5.00,149.00,8.00,57.00,1.00,47.00,2.00,82.00,2.00,174.00,2.00,10.00,11.00,0.00,22.00,49.00,30.00,72.00,1.00,103.00,225.00,12.00,230.00,77.00,-1.291881799697876,0.3536633849143982,0.6389639377593994,-1.9047960042953491,0.6320580840110779,0.7665414214134216,-1.4074262380599976,0.6494660973548889,0.8752018809318542,-1.7272396087646484,0.5927441120147705,0.819522500038147,14_Jun_2023_08:31
2.00,37.00,2.00,0.00,77.00,6.00,304.00,1.00,8.00,133.00,7.00,52.00,0.00,60.00,10.00,91.00,4.00,189.00,1.00,5.00,7.00,1.00,19.00,42.00,35.00,101.00,0.00,123.00,255.00,20.00,243.00,85.00,-1.2876306772232056,0.35350239276885986,0.6441035866737366,-1.8827539682388306,0.6347892880439758,0.6655449271202087,-1.4125115871429443,0.6477994918823242,0.8745350241661072,-1.7235958576202393,0.5969958305358887,0.7612369060516357,14_Jun_2023_08:31
2.00,81.00,2.00,2.00,1.00,1.00,279.00,0.00,7.00,122.00,3.00,54.00,0.00,65.00,3.00,75.00,5.00,224.00,1.00,16.00,10.00,0.00,19.00,46.00,43.00,110.00,2.00,192.00,264.00,15.00,184.00,128.00,-1.2854423522949219,0.3544468283653259,0.6486170887947083,-1.8380199670791626,0.6328723430633545,0.5707777142524719,-1.417485237121582,0.6462427973747253,0.876741886138916,-1.706619143486023,0.5955438017845154,0.702467143535614,14_Jun_2023_08:31
0.00,96.00,1.00,0.00,1.00,3.00,264.00,0.00,3.00,136.00,1.00,53.00,2.00,50.00,4.00,80.00,2.00,217.00,1.00,12.00,7.00,0.00,18.00,84.00,48.00,140.00,2.00,186.00,266.00,36.00,152.00,112.00,-1.2848515510559082,0.3548559248447418,0.6528415679931641,-1.7709698677062988,0.6216635704040527,0.4873224198818207,-1.4221688508987427,0.6445522904396057,0.877547025680542,-1.6754378080368042,0.588618278503418,0.6486191749572754,14_Jun_2023_08:31
4.00,93.00,2.00,2.00,103.00,6.00,270.00,57.00,2.00,134.00,1.00,55.00,0.00,56.00,3.00,84.00,0.00,195.00,8.00,35.00,7.00,2.00,23.00,85.00,49.00,165.00,17.00,251.00,272.00,104.00,133.00,146.00,-1.2845770120620728,0.3551129698753357,0.6559610962867737,-1.683961033821106,0.6037274599075317,0.422376424074173,-1.4273409843444824,0.6432875394821167,0.8764664530754089,-1.6340951919555664,0.578528106212616,0.6048943400382996,14_Jun_2023_08:31
2.00,60.00,1.00,0.00,68.00,11.00,378.00,58.00,2.00,177.00,7.00,60.00,0.00,53.00,1.00,95.00,0.00,93.00,25.00,27.00,14.00,2.00,28.00,122.00,36.00,177.00,22.00,201.00,309.00,146.00,108.00,205.00,-1.2831408977508545,0.3555523455142975,0.657425045967102,-1.5971094369888306,0.5778515934944153,0.3832632899284363,-1.4331763982772827,0.6403222680091858,0.8723266124725342,-1.591262936592102,0.5619171261787415,0.573760986328125,14_Jun_2023_08:31
1.00,71.00,0.00,33.00,85.00,14.00,452.00,71.00,4.00,224.00,29.00,68.00,0.00,71.00,1.00,97.00,0.00,89.00,6.00,25.00,24.00,0.00,38.00,131.00,40.00,166.00,37.00,246.00,307.00,179.00,115.00,214.00,-1.2813678979873657,0.3563348054885864,0.657201886177063,-1.5078126192092896,0.5417120456695557,0.3665761351585388,-1.437867283821106,0.6381754279136658,0.8682711124420166,-1.54542875289917,0.5402565002441406,0.554112434387207,14_Jun_2023_08:31
2.00,106.00,0.00,4.00,1.00,25.00,534.00,71.00,2.00,240.00,47.00,72.00,1.00,61.00,1.00,105.00,3.00,102.00,6.00,25.00,30.00,0.00,52.00,133.00,48.00,210.00,61.00,263.00,311.00,164.00,126.00,235.00,-1.278478741645813,0.35671094059944153,0.6567737460136414,-1.419363260269165,0.4967535436153412,0.3710111081600189,-1.4417225122451782,0.6345141530036926,0.861230731010437,-1.5020718574523926,0.5102416276931763,0.543036699295044,14_Jun_2023_08:31
1.00,82.00,1.00,13.00,2.00,5.00,650.00,3.00,2.00,202.00,45.00,67.00,0.00,65.00,0.00,104.00,1.00,117.00,21.00,40.00,39.00,2.00,35.00,136.00,46.00,181.00,47.00,220.00,317.00,155.00,128.00,273.00,-1.273377537727356,0.3563024401664734,0.6565458178520203,-1.3595399856567383,0.4674067497253418,0.38345834612846375,-1.4433413743972778,0.6332530379295349,0.8537458181381226,-1.47055983543396,0.49046075344085693,0.5376357436180115,14_Jun_2023_08:31
1.00,120.00,1.00,19.00,1.00,8.00,606.00,1.00,4.00,208.00,88.00,69.00,0.00,59.00,2.00,99.00,1.00,140.00,23.00,46.00,46.00,2.00,35.00,157.00,45.00,208.00,41.00,215.00,303.00,134.00,136.00,219.00,-1.2713124752044678,0.35655561089515686,0.6543712019920349,-1.3187004327774048,0.4381953775882721,0.4082167446613312,-1.441595196723938,0.6334458589553833,0.8527001738548279,-1.4494330883026123,0.4780937731266022,0.5424706339836121,14_Jun_2023_08:31
0.00,95.00,2.00,15.00,0.00,5.00,505.00,0.00,6.00,197.00,40.00,64.00,0.00,57.00,2.00,94.00,1.00,147.00,22.00,47.00,51.00,1.00,35.00,120.00,43.00,164.00,43.00,162.00,278.00,86.00,128.00,160.00,-1.2722148895263672,0.35620105266571045,0.6531976461410522,-1.3220901489257812,0.43432140350341797,0.4107581675052643,-1.4399583339691162,0.6319626569747925,0.853245735168457,-1.4531114101409912,0.4740602672100067,0.5447497963905334,14_Jun_2023_08:31
1.00,95.00,2.00,3.00,143.00,2.00,403.00,1.00,6.00,154.00,30.00,58.00,1.00,55.00,1.00,105.00,1.00,114.00,28.00,20.00,35.00,2.00,33.00,117.00,35.00,99.00,40.00,110.00,274.00,93.00,124.00,128.00,-1.2737923860549927,0.3563225567340851,0.6529216170310974,-1.3759067058563232,0.4603026807308197,0.3887695074081421,-1.4353967905044556,0.6334887742996216,0.8586453199386597,-1.4847338199615479,0.49175146222114563,0.542666494846344,14_Jun_2023_08:31
2.00,97.00,0.00,2.00,76.00,5.00,229.00,25.00,16.00,160.00,26.00,57.00,1.00,69.00,1.00,111.00,3.00,80.00,6.00,11.00,38.00,1.00,29.00,131.00,30.00,99.00,27.00,123.00,259.00,86.00,123.00,138.00,-1.2772353887557983,0.3568766713142395,0.6522200107574463,-1.4561103582382202,0.48574137687683105,0.375172883272171,-1.4306325912475586,0.6346057653427124,0.8650438785552979,-1.529432773590088,0.5071352124214172,0.5501556396484375,14_Jun_2023_08:31
0.00,67.00,1.00,1.00,64.00,2.00,238.00,0.00,10.00,183.00,10.00,64.00,1.00,50.00,2.00,109.00,3.00,68.00,11.00,32.00,37.00,2.00,28.00,113.00,27.00,120.00,5.00,117.00,299.00,57.00,163.00,75.00,-1.2814972400665283,0.3570233881473541,0.6502936482429504,-1.5510671138763428,0.5108231902122498,0.3818298578262329,-1.4240260124206543,0.6362572908401489,0.8711419105529785,-1.5803488492965698,0.5217613577842712,0.5700259804725647,14_Jun_2023_08:31
2.00,75.00,2.00,2.00,77.00,3.00,230.00,1.00,6.00,188.00,9.00,65.00,3.00,45.00,1.00,133.00,4.00,85.00,2.00,6.00,8.00,1.00,24.00,121.00,32.00,109.00,19.00,124.00,336.00,45.00,195.00,76.00,-1.2842388153076172,0.3571476638317108,0.647944986820221,-1.6399503946304321,0.5312121510505676,0.4085610806941986,-1.4196120500564575,0.6370323300361633,0.8734452724456787,-1.6267647743225098,0.5340635776519775,0.5985998511314392,14_Jun_2023_08:31
0.00,77.00,0.00,1.00,92.00,7.00,249.00,0.00,5.00,207.00,5.00,67.00,0.00,43.00,1.00,153.00,1.00,86.00,7.00,13.00,14.00,0.00,27.00,101.00,45.00,86.00,5.00,130.00,341.00,59.00,212.00,86.00,-1.286415696144104,0.35715019702911377,0.6445088982582092,-1.7213035821914673,0.5596355199813843,0.4537522792816162,-1.4154390096664429,0.6381045579910278,0.8744657635688782,-1.666149377822876,0.5505391955375671,0.6358164548873901,14_Jun_2023_08:31
1.00,74.00,0.00,1.00,80.00,1.00,265.00,1.00,9.00,206.00,5.00,66.00,1.00,46.00,0.00,168.00,3.00,59.00,1.00,11.00,5.00,0.00,26.00,97.00,35.00,77.00,6.00,121.00,334.00,26.00,218.00,63.00,-1.2881722450256348,0.35691648721694946,0.6403902173042297,-1.787927269935608,0.5846437811851501,0.5176356434822083,-1.410345435142517,0.640034556388855,0.8745514750480652,-1.6961369514465332,0.5623469352722168,0.6823190450668335,14_Jun_2023_08:31
0.00,61.00,0.00,0.00,75.00,1.00,263.00,1.00,2.00,209.00,4.00,72.00,3.00,47.00,0.00,170.00,5.00,34.00,1.00,2.00,7.00,0.00,26.00,101.00,24.00,80.00,4.00,102.00,390.00,8.00,230.00,75.00,-1.2908140420913696,0.3555331826210022,0.6364771127700806,-1.835768699645996,0.5973889827728271,0.5849934220314026,-1.4047428369522095,0.641879141330719,0.8727153539657593,-1.7125530242919922,0.5689733028411865,0.7270009517669678,14_Jun_2023_08:31
2.00,67.00,1.00,1.00,65.00,1.00,303.00,0.00,11.00,190.00,5.00,65.00,0.00,37.00,0.00,168.00,2.00,15.00,1.00,0.00,6.00,0.00,22.00,101.00,12.00,98.00,6.00,74.00,412.00,14.00,208.00,79.00,-1.2929468154907227,0.3538004457950592,0.632871687412262,-1.8712575435638428,0.6028074622154236,0.6597060561180115,-1.3998184204101562,0.6441428661346436,0.8701600432395935,-1.7207227945327759,0.5722374320030212,0.7713537812232971,14_Jun_2023_08:31
1.00,48.00,0.00,0.00,55.00,2.00,343.00,1.00,4.00,167.00,4.00,57.00,1.00,43.00,0.00,171.00,1.00,23.00,1.00,0.00,13.00,0.00,24.00,93.00,12.00,44.00,6.00,72.00,390.00,14.00,255.00,85.00,-1.2952970266342163,0.3518754243850708,0.6294180750846863,-1.8933846950531006,0.6059635877609253,0.7380643486976624,-1.3969180583953857,0.6462203860282898,0.8664069175720215,-1.7230597734451294,0.5741355419158936,0.8159905076026917,14_Jun_2023_08:31
1.00,41.00,1.00,2.00,65.00,1.00,391.00,2.00,9.00,169.00,2.00,59.00,0.00,39.00,3.00,195.00,3.00,21.00,1.00,1.00,8.00,0.00,26.00,96.00,15.00,50.00,3.00,71.00,412.00,11.00,222.00,88.00,-1.2982670068740845,0.350206196308136,0.6261450052261353,-1.9024782180786133,0.6081268191337585,0.8221921324729919,-1.3962558507919312,0.6478989720344543,0.8618617057800293,-1.718562364578247,0.5744544863700867,0.8550394177436829,14_Jun_2023_08:31
2.00,39.00,1.00,2.00,50.00,2.00,420.00,1.00,5.00,141.00,3.00,53.00,1.00,40.00,1.00,190.00,1.00,32.00,2.00,2.00,10.00,0.00,21.00,86.00,11.00,53.00,2.00,54.00,350.00,6.00,222.00,84.00,-1.301041841506958,0.34955161809921265,0.623248815536499,-1.8967642784118652,0.6114729046821594,0.8887463808059692,-1.3968698978424072,0.6496203541755676,0.8585230708122253,-1.7108665704727173,0.5756934285163879,0.8865772485733032,14_Jun_2023_08:31
1.00,42.00,0.00,1.00,41.00,16.00,404.00,2.00,6.00,151.00,2.00,56.00,0.00,37.00,1.00,194.00,1.00,48.00,3.00,4.00,7.00,1.00,20.00,71.00,15.00,51.00,3.00,55.00,345.00,7.00,208.00,81.00,-1.3059636354446411,0.3491247594356537,0.6216128468513489,-1.893936276435852,0.6059435606002808,0.9100064039230347,-1.3946906328201294,0.6496791839599609,0.8588687777519226,-1.7080464363098145,0.5737422704696655,0.8985410332679749,14_Jun_2023_08:31
1.00,44.00,0.00,2.00,58.00,7.00,407.00,1.00,2.00,170.00,3.00,61.00,1.00,51.00,4.00,192.00,2.00,83.00,3.00,2.00,11.00,1.00,19.00,60.00,14.00,48.00,8.00,60.00,288.00,20.00,198.00,76.00,-1.305551528930664,0.3492988646030426,0.6215457916259766,-1.8972481489181519,0.6018568873405457,0.8950747847557068,-1.3944685459136963,0.6488644480705261,0.8603119850158691,-1.710830807685852,0.571321427822113,0.8895764350891113,14_Jun_2023_08:31
1.00,62.00,0.00,5.00,69.00,4.00,353.00,1.00,1.00,150.00,7.00,62.00,0.00,49.00,0.00,129.00,1.00,131.00,3.00,0.00,12.00,2.00,22.00,64.00,13.00,50.00,4.00,59.00,260.00,13.00,202.00,66.00,-1.302498459815979,0.34956562519073486,0.6232591271400452,-1.9032702445983887,0.6075316667556763,0.8418816924095154,-1.3962606191635132,0.6478908658027649,0.8621959090232849,-1.7184457778930664,0.5737364888191223,0.8620321154594421,14_Jun_2023_08:31
1.00,51.00,0.00,0.00,86.00,8.00,325.00,1.00,2.00,168.00,2.00,61.00,0.00,43.00,1.00,123.00,0.00,195.00,3.00,1.00,7.00,4.00,22.00,66.00,14.00,78.00,6.00,89.00,272.00,22.00,221.00,76.00,-1.29973304271698,0.34994104504585266,0.6259084343910217,-1.9006644487380981,0.6109679937362671,0.7597100734710693,-1.397605538368225,0.6469045877456665,0.864234447479248,-1.7233067750930786,0.5765203833580017,0.8162656426429749,14_Jun_2023_08:31
1.00,46.00,0.00,0.00,99.00,9.00,285.00,1.00,4.00,155.00,1.00,57.00,1.00,46.00,0.00,103.00,2.00,204.00,1.00,1.00,6.00,0.00,43.00,75.00,34.00,87.00,14.00,118.00,253.00,34.00,185.00,72.00,-1.296964406967163,0.35049915313720703,0.6296513080596924,-1.8775521516799927,0.6108260750770569,0.6624799966812134,-1.3999874591827393,0.6456230878829956,0.866169810295105,-1.718379259109497,0.577827513217926,0.7596953511238098,14_Jun_2023_08:31
0.00,54.00,1.00,1.00,108.00,11.00,265.00,1.00,6.00,119.00,2.00,52.00,0.00,45.00,0.00,100.00,2.00,296.00,2.00,13.00,9.00,0.00,36.00,72.00,18.00,89.00,16.00,149.00,246.00,41.00,177.00,104.00,-1.293647289276123,0.35056325793266296,0.6343331933021545,-1.8302663564682007,0.6070412397384644,0.5633911490440369,-1.4045183658599854,0.6450429558753967,0.8658654689788818,-1.700522780418396,0.5756325125694275,0.6980908513069153,14_Jun_2023_08:31
1.00,92.00,0.00,1.00,109.00,2.00,271.00,1.00,2.00,137.00,4.00,54.00,0.00,41.00,1.00,78.00,0.00,267.00,0.00,16.00,17.00,1.00,27.00,77.00,18.00,134.00,23.00,175.00,240.00,44.00,157.00,92.00,-1.2916864156723022,0.35119593143463135,0.6384543180465698,-1.7653177976608276,0.595298707485199,0.48152005672454834,-1.4104455709457397,0.6444241404533386,0.8670682311058044,-1.6707152128219604,0.5677449107170105,0.6444472074508667,14_Jun_2023_08:31
0.00,88.00,1.00,0.00,78.00,6.00,278.00,5.00,2.00,142.00,13.00,54.00,0.00,46.00,0.00,72.00,1.00,152.00,14.00,19.00,19.00,0.00,30.00,89.00,54.00,107.00,34.00,195.00,252.00,55.00,130.00,151.00,-1.2885926961898804,0.3516668975353241,0.6415675282478333,-1.6827623844146729,0.5774969458580017,0.41626477241516113,-1.4173951148986816,0.6428573727607727,0.8633957505226135,-1.6316226720809937,0.5569925308227539,0.5985593199729919,14_Jun_2023_08:31
1.00,66.00,0.00,10.00,78.00,12.00,338.00,28.00,1.00,147.00,14.00,58.00,0.00,52.00,1.00,79.00,0.00,124.00,13.00,23.00,23.00,0.00,35.00,84.00,50.00,148.00,45.00,186.00,266.00,96.00,120.00,180.00,-1.2843533754348755,0.35214176774024963,0.6431076526641846,-1.594109296798706,0.5607451796531677,0.3724561035633087,-1.4235682487487793,0.6416528224945068,0.8580692410469055,-1.5861499309539795,0.549409806728363,0.5629657506942749,14_Jun_2023_08:31
1.00,103.00,0.00,16.00,98.00,7.00,410.00,38.00,2.00,154.00,30.00,56.00,0.00,58.00,1.00,84.00,0.00,100.00,4.00,18.00,140.00,0.00,33.00,111.00,30.00,133.00,49.00,223.00,311.00,123.00,127.00,219.00,-1.2820738554000854,0.3524245619773865,0.643795371055603,-1.5039608478546143,0.5424699783325195,0.3553296625614166,-1.4287258386611938,0.6393560767173767,0.8533177375793457,-1.542757511138916,0.5362227559089661,0.5426804423332214,14_Jun_2023_08:31
1.00,111.00,1.00,17.00,127.00,28.00,410.00,201.00,7.00,177.00,36.00,64.00,0.00,69.00,2.00,99.00,2.00,95.00,7.00,36.00,210.00,4.00,45.00,130.00,33.00,203.00,36.00,234.00,318.00,92.00,122.00,206.00,-1.2755024433135986,0.35271042585372925,0.644523561000824,-1.4295512437820435,0.5157989859580994,0.3533612787723541,-1.4316120147705078,0.637629508972168,0.8454849123954773,-1.50745689868927,0.5193900465965271,0.5287322998046875,14_Jun_2023_08:31
1.00,115.00,0.00,15.00,0.00,11.00,481.00,220.00,2.00,193.00,39.00,66.00,1.00,81.00,1.00,102.00,9.00,72.00,36.00,19.00,248.00,1.00,42.00,129.00,39.00,230.00,44.00,238.00,305.00,88.00,134.00,213.00,-1.2725330591201782,0.35346564650535583,0.643565833568573,-1.3787044286727905,0.48820117115974426,0.3640981912612915,-1.4336445331573486,0.6362469792366028,0.840287446975708,-1.4834154844284058,0.49855658411979675,0.5242286324501038,14_Jun_2023_08:31
5.00,143.00,0.00,5.00,3.00,15.00,456.00,200.00,1.00,199.00,43.00,68.00,0.00,62.00,0.00,89.00,1.00,101.00,27.00,27.00,232.00,0.00,37.00,141.00,38.00,227.00,46.00,216.00,257.00,81.00,136.00,205.00,-1.2711454629898071,0.3537312150001526,0.6424925923347473,-1.3536758422851562,0.47811105847358704,0.3763887286186218,-1.4324719905853271,0.6358023285865784,0.8371956944465637,-1.4733624458312988,0.48713141679763794,0.5242464542388916,14_Jun_2023_08:31
0.00,130.00,1.00,1.00,148.00,9.00,369.00,156.00,6.00,197.00,23.00,62.00,0.00,61.00,0.00,85.00,1.00,115.00,29.00,15.00,241.00,1.00,35.00,120.00,34.00,168.00,38.00,207.00,243.00,71.00,150.00,132.00,-1.2692723274230957,0.3541381061077118,0.643001139163971,-1.3785845041275024,0.4900355041027069,0.36741456389427185,-1.4288573265075684,0.6363633871078491,0.839711606502533,-1.4857755899429321,0.4958448112010956,0.5244195461273193,14_Jun_2023_08:31
1.00,111.00,2.00,0.00,104.00,10.00,241.00,174.00,15.00,172.00,29.00,61.00,0.00,59.00,0.00,97.00,0.00,106.00,22.00,30.00,232.00,3.00,34.00,115.00,37.00,125.00,19.00,183.00,240.00,80.00,170.00,145.00,-1.2694354057312012,0.35497260093688965,0.6430966258049011,-1.4485443830490112,0.5015226602554321,0.353391170501709,-1.4241281747817993,0.6369378566741943,0.8454664945602417,-1.5196316242218018,0.5072594881057739,0.5301294326782227,14_Jun_2023_08:31
2.00,106.00,1.00,3.00,78.00,10.00,221.00,1.00,17.00,172.00,14.00,61.00,0.00,60.00,0.00,102.00,2.00,96.00,5.00,4.00,278.00,7.00,31.00,101.00,28.00,113.00,4.00,153.00,262.00,62.00,183.00,107.00,-1.271546483039856,0.35533207654953003,0.642023503780365,-1.5419434309005737,0.518904447555542,0.35756799578666687,-1.4184768199920654,0.6386246085166931,0.8511718511581421,-1.5666959285736084,0.5207020044326782,0.5461822748184204,14_Jun_2023_08:31
0.00,102.00,2.00,2.00,75.00,2.00,238.00,88.00,9.00,160.00,4.00,59.00,3.00,47.00,1.00,117.00,0.00,90.00,4.00,13.00,16.00,1.00,30.00,109.00,28.00,114.00,14.00,147.00,309.00,47.00,214.00,106.00,-1.274415135383606,0.3556194007396698,0.6390366554260254,-1.6350687742233276,0.544195830821991,0.38792240619659424,-1.4148273468017578,0.639083981513977,0.8551021814346313,-1.6178908348083496,0.5350556373596191,0.5774083137512207,14_Jun_2023_08:31
2.00,83.00,1.00,1.00,82.00,1.00,229.00,6.00,4.00,147.00,4.00,57.00,0.00,56.00,1.00,135.00,1.00,65.00,11.00,6.00,14.00,2.00,27.00,94.00,37.00,95.00,8.00,146.00,339.00,25.00,262.00,78.00,-1.2770957946777344,0.35499176383018494,0.6353616118431091,-1.7226533889770508,0.5677497982978821,0.4390658140182495,-1.4113750457763672,0.64072185754776,0.8581608533859253,-1.660919427871704,0.5516712665557861,0.6181998252868652,14_Jun_2023_08:31
2.00,67.00,1.00,4.00,91.00,1.00,242.00,2.00,4.00,156.00,9.00,57.00,0.00,46.00,0.00,160.00,2.00,50.00,1.00,20.00,12.00,3.00,24.00,93.00,25.00,90.00,11.00,136.00,350.00,12.00,255.00,81.00,-1.2806395292282104,0.353792279958725,0.6319484114646912,-1.7932467460632324,0.5898114442825317,0.5085288882255554,-1.406495213508606,0.6420649886131287,0.8599820137023926,-1.6911567449569702,0.563968300819397,0.6671146750450134,14_Jun_2023_08:31
1.00,56.00,2.00,1.00,86.00,2.00,262.00,1.00,5.00,153.00,8.00,57.00,1.00,45.00,0.00,146.00,0.00,52.00,1.00,3.00,3.00,5.00,23.00,97.00,15.00,93.00,9.00,113.00,399.00,26.00,241.00,99.00,-1.2838393449783325,0.35195448994636536,0.6300898194313049,-1.841469407081604,0.6028016209602356,0.5804341435432434,-1.402008056640625,0.6444281339645386,0.8583980202674866,-1.708390235900879,0.5747147798538208,0.713367760181427,14_Jun_2023_08:31
1.00,66.00,2.00,2.00,68.00,4.00,303.00,5.00,4.00,149.00,6.00,59.00,0.00,45.00,0.00,160.00,2.00,44.00,3.00,7.00,9.00,1.00,23.00,72.00,10.00,90.00,8.00,105.00,365.00,9.00,238.00,99.00,-1.2872371673583984,0.3501983880996704,0.6290251612663269,-1.8768742084503174,0.6070664525032043,0.6566047072410583,-1.3995728492736816,0.6472919583320618,0.8562505841255188,-1.7184438705444336,0.5786656737327576,0.7577669620513916,14_Jun_2023_08:31
0.00,57.00,1.00,2.00,51.00,1.00,354.00,5.00,3.00,142.00,3.00,53.00,0.00,43.00,5.00,166.00,2.00,56.00,6.00,8.00,8.00,0.00,27.00,71.00,10.00,99.00,4.00,73.00,388.00,24.00,228.00,93.00,-1.291060447692871,0.34941762685775757,0.626947820186615,-1.8984498977661133,0.6094308495521545,0.7335762977600098,-1.3998335599899292,0.6484940052032471,0.8546869158744812,-1.7234379053115845,0.5786920785903931,0.8014224767684937,14_Jun_2023_08:31
1.00,58.00,1.00,1.00,68.00,2.00,376.00,1.00,3.00,154.00,2.00,60.00,0.00,47.00,1.00,186.00,2.00,38.00,0.00,3.00,11.00,1.00,22.00,72.00,10.00,61.00,4.00,52.00,388.00,26.00,217.00,100.00,-1.2994266748428345,0.34861308336257935,0.6242081522941589,-1.9069291353225708,0.6054438352584839,0.7960003614425659,-1.4008846282958984,0.6486386060714722,0.8535606861114502,-1.7239245176315308,0.5749446153640747,0.8366280794143677,14_Jun_2023_08:31
1.00,62.00,2.00,2.00,53.00,3.00,399.00,2.00,3.00,140.00,4.00,57.00,2.00,51.00,0.00,188.00,1.00,66.00,1.00,7.00,12.00,1.00,27.00,61.00,11.00,28.00,0.00,54.00,369.00,25.00,220.00,92.00,-1.303863763809204,0.3474826514720917,0.6221088767051697,-1.9094386100769043,0.6000891327857971,0.837714672088623,-1.4018335342407227,0.6491847634315491,0.8519200086593628,-1.7226775884628296,0.5728204846382141,0.8568801879882812,14_Jun_2023_08:31
0.00,41.00,2.00,1.00,69.00,3.00,388.00,3.00,2.00,143.00,4.00,57.00,0.00,52.00,3.00,167.00,1.00,102.00,0.00,8.00,11.00,1.00,22.00,59.00,10.00,54.00,2.00,51.00,345.00,24.00,217.00,79.00,-1.3042429685592651,0.3473176062107086,0.6205766201019287,-1.9091949462890625,0.5962675213813782,0.8372754454612732,-1.4008498191833496,0.6486439108848572,0.8525258302688599,-1.7222347259521484,0.5705252885818481,0.8556206226348877,14_Jun_2023_08:31
1.00,56.00,2.00,0.00,73.00,3.00,347.00,3.00,4.00,142.00,2.00,58.00,3.00,69.00,0.00,147.00,5.00,127.00,1.00,9.00,11.00,2.00,25.00,57.00,23.00,60.00,1.00,50.00,272.00,30.00,233.00,74.00,-1.3014498949050903,0.3476578891277313,0.6209256052970886,-1.908288598060608,0.5998227596282959,0.7969162464141846,-1.400239109992981,0.6478026509284973,0.8536242246627808,-1.7241724729537964,0.5723617672920227,0.8332818746566772,14_Jun_2023_08:31
1.00,45.00,0.00,3.00,81.00,2.00,321.00,2.00,4.00,152.00,2.00,57.00,0.00,68.00,2.00,105.00,2.00,224.00,4.00,12.00,5.00,2.00,26.00,54.00,23.00,95.00,2.00,88.00,287.00,26.00,257.00,68.00,-1.2971594333648682,0.3479270040988922,0.6228066682815552,-1.9006540775299072,0.6013070344924927,0.7319798469543457,-1.4002197980880737,0.6469799280166626,0.8542647361755371,-1.7244818210601807,0.5731052160263062,0.7959827184677124,14_Jun_2023_08:31
0.00,46.00,0.00,0.00,104.00,2.00,302.00,2.00,3.00,167.00,1.00,60.00,1.00,66.00,1.00,107.00,2.00,223.00,1.00,14.00,10.00,5.00,31.00,56.00,37.00,108.00,3.00,118.00,290.00,29.00,254.00,76.00,-1.2933427095413208,0.3480199873447418,0.6259489059448242,-1.8808993101119995,0.6013472080230713,0.6541398763656616,-1.4019461870193481,0.6463767886161804,0.8541126847267151,-1.7195446491241455,0.5726534128189087,0.7489296197891235,14_Jun_2023_08:31
3.00,39.00,0.00,0.00,88.00,3.00,283.00,1.00,2.00,163.00,2.00,61.00,0.00,67.00,0.00,96.00,0.00,208.00,2.00,15.00,4.00,1.00,28.00,65.00,33.00,132.00,5.00,122.00,274.00,20.00,199.00,80.00,-1.2888288497924805,0.3482853174209595,0.6297788023948669,-1.850422978401184,0.5983559489250183,0.5778730511665344,-1.4055694341659546,0.6463865637779236,0.8529248237609863,-1.7072856426239014,0.5707927942276001,0.6991204023361206,14_Jun_2023_08:31
2.00,82.00,0.00,1.00,84.00,2.00,254.00,0.00,2.00,139.00,7.00,55.00,0.00,56.00,2.00,79.00,0.00,214.00,0.00,14.00,22.00,2.00,29.00,74.00,23.00,97.00,7.00,164.00,231.00,31.00,183.00,95.00,-1.2858961820602417,0.34921225905418396,0.6333641409873962,-1.8027112483978271,0.5860936045646667,0.5043573379516602,-1.4099193811416626,0.6465188264846802,0.8547065258026123,-1.6872000694274902,0.5639814138412476,0.6533927917480469,14_Jun_2023_08:31
2.00,78.00,1.00,1.00,94.00,3.00,272.00,1.00,4.00,136.00,16.00,57.00,0.00,61.00,0.00,73.00,1.00,225.00,11.00,15.00,33.00,1.00,31.00,86.00,39.00,115.00,3.00,223.00,222.00,63.00,165.00,135.00,-1.2853657007217407,0.3503497838973999,0.6364111304283142,-1.7446061372756958,0.5724115371704102,0.44626185297966003,-1.4144158363342285,0.6448968052864075,0.8564768433570862,-1.658304214477539,0.5554906129837036,0.6145216226577759,14_Jun_2023_08:31
0.00,114.00,2.00,2.00,93.00,16.00,358.00,1.00,3.00,144.00,4.00,57.00,0.00,58.00,1.00,82.00,0.00,200.00,13.00,27.00,24.00,0.00,36.00,83.00,46.00,128.00,17.00,214.00,237.00,110.00,145.00,180.00,-1.2826138734817505,0.35191792249679565,0.6392751336097717,-1.676597237586975,0.5727949142456055,0.39878350496292114,-1.4195667505264282,0.6425563097000122,0.8544925451278687,-1.6237579584121704,0.5546514987945557,0.5810273885726929,14_Jun_2023_08:31
0.00,117.00,2.00,1.00,108.00,13.00,422.00,170.00,3.00,184.00,4.00,65.00,1.00,64.00,0.00,92.00,2.00,160.00,12.00,15.00,26.00,2.00,35.00,114.00,56.00,139.00,17.00,288.00,252.00,135.00,144.00,224.00,-1.2792539596557617,0.35418614745140076,0.6403600573539734,-1.5956999063491821,0.5837446451187134,0.36476364731788635,-1.424424409866333,0.6408683657646179,0.852773129940033,-1.581931471824646,0.5622755885124207,0.5540974140167236,14_Jun_2023_08:31
0.00,126.00,0.00,5.00,1.00,1.00,481.00,181.00,4.00,197.00,23.00,68.00,1.00,73.00,0.00,100.00,0.00,152.00,3.00,50.00,22.00,0.00,28.00,118.00,51.00,184.00,44.00,343.00,288.00,156.00,148.00,242.00,-1.2782756090164185,0.3562854528427124,0.6405683755874634,-1.5045658349990845,0.5896481275558472,0.3501698672771454,-1.4291921854019165,0.6394155621528625,0.8518732786178589,-1.5361164808273315,0.5655804872512817,0.5378940105438232,14_Jun_2023_08:31
2.00,118.00,1.00,31.00,3.00,11.00,587.00,247.00,8.00,200.00,61.00,65.00,0.00,72.00,0.00,106.00,3.00,229.00,11.00,32.00,33.00,0.00,33.00,165.00,55.00,185.00,49.00,398.00,288.00,179.00,156.00,253.00,-1.276300072669983,0.3576606512069702,0.6409972310066223,-1.4136625528335571,0.5834728479385376,0.35135728120803833,-1.4314250946044922,0.6394937038421631,0.8479183912277222,-1.4903100728988647,0.56396484375,0.5272337198257446,14_Jun_2023_08:31
0.00,106.00,0.00,14.00,1.00,5.00,582.00,5.00,2.00,199.00,31.00,61.00,0.00,74.00,0.00,106.00,4.00,208.00,6.00,30.00,37.00,0.00,37.00,195.00,56.00,257.00,58.00,439.00,282.00,203.00,155.00,257.00,-1.272618055343628,0.35892191529273987,0.640618622303009,-1.3350119590759277,0.5749080777168274,0.3653092682361603,-1.4317820072174072,0.6401792764663696,0.8437958359718323,-1.4465556144714355,0.5602189898490906,0.5231770873069763,14_Jun_2023_08:31
0.00,90.00,0.00,23.00,0.00,4.00,584.00,0.00,0.00,189.00,48.00,64.00,1.00,75.00,0.00,93.00,1.00,233.00,19.00,22.00,78.00,0.00,44.00,138.00,57.00,209.00,48.00,341.00,273.00,167.00,162.00,187.00,-1.2683510780334473,0.3597147464752197,0.6399180889129639,-1.2861372232437134,0.5692100524902344,0.38843265175819397,-1.4310551881790161,0.6399583220481873,0.8400854468345642,-1.425130009651184,0.5533483624458313,0.5221395492553711,14_Jun_2023_08:31
2.00,103.00,1.00,8.00,0.00,11.00,486.00,2.00,1.00,158.00,35.00,63.00,1.00,72.00,1.00,81.00,1.00,235.00,15.00,12.00,31.00,1.00,38.00,73.00,54.00,127.00,47.00,251.00,222.00,118.00,155.00,151.00,-1.2652628421783447,0.35952329635620117,0.6395035982131958,-1.286148190498352,0.5712260007858276,0.39288437366485596,-1.4293535947799683,0.639338493347168,0.8387733101844788,-1.42802894115448,0.5511140823364258,0.5203080773353577,14_Jun_2023_08:31
0.00,103.00,1.00,2.00,0.00,17.00,382.00,2.00,3.00,161.00,33.00,61.00,0.00,65.00,1.00,69.00,1.00,201.00,18.00,14.00,60.00,2.00,33.00,65.00,52.00,78.00,33.00,167.00,214.00,83.00,138.00,105.00,-1.2643990516662598,0.3585277497768402,0.6395750045776367,-1.3305166959762573,0.5674231648445129,0.36841756105422974,-1.425942063331604,0.6386706829071045,0.8402331471443176,-1.4517077207565308,0.5517836213111877,0.5176270008087158,14_Jun_2023_08:31
0.00,80.00,1.00,13.00,81.00,1.00,237.00,38.00,3.00,133.00,8.00,50.00,0.00,68.00,0.00,67.00,0.00,178.00,11.00,28.00,30.00,1.00,32.00,75.00,45.00,95.00,19.00,147.00,211.00,60.00,150.00,101.00,-1.2667820453643799,0.3575930595397949,0.6381234526634216,-1.4184831380844116,0.5687715411186218,0.3458719849586487,-1.4209643602371216,0.6395302414894104,0.8442031741142273,-1.496550440788269,0.5532280206680298,0.5213474631309509,14_Jun_2023_08:31
1.00,70.00,0.00,1.00,58.00,1.00,188.00,33.00,2.00,125.00,2.00,52.00,3.00,64.00,2.00,81.00,2.00,123.00,3.00,13.00,21.00,5.00,30.00,81.00,41.00,36.00,9.00,101.00,227.00,59.00,168.00,85.00,-1.2704523801803589,0.35677194595336914,0.6355594396591187,-1.523200273513794,0.5783514380455017,0.3480561673641205,-1.4164376258850098,0.6399629712104797,0.8484128713607788,-1.550757884979248,0.5594873428344727,0.5370997786521912,14_Jun_2023_08:31
2.00,76.00,0.00,1.00,54.00,0.00,186.00,2.00,9.00,131.00,6.00,55.00,0.00,63.00,0.00,114.00,2.00,126.00,6.00,14.00,9.00,1.00,30.00,66.00,44.00,31.00,5.00,97.00,253.00,33.00,201.00,64.00,-1.2719613313674927,0.35564836859703064,0.632487416267395,-1.6207250356674194,0.5854777693748474,0.37655848264694214,-1.4099617004394531,0.6413082480430603,0.8510225415229797,-1.6047718524932861,0.5652589797973633,0.5669535994529724,14_Jun_2023_08:31
2.00,88.00,0.00,3.00,81.00,3.00,196.00,1.00,2.00,130.00,0.00,59.00,1.00,55.00,0.00,109.00,4.00,109.00,1.00,13.00,4.00,0.00,28.00,50.00,15.00,30.00,4.00,91.00,278.00,33.00,202.00,81.00,-1.2738147974014282,0.3546057641506195,0.6289514303207397,-1.7098067998886108,0.5926599502563477,0.42932039499282837,-1.4038691520690918,0.6427512764930725,0.8527379035949707,-1.6500571966171265,0.5725550651550293,0.6104324460029602,14_Jun_2023_08:31
2.00,52.00,0.00,3.00,98.00,1.00,216.00,1.00,2.00,148.00,4.00,58.00,2.00,49.00,1.00,144.00,0.00,100.00,1.00,4.00,6.00,1.00,27.00,72.00,20.00,48.00,1.00,78.00,300.00,18.00,207.00,67.00,-1.2767130136489868,0.3531138002872467,0.6255704760551453,-1.780287504196167,0.6093605160713196,0.49681219458580017,-1.3985117673873901,0.6454502940177917,0.8525463342666626,-1.6824359893798828,0.5835038423538208,0.6591284871101379,14_Jun_2023_08:31
1.00,39.00,1.00,1.00,92.00,1.00,241.00,2.00,1.00,163.00,7.00,60.00,1.00,40.00,1.00,150.00,3.00,42.00,3.00,1.00,6.00,0.00,27.00,84.00,14.00,46.00,2.00,73.00,362.00,15.00,235.00,81.00,-1.2801262140274048,0.3515738248825073,0.622994065284729,-1.8353127241134644,0.625800371170044,0.5759068727493286,-1.395043969154358,0.647628903388977,0.8510953187942505,-1.7022764682769775,0.5914057493209839,0.7100422978401184,14_Jun_2023_08:31
1.00,41.00,2.00,0.00,99.00,4.00,288.00,4.00,6.00,156.00,5.00,61.00,0.00,40.00,0.00,195.00,4.00,24.00,1.00,9.00,14.00,4.00,18.00,86.00,13.00,44.00,10.00,53.00,367.00,28.00,220.00,101.00,-1.2825360298156738,0.3511139750480652,0.6208447217941284,-1.8731755018234253,0.6391397714614868,0.6660830974578857,-1.3936737775802612,0.6493985056877136,0.8485602140426636,-1.71294367313385,0.596531867980957,0.7619320154190063,14_Jun_2023_08:31
2.00,24.00,0.00,1.00,67.00,16.00,346.00,1.00,6.00,144.00,17.00,57.00,1.00,43.00,1.00,196.00,2.00,13.00,4.00,13.00,13.00,1.00,14.00,83.00,8.00,42.00,1.00,47.00,378.00,22.00,196.00,99.00,-1.2845098972320557,0.3514590859413147,0.6184176802635193,-1.8916295766830444,0.6439025402069092,0.7603932023048401,-1.3916095495224,0.6505852937698364,0.8492537140846252,-1.7140289545059204,0.5980989336967468,0.8129156231880188,14_Jun_2023_08:31
3.00,33.00,2.00,1.00,60.00,3.00,410.00,3.00,6.00,150.00,1.00,57.00,0.00,40.00,2.00,221.00,1.00,9.00,2.00,3.00,13.00,0.00,16.00,76.00,6.00,25.00,1.00,25.00,414.00,15.00,173.00,108.00,-1.2887545824050903,0.35304591059684753,0.6153141260147095,-1.8910154104232788,0.6383271813392639,0.8478098511695862,-1.3902572393417358,0.6509978175163269,0.8516793251037598,-1.707157850265503,0.5926119089126587,0.8612744212150574,14_Jun_2023_08:31
0.00,27.00,4.00,2.00,65.00,2.00,407.00,0.00,1.00,131.00,7.00,54.00,1.00,39.00,1.00,191.00,0.00,12.00,2.00,2.00,11.00,0.00,13.00,73.00,4.00,24.00,0.00,32.00,405.00,16.00,185.00,103.00,-1.2936863899230957,0.3552159070968628,0.6126541495323181,-1.883386254310608,0.6297400593757629,0.9095134139060974,-1.3890728950500488,0.6504672765731812,0.8567958474159241,-1.6991311311721802,0.5877682566642761,0.8975604176521301,14_Jun_2023_08:31
2.00,27.00,2.00,0.00,66.00,1.00,413.00,1.00,1.00,134.00,4.00,59.00,0.00,53.00,1.00,166.00,2.00,57.00,1.00,10.00,13.00,0.00,16.00,64.00,6.00,34.00,8.00,43.00,333.00,26.00,206.00,65.00,-1.2985061407089233,0.35681119561195374,0.6122779846191406,-1.8778942823410034,0.6237360239028931,0.9376852512359619,-1.3857747316360474,0.6486632227897644,0.864301323890686,-1.6942371129989624,0.5836649537086487,0.9170292019844055,14_Jun_2023_08:31
1.00,29.00,0.00,2.00,72.00,3.00,391.00,0.00,6.00,137.00,8.00,49.00,0.00,49.00,2.00,119.00,1.00,145.00,2.00,11.00,12.00,0.00,15.00,49.00,26.00,35.00,1.00,43.00,261.00,34.00,186.00,61.00,-1.3000328540802002,0.3573380708694458,0.61472487449646,-1.8797458410263062,0.6181560754776001,0.935833215713501,-1.3830885887145996,0.6478760242462158,0.8700838088989258,-1.6951792240142822,0.581081211566925,0.917809009552002,14_Jun_2023_08:31
1.00,27.00,1.00,2.00,52.00,2.00,327.00,0.00,4.00,127.00,12.00,55.00,0.00,59.00,0.00,95.00,2.00,148.00,3.00,8.00,21.00,0.00,16.00,37.00,23.00,42.00,2.00,56.00,243.00,33.00,191.00,58.00,-1.3010371923446655,0.35720518231391907,0.6188094019889832,-1.8896222114562988,0.6130921840667725,0.895473837852478,-1.382476806640625,0.6468629837036133,0.8753331303596497,-1.7036086320877075,0.5791447162628174,0.8995825052261353,14_Jun_2023_08:31
0.00,35.00,2.00,1.00,71.00,7.00,294.00,2.00,4.00,124.00,4.00,55.00,0.00,62.00,0.00,96.00,3.00,204.00,0.00,2.00,7.00,0.00,23.00,37.00,24.00,38.00,1.00,121.00,249.00,40.00,195.00,61.00,-1.3018079996109009,0.3572043776512146,0.6242173910140991,-1.8951088190078735,0.6170675158500671,0.8203834295272827,-1.3842350244522095,0.6466066241264343,0.8810896873474121,-1.7134058475494385,0.5826883316040039,0.8614586591720581,14_Jun_2023_08:31
0.00,18.00,0.00,1.00,77.00,3.00,233.00,1.00,4.00,129.00,4.00,54.00,3.00,61.00,5.00,82.00,1.00,199.00,0.00,6.00,9.00,0.00,32.00,43.00,16.00,45.00,3.00,150.00,244.00,44.00,194.00,75.00,-1.3026748895645142,0.35706162452697754,0.6313033699989319,-1.8813663721084595,0.6199464797973633,0.7239148616790771,-1.388967514038086,0.6452249884605408,0.8849464058876038,-1.7156161069869995,0.5835636258125305,0.8084020614624023,14_Jun_2023_08:31
1.00,35.00,0.00,1.00,83.00,2.00,223.00,3.00,5.00,117.00,4.00,50.00,1.00,57.00,2.00,84.00,1.00,289.00,1.00,5.00,24.00,1.00,29.00,51.00,34.00,51.00,4.00,175.00,259.00,71.00,166.00,87.00,-1.3020999431610107,0.35726645588874817,0.6374150514602661,-1.846103310585022,0.6202601194381714,0.6304724812507629,-1.3942910432815552,0.6453403234481812,0.8879470825195312,-1.7056052684783936,0.5829399228096008,0.7519557476043701,14_Jun_2023_08:31
0.00,32.00,2.00,1.00,73.00,2.00,231.00,55.00,2.00,142.00,5.00,54.00,3.00,49.00,1.00,82.00,0.00,241.00,4.00,15.00,16.00,0.00,28.00,67.00,42.00,56.00,4.00,175.00,252.00,67.00,167.00,87.00,-1.30217444896698,0.3566640615463257,0.6432120203971863,-1.783555269241333,0.615135908126831,0.5396929383277893,-1.4001145362854004,0.644489049911499,0.889019250869751,-1.6800012588500977,0.5802657008171082,0.6953224539756775,14_Jun_2023_08:31
2.00,63.00,1.00,1.00,62.00,1.00,332.00,36.00,2.00,186.00,24.00,69.00,3.00,58.00,1.00,103.00,1.00,218.00,9.00,19.00,30.00,1.00,28.00,79.00,38.00,83.00,14.00,185.00,270.00,89.00,150.00,119.00,-1.2994625568389893,0.35640010237693787,0.6467911005020142,-1.7060073614120483,0.6064937710762024,0.46582943201065063,-1.40778648853302,0.6439074277877808,0.8860812783241272,-1.6425236463546753,0.5775285959243774,0.6432570815086365,14_Jun_2023_08:31
1.00,48.00,5.00,12.00,60.00,6.00,363.00,44.00,1.00,202.00,27.00,63.00,0.00,65.00,0.00,102.00,3.00,165.00,25.00,18.00,31.00,0.00,30.00,72.00,40.00,94.00,10.00,194.00,270.00,119.00,148.00,156.00,-1.2952015399932861,0.35606083273887634,0.6484490036964417,-1.6220542192459106,0.5925229787826538,0.4136958420276642,-1.4150439500808716,0.64322829246521,0.880452573299408,-1.5989807844161987,0.5721793174743652,0.6018526554107666,14_Jun_2023_08:31
0.00,54.00,1.00,8.00,55.00,7.00,456.00,71.00,6.00,173.00,23.00,60.00,0.00,81.00,0.00,109.00,1.00,131.00,13.00,21.00,40.00,3.00,25.00,94.00,51.00,103.00,28.00,185.00,291.00,112.00,154.00,203.00,-1.289361596107483,0.3560398519039154,0.648271918296814,-1.5387052297592163,0.5778617858886719,0.3834536075592041,-1.4210995435714722,0.6419074535369873,0.8728795647621155,-1.5578278303146362,0.5621408820152283,0.5731185078620911,14_Jun_2023_08:31
2.00,54.00,1.00,5.00,118.00,2.00,476.00,35.00,4.00,236.00,33.00,73.00,0.00,63.00,1.00,137.00,0.00,159.00,6.00,25.00,37.00,0.00,35.00,114.00,36.00,131.00,23.00,249.00,297.00,148.00,163.00,198.00,-1.2848111391067505,0.35616740584373474,0.6456483006477356,-1.4649004936218262,0.5530827641487122,0.370997816324234,-1.4256870746612549,0.6405308842658997,0.8646382093429565,-1.5201917886734009,0.5470662713050842,0.5546535849571228,14_Jun_2023_08:31
1.00,60.00,2.00,13.00,115.00,12.00,516.00,23.00,3.00,250.00,39.00,77.00,1.00,60.00,0.00,122.00,0.00,161.00,12.00,18.00,37.00,1.00,32.00,127.00,32.00,126.00,16.00,197.00,264.00,131.00,165.00,151.00,-1.2798182964324951,0.3565981090068817,0.6425561904907227,-1.4264243841171265,0.5353558659553528,0.3683900833129883,-1.4269282817840576,0.6395946741104126,0.8576271533966064,-1.5011345148086548,0.5331833362579346,0.5445383787155151,14_Jun_2023_08:31
0.00,51.00,2.00,14.00,90.00,20.00,372.00,2.00,6.00,198.00,10.00,64.00,1.00,56.00,1.00,121.00,1.00,186.00,2.00,23.00,34.00,0.00,30.00,101.00,29.00,80.00,6.00,117.00,270.00,73.00,160.00,146.00,-1.2753018140792847,0.35628122091293335,0.6399344801902771,-1.441522240638733,0.5386713743209839,0.36384814977645874,-1.4246008396148682,0.6391058564186096,0.8544479012489319,-1.5098998546600342,0.5337009429931641,0.541893720626831,14_Jun_2023_08:31
0.00,49.00,0.00,1.00,47.00,3.00,248.00,2.00,4.00,139.00,11.00,52.00,1.00,51.00,3.00,111.00,2.00,177.00,17.00,16.00,29.00,0.00,31.00,68.00,28.00,38.00,8.00,95.00,278.00,55.00,166.00,117.00,-1.2749944925308228,0.35611629486083984,0.637389600276947,-1.504851222038269,0.5460566878318787,0.3634091913700104,-1.4198566675186157,0.6386900544166565,0.8564555048942566,-1.5437405109405518,0.5386295914649963,0.5500149130821228,14_Jun_2023_08:31
1.00,41.00,2.00,1.00,44.00,9.00,175.00,3.00,6.00,102.00,13.00,50.00,0.00,46.00,1.00,115.00,0.00,158.00,2.00,19.00,17.00,0.00,28.00,59.00,38.00,52.00,5.00,77.00,285.00,37.00,213.00,94.00,-1.2771886587142944,0.3551916778087616,0.6357803344726562,-1.594474196434021,0.554296612739563,0.3803987205028534,-1.4141664505004883,0.6397489905357361,0.8583703637123108,-1.5920170545578003,0.544986367225647,0.5710262060165405,14_Jun_2023_08:31
0.00,52.00,1.00,4.00,60.00,1.00,182.00,0.00,3.00,111.00,6.00,51.00,1.00,57.00,1.00,140.00,1.00,120.00,0.00,12.00,8.00,2.00,26.00,84.00,34.00,42.00,2.00,74.00,304.00,34.00,200.00,102.00,-1.279858112335205,0.3541504740715027,0.6338773965835571,-1.6872576475143433,0.5657234191894531,0.42089903354644775,-1.410641074180603,0.6412309408187866,0.858894944190979,-1.641299843788147,0.553871750831604,0.6054655909538269,14_Jun_2023_08:31
0.00,51.00,0.00,0.00,60.00,9.00,210.00,3.00,13.00,113.00,7.00,50.00,0.00,56.00,1.00,138.00,1.00,119.00,4.00,8.00,8.00,1.00,24.00,91.00,23.00,49.00,0.00,75.00,300.00,36.00,230.00,71.00,-1.2834776639938354,0.3541329801082611,0.6307093501091003,-1.774703025817871,0.581846296787262,0.48673465847969055,-1.4097363948822021,0.6429587006568909,0.8600072264671326,-1.6819522380828857,0.5638135671615601,0.6520978808403015,14_Jun_2023_08:31
0.00,37.00,0.00,1.00,56.00,5.00,222.00,2.00,10.00,114.00,6.00,51.00,1.00,49.00,2.00,139.00,7.00,115.00,3.00,10.00,3.00,0.00,25.00,72.00,31.00,39.00,2.00,71.00,347.00,35.00,223.00,80.00,-1.2885035276412964,0.35414835810661316,0.6280510425567627,-1.8365685939788818,0.591417133808136,0.5624963045120239,-1.407869815826416,0.6432045102119446,0.8618771433830261,-1.7067633867263794,0.5689217448234558,0.7005295753479004,14_Jun_2023_08:31
1.00,49.00,1.00,1.00,54.00,4.00,254.00,3.00,5.00,124.00,11.00,57.00,0.00,44.00,0.00,176.00,1.00,66.00,10.00,5.00,5.00,1.00,18.00,72.00,12.00,31.00,1.00,58.00,372.00,27.00,216.00,80.00,-1.2927162647247314,0.3542976677417755,0.625863790512085,-1.8735064268112183,0.5981673002243042,0.6371720433235168,-1.404848575592041,0.643707275390625,0.8653606176376343,-1.7195476293563843,0.5738478302955627,0.7465332746505737,14_Jun_2023_08:31
0.00,53.00,1.00,1.00,53.00,3.00,291.00,3.00,6.00,105.00,6.00,49.00,1.00,40.00,0.00,188.00,0.00,48.00,10.00,3.00,1.00,0.00,18.00,72.00,12.00,27.00,2.00,44.00,393.00,25.00,220.00,93.00,-1.2971124649047852,0.3545803725719452,0.62343430519104,-1.8950905799865723,0.6018697023391724,0.7073026895523071,-1.4037041664123535,0.6436648964881897,0.8670883774757385,-1.7262264490127563,0.5743080973625183,0.791609525680542,14_Jun_2023_08:31
0.00,41.00,0.00,1.00,50.00,1.00,322.00,2.00,4.00,110.00,3.00,50.00,1.00,40.00,0.00,194.00,1.00,38.00,3.00,2.00,1.00,0.00,10.00,65.00,11.00,32.00,1.00,46.00,373.00,30.00,201.00,88.00,-1.2995975017547607,0.35443729162216187,0.6209807395935059,-1.9085325002670288,0.6063616871833801,0.7845847606658936,-1.4045202732086182,0.6447626352310181,0.8658762574195862,-1.7277488708496094,0.5742461085319519,0.8346647620201111,14_Jun_2023_08:31
0.00,43.00,1.00,1.00,59.00,5.00,366.00,3.00,1.00,105.00,10.00,52.00,0.00,37.00,2.00,218.00,1.00,50.00,3.00,0.00,0.00,1.00,13.00,70.00,6.00,27.00,2.00,50.00,368.00,26.00,206.00,85.00,-1.3014628887176514,0.354493647813797,0.6182454228401184,-1.9087679386138916,0.6041872501373291,0.855845034122467,-1.404998540878296,0.6454862356185913,0.8641912341117859,-1.7227692604064941,0.5706511735916138,0.8718182444572449,14_Jun_2023_08:31
2.00,41.00,2.00,1.00,67.00,2.00,336.00,1.00,2.00,96.00,2.00,50.00,1.00,38.00,1.00,213.00,3.00,51.00,4.00,0.00,0.00,2.00,15.00,63.00,10.00,51.00,1.00,43.00,364.00,29.00,207.00,103.00,-1.305791974067688,0.3548097014427185,0.6159098744392395,-1.9028112888336182,0.5952169895172119,0.9016153216362,-1.4036186933517456,0.6448792219161987,0.8659722805023193,-1.7164210081100464,0.5641680359840393,0.897071123123169,14_Jun_2023_08:31
1.00,43.00,0.00,1.00,46.00,1.00,367.00,8.00,2.00,101.00,4.00,48.00,1.00,37.00,1.00,189.00,1.00,55.00,8.00,4.00,0.00,0.00,13.00,56.00,10.00,43.00,1.00,43.00,333.00,36.00,205.00,93.00,-1.3077008724212646,0.3549642264842987,0.6153305172920227,-1.8998781442642212,0.5896127820014954,0.9190770983695984,-1.4033290147781372,0.6438211798667908,0.8678078055381775,-1.7135348320007324,0.5602290034294128,0.9074347019195557,14_Jun_2023_08:31
2.00,43.00,1.00,2.00,37.00,3.00,350.00,1.00,2.00,97.00,10.00,47.00,1.00,50.00,2.00,146.00,2.00,130.00,8.00,3.00,0.00,1.00,14.00,56.00,10.00,49.00,1.00,47.00,302.00,34.00,218.00,66.00,-1.3079317808151245,0.35494452714920044,0.6162137985229492,-1.9003183841705322,0.5880184769630432,0.9183664321899414,-1.4029865264892578,0.6436179876327515,0.8697400689125061,-1.714009404182434,0.5595226883888245,0.9073342680931091,14_Jun_2023_08:31
0.00,38.00,1.00,2.00,45.00,2.00,319.00,0.00,11.00,107.00,11.00,48.00,1.00,48.00,0.00,127.00,1.00,206.00,6.00,0.00,2.00,0.00,12.00,54.00,17.00,53.00,8.00,42.00,228.00,32.00,226.00,52.00,-1.3074718713760376,0.35472509264945984,0.6182022094726562,-1.905208945274353,0.5854292511940002,0.8875738382339478,-1.400938868522644,0.643510639667511,0.8725882768630981,-1.7184202671051025,0.5590404272079468,0.8913373947143555,14_Jun_2023_08:31
3.00,30.00,1.00,1.00,56.00,1.00,267.00,1.00,9.00,100.00,9.00,45.00,0.00,53.00,1.00,94.00,1.00,272.00,4.00,6.00,6.00,0.00,17.00,48.00,19.00,50.00,10.00,59.00,216.00,34.00,238.00,61.00,-1.3049588203430176,0.35465824604034424,0.6214788556098938,-1.9095022678375244,0.5843603610992432,0.8258937001228333,-1.400242567062378,0.6429102420806885,0.8752857446670532,-1.7249336242675781,0.559158205986023,0.8566564321517944,14_Jun_2023_08:31
1.00,28.00,0.00,1.00,65.00,2.00,230.00,2.00,3.00,58.00,4.00,40.00,1.00,57.00,3.00,103.00,0.00,281.00,1.00,2.00,12.00,1.00,18.00,47.00,24.00,70.00,13.00,111.00,214.00,33.00,182.00,78.00,-1.302803635597229,0.3548645079135895,0.6255006790161133,-1.9000635147094727,0.5868732929229736,0.7294301390647888,-1.4023816585540771,0.6417519450187683,0.8771761655807495,-1.726777195930481,0.5629898309707642,0.8015893697738647,14_Jun_2023_08:31
3.00,26.00,1.00,2.00,58.00,7.00,180.00,1.00,9.00,68.00,3.00,43.00,1.00,55.00,2.00,97.00,1.00,312.00,2.00,3.00,15.00,1.00,30.00,74.00,31.00,77.00,7.00,136.00,227.00,39.00,183.00,83.00,-1.3013309240341187,0.35527339577674866,0.6297132968902588,-1.860819697380066,0.5837880373001099,0.6193292140960693,-1.4061545133590698,0.6409706473350525,0.8791597485542297,-1.7147648334503174,0.5620526075363159,0.7379990220069885,14_Jun_2023_08:31
1.00,30.00,1.00,0.00,67.00,2.00,197.00,1.00,19.00,99.00,5.00,50.00,0.00,58.00,1.00,92.00,1.00,212.00,10.00,14.00,20.00,0.00,29.00,62.00,34.00,87.00,12.00,143.00,243.00,44.00,128.00,111.00,-1.2999024391174316,0.3554752767086029,0.6336714625358582,-1.7964789867401123,0.5666552186012268,0.5217306613922119,-1.4117450714111328,0.6399297714233398,0.8777450323104858,-1.687443494796753,0.5526014566421509,0.6770065426826477,14_Jun_2023_08:31
0.00,76.00,1.00,1.00,59.00,9.00,225.00,2.00,6.00,94.00,6.00,49.00,0.00,72.00,2.00,106.00,1.00,96.00,10.00,15.00,37.00,1.00,34.00,73.00,52.00,71.00,22.00,127.00,281.00,70.00,96.00,112.00,-1.2965253591537476,0.35630398988723755,0.6361396312713623,-1.7222810983657837,0.5528407096862793,0.4529200792312622,-1.4174895286560059,0.6391149759292603,0.8760751485824585,-1.6530197858810425,0.544456422328949,0.6300290822982788,14_Jun_2023_08:31
1.00,97.00,2.00,2.00,51.00,12.00,320.00,1.00,5.00,86.00,30.00,46.00,1.00,62.00,0.00,108.00,3.00,93.00,28.00,15.00,20.00,1.00,38.00,123.00,47.00,108.00,37.00,181.00,283.00,115.00,118.00,186.00,-1.2930892705917358,0.35753726959228516,0.6374679207801819,-1.6411879062652588,0.5210832953453064,0.40907302498817444,-1.4230146408081055,0.6360910534858704,0.8742761611938477,-1.6118592023849487,0.5256304740905762,0.5974063277244568,14_Jun_2023_08:31
1.00,79.00,1.00,2.00,82.00,7.00,400.00,64.00,2.00,106.00,35.00,54.00,0.00,61.00,0.00,116.00,1.00,53.00,8.00,34.00,36.00,1.00,34.00,145.00,44.00,133.00,39.00,202.00,294.00,109.00,122.00,219.00,-1.2930960655212402,0.3581174910068512,0.6377282738685608,-1.5443115234375,0.5022218823432922,0.38330498337745667,-1.42692232131958,0.6342580318450928,0.8721818327903748,-1.5627106428146362,0.517611563205719,0.5724093317985535,14_Jun_2023_08:31
1.00,75.00,2.00,11.00,101.00,6.00,504.00,25.00,11.00,196.00,69.00,67.00,2.00,64.00,0.00,119.00,2.00,83.00,0.00,19.00,26.00,0.00,39.00,181.00,46.00,144.00,46.00,190.00,290.00,131.00,146.00,230.00,-1.2901972532272339,0.3584190309047699,0.6384351849555969,-1.4404537677764893,0.48778530955314636,0.3860359787940979,-1.4285638332366943,0.6316070556640625,0.8701910376548767,-1.5162837505340576,0.5057452917098999,0.5621357560157776,14_Jun_2023_08:31
1.00,83.00,1.00,18.00,183.00,4.00,540.00,0.00,6.00,175.00,64.00,65.00,0.00,81.00,1.00,117.00,2.00,72.00,29.00,23.00,43.00,0.00,54.00,180.00,45.00,146.00,41.00,212.00,289.00,121.00,149.00,204.00,-1.2846672534942627,0.35827913880348206,0.638535737991333,-1.364311695098877,0.4783762991428375,0.40600982308387756,-1.4281423091888428,0.631987452507019,0.8645400404930115,-1.4825445413589478,0.4991093873977661,0.5551694631576538,14_Jun_2023_08:31
4.00,103.00,1.00,16.00,190.00,8.00,533.00,1.00,21.00,168.00,58.00,62.00,1.00,81.00,0.00,128.00,4.00,91.00,37.00,16.00,39.00,1.00,47.00,158.00,50.00,134.00,37.00,189.00,249.00,124.00,150.00,144.00,-1.2789512872695923,0.3570059537887573,0.6389985680580139,-1.3465408086776733,0.4721032381057739,0.4056887924671173,-1.425124168395996,0.6330918073654175,0.8589946031570435,-1.4703969955444336,0.4961577355861664,0.5498575568199158,14_Jun_2023_08:31
3.00,85.00,1.00,7.00,159.00,13.00,387.00,7.00,9.00,158.00,48.00,55.00,0.00,67.00,0.00,120.00,0.00,104.00,25.00,18.00,37.00,2.00,41.00,115.00,44.00,90.00,25.00,167.00,247.00,131.00,144.00,138.00,-1.2763950824737549,0.3560297191143036,0.6389052867889404,-1.3842732906341553,0.47282522916793823,0.38433709740638733,-1.4207326173782349,0.6342372298240662,0.8574067950248718,-1.4843002557754517,0.5002907514572144,0.5459718108177185,14_Jun_2023_08:31
0.00,114.00,1.00,7.00,100.00,14.00,286.00,20.00,11.00,155.00,28.00,62.00,0.00,68.00,0.00,129.00,2.00,119.00,21.00,6.00,38.00,4.00,38.00,94.00,58.00,84.00,12.00,125.00,231.00,93.00,146.00,124.00,-1.2788619995117188,0.35543158650398254,0.6379843950271606,-1.4611718654632568,0.478628545999527,0.3693254590034485,-1.4169038534164429,0.6354473233222961,0.8581362366676331,-1.5207871198654175,0.5052487850189209,0.5498600602149963,14_Jun_2023_08:31
2.00,54.00,1.00,9.00,72.00,3.00,207.00,23.00,13.00,166.00,25.00,64.00,1.00,68.00,0.00,143.00,1.00,95.00,9.00,3.00,26.00,0.00,35.00,105.00,38.00,91.00,15.00,112.00,267.00,80.00,143.00,103.00,-1.2819807529449463,0.3553125262260437,0.6359611749649048,-1.5472666025161743,0.48923739790916443,0.3740517795085907,-1.4135265350341797,0.6365932822227478,0.8598578572273254,-1.565834403038025,0.5103632807731628,0.563549816608429,14_Jun_2023_08:31
1.00,64.00,0.00,1.00,57.00,3.00,213.00,25.00,15.00,180.00,9.00,63.00,0.00,61.00,1.00,148.00,0.00,99.00,12.00,3.00,12.00,1.00,46.00,90.00,44.00,90.00,3.00,95.00,273.00,50.00,162.00,91.00,-1.2857160568237305,0.3556923568248749,0.6330507397651672,-1.6285241842269897,0.5090067386627197,0.3987202048301697,-1.4096181392669678,0.6369112730026245,0.8629345893859863,-1.6096372604370117,0.519407331943512,0.5887216329574585,14_Jun_2023_08:31
1.00,71.00,1.00,2.00,61.00,1.00,247.00,3.00,6.00,183.00,10.00,65.00,0.00,49.00,0.00,159.00,1.00,99.00,6.00,3.00,6.00,2.00,31.00,90.00,37.00,88.00,6.00,91.00,296.00,53.00,186.00,71.00,-1.2872623205184937,0.3557107448577881,0.6294416785240173,-1.7090630531311035,0.5368760228157043,0.4420046806335449,-1.405746579170227,0.6379552483558655,0.8639427423477173,-1.6503448486328125,0.5346949100494385,0.623580276966095,14_Jun_2023_08:31
1.00,64.00,1.00,0.00,56.00,5.00,205.00,22.00,8.00,181.00,8.00,63.00,1.00,42.00,1.00,155.00,1.00,113.00,4.00,2.00,6.00,0.00,32.00,80.00,17.00,80.00,5.00,115.00,308.00,34.00,199.00,78.00,-1.2875583171844482,0.35620442032814026,0.6253737807273865,-1.7819323539733887,0.5612842440605164,0.5041791200637817,-1.4019290208816528,0.6390479803085327,0.8643403053283691,-1.6832420825958252,0.5493777990341187,0.6668516993522644,14_Jun_2023_08:31
0.00,46.00,2.00,1.00,71.00,1.00,234.00,2.00,17.00,166.00,6.00,63.00,1.00,42.00,1.00,171.00,1.00,79.00,0.00,3.00,4.00,1.00,26.00,84.00,16.00,75.00,2.00,113.00,324.00,22.00,217.00,71.00,-1.2906655073165894,0.3563578128814697,0.6219386458396912,-1.8382900953292847,0.5788159966468811,0.5796465277671814,-1.399073839187622,0.6403010487556458,0.8649340271949768,-1.7055814266204834,0.5591328740119934,0.7147026658058167,14_Jun_2023_08:31
1.00,53.00,2.00,0.00,88.00,2.00,267.00,2.00,11.00,159.00,12.00,57.00,0.00,39.00,1.00,178.00,0.00,72.00,1.00,12.00,3.00,1.00,17.00,89.00,18.00,58.00,1.00,79.00,348.00,28.00,209.00,78.00,-1.2946381568908691,0.3557754456996918,0.6201440095901489,-1.8760263919830322,0.5915223956108093,0.6588085889816284,-1.3973404169082642,0.6420926451683044,0.8658645749092102,-1.7180652618408203,0.5664651989936829,0.7617858648300171,14_Jun_2023_08:31
1.00,45.00,2.00,0.00,73.00,1.00,278.00,5.00,5.00,134.00,14.00,53.00,1.00,51.00,0.00,181.00,1.00,47.00,0.00,5.00,4.00,0.00,16.00,76.00,15.00,65.00,3.00,71.00,358.00,30.00,230.00,81.00,-1.299106240272522,0.35501953959465027,0.6187772154808044,-1.8949086666107178,0.5972320437431335,0.7289154529571533,-1.3950616121292114,0.6441836953163147,0.8669157028198242,-1.7222646474838257,0.5710186958312988,0.8048819899559021,14_Jun_2023_08:31
1.00,40.00,1.00,1.00,60.00,1.00,307.00,0.00,2.00,113.00,8.00,48.00,0.00,46.00,0.00,202.00,3.00,21.00,3.00,1.00,10.00,0.00,18.00,81.00,15.00,47.00,0.00,49.00,374.00,33.00,208.00,87.00,-1.3042361736297607,0.35407140851020813,0.6172751188278198,-1.9025211334228516,0.5923532247543335,0.7949039936065674,-1.3929834365844727,0.6450744867324829,0.8668990135192871,-1.7202636003494263,0.5668686032295227,0.8437944650650024,14_Jun_2023_08:31
0.00,29.00,2.00,2.00,42.00,3.00,328.00,2.00,3.00,120.00,4.00,54.00,0.00,37.00,0.00,199.00,1.00,21.00,3.00,0.00,7.00,0.00,19.00,68.00,13.00,41.00,2.00,53.00,373.00,35.00,193.00,86.00,-1.3067549467086792,0.35344427824020386,0.6162092685699463,-1.9018510580062866,0.5848561525344849,0.8606289625167847,-1.3924752473831177,0.6461890935897827,0.8660677671432495,-1.714175820350647,0.5613807439804077,0.8788094520568848,14_Jun_2023_08:31
2.00,22.00,1.00,0.00,44.00,6.00,338.00,1.00,2.00,128.00,9.00,55.00,1.00,34.00,3.00,201.00,1.00,35.00,6.00,0.00,3.00,0.00,18.00,59.00,9.00,56.00,4.00,42.00,347.00,33.00,208.00,58.00,-1.310881495475769,0.35348227620124817,0.615338146686554,-1.8960888385772705,0.572706401348114,0.9113243818283081,-1.392472267150879,0.6454045176506042,0.8672749400138855,-1.7077869176864624,0.5521321296691895,0.9073940515518188,14_Jun_2023_08:31
