S1,S2,S3,S4,S5,S6,S7,S8,S9,S10,S11,S12,S13,S14,S15,S16,S17,S18,S19,S20,S21,S22,S23,S24,S25,S26,S27,S28,S29,M1x,M1y,M1z,M2x,M2y,M2z,M3x,M3y,M3z,M4x,M4y,M4z,sesion_time_stamp
1,3,1,1,1,4,3,5,6,3,1,26,1,38,2,2,5,1,2,1,3,1,1,12,30,2,0,6,4,-1.245041847229,0.184745594859123,0.516233742237091,-1.59401512145996,0.106501057744026,0.560055196285248,-2.19197583198547,0.03286598995328,1.44723343849182,-1.50122249126434,0.260625928640366,0.590573251247406,14_Jun_2023_08_35
1,2,2,0,1,1,1,4,6,3,1,25,1,38,4,1,4,3,2,1,4,1,0,10,33,2,2,5,3,-1.245041847229,0.184745594859123,0.516233742237091,-1.59401512145996,0.106501057744026,0.560055196285248,-2.19197583198547,0.03286598995328,1.44723343849182,-1.50122249126434,0.260625928640366,0.590573251247406,14_Jun_2023_08_35
1,4,2,2,2,5,3,3,6,3,1,25,1,38,2,1,2,3,0,0,4,1,5,11,34,1,0,5,5,-1.24480640888214,0.18471123278141,0.516473352909088,-1.59398055076599,0.106419898569584,0.560104668140411,-2.19197392463684,0.032859325408936,1.4472222328186,-1.50116944313049,0.260585993528366,0.590703010559082,14_Jun_2023_08_35
1,2,3,2,1,1,2,5,6,4,1,25,1,39,1,2,3,1,2,0,4,1,1,12,34,3,1,5,7,-1.24200248718262,0.184415638446808,0.519278168678284,-1.59332919120789,0.107165195047855,0.56075245141983,-2.19194364547729,0.032863818109036,1.44724023342133,-1.50028657913208,0.260095089673996,0.591879665851593,14_Jun_2023_08_35
1,5,4,0,2,1,0,4,6,3,1,24,2,41,1,0,5,4,2,2,5,0,2,10,33,0,1,4,3,-1.23385393619537,0.183264940977097,0.530210316181183,-1.59168231487274,0.108763955533504,0.557736992835999,-2.19195318222046,0.032854437828064,1.44724690914154,-1.49746239185333,0.258803129196167,0.595360338687897,14_Jun_2023_08_35
0,4,2,4,1,4,2,3,7,4,1,25,0,40,2,1,4,0,4,0,4,1,1,9,31,1,1,5,3,-1.23185932636261,0.184536695480347,0.533608734607697,-1.59133470058441,0.108632363379002,0.5581014752388,-2.19195532798767,0.032836616039276,1.44724094867706,-1.49701702594757,0.258681923151016,0.596766471862793,14_Jun_2023_08_35
0,4,0,2,1,1,0,4,4,3,3,26,0,39,3,1,4,2,0,1,5,2,1,9,33,2,1,4,3,-1.23406493663788,0.185217842459679,0.532459855079651,-1.58958196640015,0.114167772233486,0.547525525093079,-2.1919207572937,0.032865099608898,1.44722056388855,-1.49799191951752,0.2589171230793,0.599571704864502,14_Jun_2023_08_35
1,2,0,1,1,2,1,6,6,4,1,24,1,40,4,2,6,2,1,2,5,2,0,12,32,1,1,9,3,-1.2393217086792,0.186351388692856,0.528688609600067,-1.59295320510864,0.106644921004772,0.567973673343658,-2.19196176528931,0.032863974571228,1.44727599620819,-1.50105285644531,0.259689450263977,0.602187275886535,14_Jun_2023_08_35
0,3,1,2,1,1,3,1,7,3,2,25,0,41,4,1,4,4,1,1,5,2,0,11,31,3,1,5,5,-1.24251651763916,0.186529904603958,0.525644183158875,-1.59362709522247,0.10903525352478,0.562002062797546,-2.1919527053833,0.032855689525604,1.44723391532898,-1.50275564193726,0.25998044013977,0.604511201381683,14_Jun_2023_08_35
0,2,3,4,1,2,0,5,7,3,0,26,0,38,2,0,3,1,4,1,4,1,2,12,29,2,0,7,3,-1.24213230609894,0.187696918845177,0.524156987667084,-1.59368467330933,0.109469398856163,0.563077807426453,-2.1919846534729,0.032838054001331,1.44724106788635,-1.50326371192932,0.260003983974457,0.60701984167099,14_Jun_2023_08_35
0,0,1,3,0,3,2,5,6,3,1,24,0,41,1,2,4,1,1,1,4,2,0,11,29,2,2,5,3,-1.238316655159,0.192972421646118,0.515272498130798,-1.59321141242981,0.110203616321087,0.561265707015991,-2.19195818901062,0.032831270247698,1.44726169109344,-1.50379574298859,0.259789377450943,0.609778463840485,14_Jun_2023_08_35
1,2,0,1,1,3,1,6,6,5,1,26,0,36,1,3,6,1,1,2,4,0,0,10,33,2,1,4,5,-1.23750174045563,0.209981501102447,0.488078624010086,-1.59292161464691,0.111157536506653,0.557847678661346,-2.19195556640625,0.032851748168469,1.44724547863007,-1.50396275520325,0.260398209095001,0.608919978141785,14_Jun_2023_08_35
0,2,0,3,2,2,1,5,7,5,0,26,2,37,2,2,4,2,0,1,6,0,2,11,33,2,1,5,5,-1.24711179733276,0.237433239817619,0.450640827417374,-1.5984570980072,0.110004380345345,0.564729988574982,-2.19196510314941,0.032827794551849,1.44727647304535,-1.5146758556366,0.263768315315247,0.612994849681854,14_Jun_2023_08_35
1,1,1,1,1,2,1,4,6,2,1,24,1,40,0,1,3,3,1,1,4,1,1,13,31,3,1,4,7,-1.26590919494629,0.274320513010025,0.404609888792038,-1.60000467300415,0.11746833473444,0.557885766029358,-2.19198274612427,0.033126961439848,1.44717347621918,-1.51171433925629,0.27517506480217,0.603846311569214,14_Jun_2023_08_35
0,2,2,3,0,3,1,3,7,3,1,23,0,38,2,1,6,3,4,2,4,0,1,11,31,1,4,4,3,-1.29207241535187,0.304069668054581,0.371243208646774,-1.58985257148743,0.156540155410767,0.538117468357086,-2.19192719459534,0.033132139593363,1.4471617937088,-1.49901449680328,0.30435773730278,0.612663090229034,14_Jun_2023_08_35
0,2,0,1,0,3,1,6,5,3,2,26,2,39,2,4,4,2,1,1,4,2,1,11,31,2,1,5,4,-1.3121532201767,0.318374097347259,0.344643533229828,-1.58241260051727,0.178923040628433,0.503234922885895,-2.19194841384888,0.033130399882794,1.4471640586853,-1.49114203453064,0.316352277994156,0.59586226940155,14_Jun_2023_08_35
1,4,3,1,0,1,1,4,8,2,1,24,1,39,2,2,3,1,0,0,4,4,1,12,28,2,1,7,5,-1.32693040370941,0.326043248176575,0.324071407318115,-1.57574284076691,0.182812914252281,0.494206070899963,-2.19191479682922,0.033131837844849,1.44716930389404,-1.4868757724762,0.326533585786819,0.579590976238251,14_Jun_2023_08_35
1,2,3,1,1,2,0,4,6,3,1,26,0,38,2,2,4,2,2,2,5,0,1,12,30,2,0,5,4,-1.33972537517548,0.327930629253387,0.321733266115189,-1.55659675598145,0.180434331297874,0.508514642715454,-2.19190287590027,0.033135965466499,1.44713890552521,-1.46630966663361,0.325211435556412,0.590524256229401,14_Jun_2023_08_35
1,3,0,2,0,2,2,4,7,4,0,25,0,39,2,2,4,0,1,2,3,0,0,9,30,2,0,4,4,-1.35104119777679,0.330314159393311,0.335429549217224,-1.52552962303162,0.184134244918823,0.533757150173187,-2.19193935394287,0.033154454082251,1.44718670845032,-1.43465423583984,0.322822988033295,0.62254810333252,14_Jun_2023_08_35
2,2,1,1,1,2,1,4,7,3,2,25,1,38,4,1,4,5,0,0,4,1,1,13,32,3,1,5,5,-1.36174643039703,0.331619739532471,0.375670999288559,-1.49224853515625,0.192446082830429,0.558629155158997,-2.19195103645325,0.033158171921969,1.44717085361481,-1.40374362468719,0.319386005401611,0.662704646587372,14_Jun_2023_08_35
1,6,1,1,0,1,2,7,7,3,1,25,0,39,1,1,5,2,0,1,3,0,1,15,28,1,3,5,5,-1.36771380901337,0.331404715776443,0.435814440250397,-1.47120594978333,0.203357428312302,0.563426613807678,-2.19192314147949,0.033129721879959,1.44716215133667,-1.39645934104919,0.310871839523315,0.695230960845947,14_Jun_2023_08_35
1,3,1,1,0,1,1,3,7,0,0,28,0,41,2,1,4,1,0,3,4,1,0,12,32,0,3,5,3,-1.3718364238739,0.332094579935074,0.504184365272522,-1.4697927236557,0.210226878523827,0.617513298988342,-2.19191551208496,0.033119324594736,1.44717562198639,-1.38409221172333,0.305404454469681,0.751663684844971,14_Jun_2023_08_35
0,3,2,1,0,2,1,2,7,2,1,27,1,44,2,0,5,1,0,3,4,0,0,14,29,3,0,5,6,-1.36761128902435,0.327012747526169,0.565456092357636,-1.47252953052521,0.200749337673187,0.708469331264496,-2.19195413589478,0.033098313957453,1.44715595245361,-1.37480568885803,0.301304340362549,0.829059839248657,14_Jun_2023_08_35
1,5,1,1,2,2,0,3,8,3,0,29,1,41,2,1,3,4,1,1,5,1,1,15,32,2,1,5,7,-1.36628723144531,0.326725840568542,0.613509476184845,-1.47518646717072,0.188645169138908,0.80033814907074,-2.19193410873413,0.033071134239435,1.44717860221863,-1.35642051696777,0.297044634819031,0.891626596450806,14_Jun_2023_08_35
1,3,1,6,1,7,2,2,6,4,1,30,0,45,2,2,4,2,0,0,4,3,1,13,31,2,1,4,5,-1.3646799325943,0.328174769878387,0.644590556621552,-1.47135305404663,0.168641552329063,0.904703915119171,-2.19196319580078,0.033093117177487,1.44719910621643,-1.33867347240448,0.294858247041702,0.947856903076172,14_Jun_2023_08_35
3,2,1,2,1,3,2,2,6,3,2,27,1,43,3,6,3,2,1,2,4,1,1,15,32,2,1,4,5,-1.35908961296082,0.329332411289215,0.654881119728088,-1.47599518299103,0.150068342685699,0.948964476585388,-2.1919674873352,0.033146362751722,1.4472291469574,-1.35585629940033,0.294270783662796,0.96893322467804,14_Jun_2023_08_35
1,5,0,2,1,7,1,3,8,4,0,26,0,50,0,3,4,1,3,0,5,0,1,13,34,1,1,4,6,-1.35320842266083,0.329274296760559,0.654246270656586,-1.43918824195862,0.112047113478184,0.978597402572632,-2.1919686794281,0.033114116638899,1.44723045825958,-1.35654377937317,0.28329810500145,0.970044553279877,14_Jun_2023_08_35
1,2,3,2,2,3,1,4,7,2,0,26,0,38,3,2,5,3,0,2,4,3,1,12,30,2,2,5,4,-1.35364735126495,0.329990059137344,0.658767819404602,-1.40897214412689,0.101709648966789,0.981435120105743,-2.19196963310242,0.033118154853582,1.44721627235413,-1.3326872587204,0.276140630245209,0.983620524406433,14_Jun_2023_08_35
1,4,1,1,0,3,0,3,8,2,1,27,1,43,2,2,4,4,0,2,4,5,1,12,28,3,1,5,4,-1.3573489189148,0.331040680408478,0.664645612239838,-1.41463589668274,0.104224681854248,0.962806880474091,-2.19193816184998,0.03310639411211,1.44719922542572,-1.32931077480316,0.272625774145126,0.98111617565155,14_Jun_2023_08_35
0,3,2,2,2,4,1,4,7,4,0,23,0,39,1,3,5,3,1,1,4,1,0,13,31,3,0,4,4,-1.36090576648712,0.33249294757843,0.664971768856049,-1.43232321739197,0.116857647895813,0.942066967487335,-2.19194912910461,0.033096313476563,1.4472062587738,-1.33588051795959,0.273731052875519,0.978269398212433,14_Jun_2023_08_35
1,3,1,2,2,4,1,4,7,4,1,26,0,44,2,2,5,3,0,3,5,1,1,11,32,1,0,4,3,-1.36237251758575,0.332631886005402,0.660786330699921,-1.43780529499054,0.113177344202995,0.946754276752472,-2.19192862510681,0.033109806478024,1.44718635082245,-1.34538578987122,0.27311897277832,0.974668323993683,14_Jun_2023_08_35
1,4,1,3,1,4,0,3,6,1,1,25,0,42,1,1,2,2,6,1,6,0,1,12,29,3,1,5,5,-1.36335623264313,0.332234501838684,0.657322525978088,-1.43377494812012,0.107009135186672,0.9521244764328,-2.19193458557129,0.033115271478891,1.44722938537598,-1.35095596313477,0.272677421569824,0.973405241966248,14_Jun_2023_08_35
0,1,2,1,0,0,1,3,9,3,1,24,0,43,1,2,3,2,0,1,6,2,1,12,30,1,1,5,4,-1.36425530910492,0.329560667276382,0.65710324048996,-1.43700778484344,0.103320062160492,0.960682451725006,-2.19194889068604,0.033142786473036,1.44721031188965,-1.3535088300705,0.272735804319382,0.977580428123474,14_Jun_2023_08_35
2,2,1,2,2,1,0,3,6,4,0,27,0,42,2,1,3,2,0,1,5,0,1,14,31,1,0,5,3,-1.35856103897095,0.319382160902023,0.662435233592987,-1.47500109672546,0.109423652291298,0.981207489967346,-2.19195675849915,0.033092636615038,1.44720876216888,-1.37653005123138,0.268386155366898,0.977962851524353,14_Jun_2023_08_35
1,2,1,2,1,2,2,3,6,3,0,25,0,41,0,4,3,3,0,2,6,2,2,15,28,3,0,4,3,-1.34225738048553,0.295277297496796,0.665211498737335,-1.53067553043365,0.114456094801426,0.993127763271332,-2.19195747375488,0.033112537115812,1.44719398021698,-1.42161786556244,0.264051735401154,0.969672799110413,14_Jun_2023_08_35
1,3,1,1,4,1,2,5,5,2,0,25,1,42,2,2,4,2,1,2,3,1,1,12,28,2,2,3,5,-1.3330374956131,0.260101526975632,0.67428582906723,-1.56023299694061,0.086772561073303,0.990277528762817,-2.19196772575378,0.033100750297308,1.4471994638443,-1.46113097667694,0.242526561021805,0.952782809734344,14_Jun_2023_08_35
0,2,2,1,1,3,1,6,7,3,1,26,1,40,2,1,4,2,0,2,6,1,1,14,32,3,1,8,4,-1.33519017696381,0.243222951889038,0.672936141490936,-1.58606827259064,0.074187941849232,0.999469220638275,-2.1919527053833,0.033095397055149,1.4471937417984,-1.49072277545929,0.231213226914406,0.953980922698975,14_Jun_2023_08_35
2,1,0,2,2,2,1,3,7,3,2,24,1,39,0,2,2,2,1,2,5,0,1,14,34,2,0,5,5,-1.35453486442566,0.241444438695908,0.671531975269318,-1.60590827465057,0.074556551873684,0.997176468372345,-2.19192886352539,0.033096920698881,1.44717729091644,-1.51876354217529,0.233205989003181,0.949611127376556,14_Jun_2023_08_35
2,3,1,1,1,1,2,4,5,5,0,25,0,41,2,0,2,2,0,2,4,1,1,14,28,2,1,5,5,-1.38446044921875,0.240281105041504,0.680895328521729,-1.61981499195099,0.080089576542378,0.999327182769775,-2.19199252128601,0.032889951020479,1.4472941160202,-1.53803324699402,0.240096926689148,0.952790379524231,14_Jun_2023_08_35
0,3,0,1,1,2,1,6,7,3,0,25,4,37,2,2,2,2,0,1,5,1,1,15,30,1,2,5,5,-1.41010165214539,0.232415899634361,0.699636995792389,-1.62897932529449,0.085044033825398,0.998799920082092,-2.1919322013855,0.032746780663729,1.44724190235138,-1.5543315410614,0.246167838573456,0.954931855201721,14_Jun_2023_08_35
1,2,2,2,2,1,2,3,6,2,1,25,1,39,1,1,1,1,0,0,5,0,1,14,30,3,0,4,3,-1.42519915103912,0.226367190480232,0.722599923610687,-1.6349333524704,0.087834879755974,0.999898552894592,-2.19193434715271,0.032689820975065,1.44724750518799,-1.56582772731781,0.252196460962296,0.958102107048035,14_Jun_2023_08_35
0,3,2,3,0,2,1,9,6,2,1,26,0,44,2,2,3,1,2,1,5,2,1,13,29,2,0,4,3,-1.43358409404755,0.224193751811981,0.737130522727966,-1.63589692115784,0.087976410984993,1.00150907039642,-2.19193911552429,0.032717891037464,1.44727420806885,-1.57009470462799,0.253947705030441,0.960578382015228,14_Jun_2023_08_35
0,2,0,2,2,1,1,5,8,2,1,24,1,39,2,2,2,1,1,2,7,1,1,12,33,2,1,5,4,-1.4354110956192,0.224495723843574,0.735426187515259,-1.6352356672287,0.087639704346657,1.00153720378876,-2.19194221496582,0.032750073820353,1.44722330570221,-1.57178223133087,0.25426971912384,0.960682809352875,14_Jun_2023_08_35
1,4,0,3,0,1,2,6,5,2,1,25,1,40,1,1,2,2,0,2,3,1,0,14,30,0,6,5,3,-1.44146978855133,0.223574697971344,0.7318354845047,-1.63704144954681,0.088969811797142,1.00093269348145,-2.19197082519531,0.032737512141466,1.44728755950928,-1.57689952850342,0.256259858608246,0.958172738552094,14_Jun_2023_08_35
1,0,1,5,1,3,3,8,7,7,1,23,1,45,1,1,1,6,0,1,4,1,2,14,30,2,0,8,5,-1.45287263393402,0.225565433502197,0.730010569095612,-1.63868057727814,0.089823566377163,1.00163686275482,-2.19194722175598,0.03273344412446,1.44723272323608,-1.58300518989563,0.258883208036423,0.958536803722382,14_Jun_2023_08_35
2,1,2,1,0,1,3,4,5,4,0,27,0,39,1,1,3,2,3,0,3,1,1,16,32,1,0,3,5,-1.46399009227753,0.22340726852417,0.731017351150513,-1.64257597923279,0.091710105538368,1.0015572309494,-2.19197702407837,0.032587964087725,1.44721412658691,-1.59187531471252,0.261575013399124,0.958000242710114,14_Jun_2023_08_35
1,3,2,3,1,2,1,5,7,2,2,24,2,40,2,2,2,2,1,2,5,0,1,14,30,2,1,5,4,-1.46496272087097,0.223973825573921,0.728408336639404,-1.64383006095886,0.092538677155972,1.00088429450989,-2.1919538974762,0.032666426151991,1.44721460342407,-1.59520769119263,0.262796580791473,0.955941796302795,14_Jun_2023_08_35
0,2,2,0,1,0,1,3,7,3,1,23,1,45,1,2,5,2,0,2,3,1,0,14,29,4,0,3,2,-1.46425759792328,0.224531471729279,0.728292405605316,-1.6414235830307,0.091650396585465,1.00039219856262,-2.19197916984558,0.032679777592421,1.44723355770111,-1.58999836444855,0.26120787858963,0.954679608345032,14_Jun_2023_08_35
0,2,2,2,2,3,0,4,8,4,1,25,0,44,1,1,4,1,1,1,6,1,1,14,32,4,1,6,4,-1.47118663787842,0.227061688899994,0.726828455924988,-1.64116835594177,0.091663561761379,1.00014734268188,-2.19193005561829,0.032702367752791,1.44723498821259,-1.58978796005249,0.261520683765411,0.954937636852264,14_Jun_2023_08_35
2,2,0,0,1,1,1,4,8,2,1,27,1,41,0,1,3,2,0,1,5,1,1,12,29,1,1,4,5,-1.48342549800873,0.229013711214066,0.729405522346497,-1.64459276199341,0.092743530869484,1.0010199546814,-2.19193959236145,0.032655969262123,1.44726014137268,-1.59710013866425,0.263811051845551,0.956872582435608,14_Jun_2023_08_35
2,2,3,1,1,1,0,6,8,3,0,25,1,41,2,2,4,1,1,2,4,0,1,15,31,2,3,4,5,-1.49210059642792,0.228726610541344,0.732532680034637,-1.64703369140625,0.093890853226185,1.00098598003387,-2.19197607040405,0.032627023756504,1.447221159935,-1.60493743419647,0.26665922999382,0.957151770591736,14_Jun_2023_08_35
0,2,1,1,1,2,3,5,7,4,0,27,0,45,1,1,2,5,0,0,5,1,1,16,31,2,1,5,3,-1.49194753170013,0.23070678114891,0.729667246341705,-1.64824855327606,0.094306856393814,1.00166201591492,-2.19196820259094,0.032650835812092,1.4472930431366,-1.60859942436218,0.267688602209091,0.956940352916718,14_Jun_2023_08_35
1,3,0,1,0,1,0,2,8,3,0,27,0,39,1,1,1,1,1,1,4,0,1,14,29,1,1,6,4,-1.49245393276215,0.229793265461922,0.732075810432434,-1.64932870864868,0.094813480973244,1.00172924995422,-2.1919801235199,0.032654583454132,1.44727003574371,-1.61043977737427,0.268162131309509,0.955774128437042,14_Jun_2023_08_35
3,4,3,0,0,5,2,1,5,3,0,28,1,40,2,1,1,2,1,1,3,1,1,17,30,1,1,4,4,-1.48962688446045,0.228972151875496,0.732535600662231,-1.64734828472137,0.093672178685665,1.00203800201416,-2.19198274612427,0.032695915549994,1.44725048542023,-1.60555338859558,0.266791224479675,0.957121133804321,14_Jun_2023_08_35
3,3,0,1,2,4,0,2,8,3,0,27,0,41,1,1,2,6,0,1,4,1,0,14,32,3,1,4,4,-1.48710346221924,0.2290990203619,0.73226535320282,-1.64761817455292,0.093744970858097,1.00233674049377,-2.19196772575378,0.03266853094101,1.44725668430328,-1.6062068939209,0.266835272312164,0.957344770431519,14_Jun_2023_08_35
1,3,0,2,1,2,2,1,7,4,2,26,1,39,0,1,2,2,0,1,5,1,1,14,30,3,0,4,8,-1.48486137390137,0.228839680552483,0.731866717338562,-1.64854454994202,0.094413176178932,1.00239586830139,-2.19197773933411,0.032657563686371,1.44728136062622,-1.60979747772217,0.267792582511902,0.9561328291893,14_Jun_2023_08_35
0,4,2,3,3,1,0,1,7,1,2,25,0,38,3,1,2,2,0,2,5,0,0,15,30,2,2,3,3,-1.48366928100586,0.228380650281906,0.732082664966583,-1.64945554733276,0.094978764653206,1.00238811969757,-2.1919686794281,0.032660886645317,1.44722175598145,-1.61159479618073,0.268439441919327,0.955123245716095,14_Jun_2023_08_35
1,2,1,1,1,3,1,3,7,2,1,27,1,40,1,0,1,1,0,2,5,1,0,16,31,1,0,3,4,-1.48411703109741,0.22755441069603,0.733311116695404,-1.64959692955017,0.095118828117848,1.00260150432587,-2.19199132919312,0.032638896256685,1.44724178314209,-1.61272716522217,0.268677920103073,0.954748272895813,14_Jun_2023_08_35
1,2,1,1,1,2,0,2,7,4,0,26,1,40,3,0,1,3,0,1,4,6,2,12,30,1,0,4,4,-1.48346841335297,0.226851269602776,0.73441606760025,-1.64912080764771,0.094639785587788,1.00221800804138,-2.19195866584778,0.032644990831614,1.44729912281036,-1.6117297410965,0.26827484369278,0.954972565174103,14_Jun_2023_08_35
2,2,2,1,2,2,3,2,6,2,1,26,0,40,1,1,3,2,0,1,5,0,1,15,30,2,0,4,4,-1.47776830196381,0.224897056818008,0.734734773635864,-1.64858245849609,0.094405010342598,1.00204193592072,-2.19197034835815,0.032592736184597,1.44726419448853,-1.60914874076843,0.267385452985764,0.953685462474823,14_Jun_2023_08_35
0,2,1,2,1,3,1,7,7,2,0,27,0,40,5,1,1,1,0,2,5,2,1,15,32,2,0,4,6,-1.46379888057709,0.223111540079117,0.735166192054749,-1.64505696296692,0.092611350119114,1.00282740592957,-2.191969871521,0.032614964991808,1.44727182388306,-1.59971034526825,0.264208316802979,0.956104815006256,14_Jun_2023_08_35
1,3,1,1,0,2,0,7,6,2,0,27,2,41,1,1,2,2,1,1,6,0,1,18,33,2,2,4,5,-1.44688594341278,0.219924941658974,0.73544180393219,-1.64083695411682,0.090062275528908,1.00349164009094,-2.19196939468384,0.032642424106598,1.4472461938858,-1.58803343772888,0.259919345378876,0.958773791790008,14_Jun_2023_08_35
1,5,1,2,0,2,1,4,7,3,1,25,1,43,1,1,2,3,0,1,4,1,2,16,30,1,1,4,9,-1.42921149730682,0.21677328646183,0.735155165195465,-1.63736176490784,0.087587371468544,1.00368916988373,-2.19198822975159,0.032671842724085,1.44727540016174,-1.57699525356293,0.255432397127151,0.960647642612457,14_Jun_2023_08_35
0,3,1,3,0,1,1,5,7,2,0,26,2,43,2,1,3,2,1,3,4,0,1,15,31,2,0,4,6,-1.41632676124573,0.215636983513832,0.734313726425171,-1.6337103843689,0.085523493587971,1.00388038158417,-2.19194722175598,0.032726284116507,1.447221159935,-1.56835424900055,0.251975893974304,0.962089896202087,14_Jun_2023_08_35
1,1,2,1,0,5,2,2,7,2,0,26,3,41,1,2,2,1,2,1,5,1,1,14,30,1,0,4,4,-1.41338038444519,0.216702356934547,0.733691990375519,-1.63293051719666,0.085122913122177,1.00455558300018,-2.19199752807617,0.03271871060133,1.44723045825958,-1.56618642807007,0.251339375972748,0.962250530719757,14_Jun_2023_08_35
2,1,2,1,2,1,2,7,7,3,1,25,2,39,0,0,3,2,0,1,4,1,2,14,31,1,1,4,5,-1.42062556743622,0.218674451112747,0.732671082019806,-1.63554620742798,0.086713910102844,1.00402128696442,-2.19200253486633,0.032754927873612,1.44725131988525,-1.57199931144714,0.253931879997253,0.960407376289368,14_Jun_2023_08_35
1,3,2,2,1,1,1,6,6,5,1,25,0,41,2,1,2,1,0,1,4,1,1,15,32,2,0,4,3,-1.43355429172516,0.2212103754282,0.733192265033722,-1.63955557346344,0.089379630982876,1.00297296047211,-2.19196796417236,0.032680805772543,1.4472359418869,-1.58108770847321,0.257614225149155,0.958045661449432,14_Jun_2023_08_35
0,1,1,3,1,1,1,6,6,2,1,28,0,40,1,2,2,2,1,1,3,0,0,16,33,1,0,4,5,-1.4437335729599,0.223031014204025,0.734272241592407,-1.64006650447845,0.08934847265482,1.00342035293579,-2.19192552566528,0.032669514417648,1.44726276397705,-1.58333849906921,0.258431136608124,0.959745109081268,14_Jun_2023_08_35
2,1,2,1,1,2,1,4,9,1,1,25,1,41,1,1,4,2,0,0,7,1,2,14,31,2,0,3,6,-1.45149409770966,0.22467802464962,0.73532247543335,-1.64007699489594,0.08917511254549,1.0036369562149,-2.1919960975647,0.032656528055668,1.44727218151093,-1.58324980735779,0.258169710636139,0.961365759372711,14_Jun_2023_08_35
2,3,1,2,1,2,1,7,8,2,1,25,1,41,1,1,4,3,1,1,5,1,3,14,33,1,1,3,5,-1.45228350162506,0.224499762058258,0.734108924865723,-1.63920819759369,0.088508456945419,1.00387489795685,-2.1919858455658,0.032642967998982,1.44730281829834,-1.57998502254486,0.256471365690231,0.962187707424164,14_Jun_2023_08_35
1,2,1,1,0,1,1,2,5,4,1,25,1,39,1,0,5,2,1,0,5,1,1,14,29,0,1,3,5,-1.44122219085693,0.2221489995718,0.731608808040619,-1.63491547107697,0.085502460598946,1.00448405742645,-2.19196677207947,0.032657913863659,1.44725906848907,-1.56872022151947,0.250931143760681,0.964113652706146,14_Jun_2023_08_35
0,3,1,1,1,1,2,5,8,2,1,25,1,40,1,1,5,1,2,1,4,0,0,15,30,2,0,4,6,-1.41396963596344,0.221216678619385,0.734168350696564,-1.61330318450928,0.074735343456268,1.01217639446259,-2.19194316864014,0.032848566770554,1.44713270664215,-1.51926398277283,0.230672225356102,0.980610191822052,14_Jun_2023_08_35
0,6,0,2,2,2,0,3,8,5,1,27,0,40,0,2,4,3,2,1,6,0,1,13,30,3,0,3,4,-1.39607155323029,0.222856506705284,0.763679087162018,-1.6080447435379,0.124655283987522,1.00928127765656,-2.19193029403687,0.032932538539171,1.44722294807434,-1.47165501117706,0.239462241530418,1.00539088249207,14_Jun_2023_08_35
2,2,2,1,1,2,2,4,7,2,2,27,1,42,2,2,4,2,1,3,5,1,0,14,29,2,1,2,4,-1.39917230606079,0.222955137491226,0.782817423343658,-1.6523654460907,0.14691886305809,0.963659822940826,-2.19277620315552,0.032606169581413,1.4469165802002,-1.51718103885651,0.247888699173927,1.02879106998444,14_Jun_2023_08_35
0,2,1,2,1,3,0,3,7,6,0,28,1,41,0,3,4,3,0,0,5,0,1,14,31,3,2,3,5,-1.40171229839325,0.220643401145935,0.796811044216156,-1.67229855060577,0.136020302772522,0.955544114112854,-2.19195890426636,0.032923467457295,1.44721698760986,-1.54759073257446,0.242267370223999,1.03298389911652,14_Jun_2023_08_35
0,3,2,2,1,1,1,3,7,4,0,27,1,41,1,1,4,2,1,1,5,1,5,16,30,3,1,3,5,-1.40814781188965,0.222384750843048,0.809036731719971,-1.67381906509399,0.133976772427559,0.961293518543243,-2.19286513328552,0.03283978253603,1.44717085361481,-1.54993140697479,0.236737295985222,1.04377162456512,14_Jun_2023_08_35
2,2,2,1,2,3,1,3,5,2,0,26,1,41,1,1,5,1,1,1,8,2,1,13,29,1,2,4,4,-1.41467368602753,0.226127207279205,0.81826514005661,-1.66776633262634,0.134623885154724,0.963372766971588,-2.19211745262146,0.033054664731026,1.4472382068634,-1.5462920665741,0.235199227929115,1.0510687828064,14_Jun_2023_08_35
1,6,2,2,1,3,0,2,6,4,1,27,0,40,1,1,8,2,1,1,4,0,0,13,30,2,0,2,5,-1.41588926315308,0.226654335856438,0.825705707073212,-1.66338002681732,0.13022717833519,0.967881381511688,-2.191819190979,0.033072203397751,1.4472222328186,-1.54301881790161,0.231330916285515,1.05803203582764,14_Jun_2023_08_35
0,4,0,2,0,1,1,2,6,2,0,28,1,42,0,3,4,3,1,0,5,1,1,14,30,2,0,4,5,-1.41287684440613,0.226916551589966,0.833525002002716,-1.66912496089935,0.137137442827225,0.969459056854248,-2.19270396232605,0.032559353858233,1.4468594789505,-1.54809331893921,0.233757883310318,1.06355404853821,14_Jun_2023_08_35
1,4,0,3,1,2,2,2,8,3,1,26,1,42,1,2,5,3,1,1,5,1,1,15,29,1,1,2,5,-1.40845060348511,0.227300345897675,0.839987397193909,-1.67930912971497,0.139905959367752,0.966808319091797,-2.19281244277954,0.032882504165173,1.44720685482025,-1.55809545516968,0.235364198684692,1.063849568367,14_Jun_2023_08_35
2,3,2,1,1,3,1,5,7,3,2,27,1,40,2,4,7,4,1,0,4,3,1,14,29,2,0,3,3,-1.40593111515045,0.230068415403366,0.845391690731049,-1.68657779693604,0.147822365164757,0.975810527801514,-2.19200253486633,0.032949093729258,1.44724869728088,-1.55721402168274,0.23697617650032,1.06839287281036,14_Jun_2023_08_35
0,3,0,0,0,2,1,1,5,4,1,27,0,44,1,1,3,2,0,2,4,1,2,13,32,1,1,4,3,-1.40427815914154,0.228155612945557,0.845234930515289,-1.69087743759155,0.142854869365692,0.998961448669434,-2.19195532798767,0.032874889671803,1.44718062877655,-1.55473339557648,0.232917115092278,1.08017659187317,14_Jun_2023_08_35
2,3,0,0,0,3,0,2,6,3,0,28,2,42,2,2,5,2,0,2,5,1,0,12,30,2,0,3,5,-1.40436339378357,0.225513771176338,0.847731173038483,-1.68500530719757,0.135696411132813,1.00410759449005,-2.19187140464783,0.033043496310711,1.44718289375305,-1.55249714851379,0.226665690541267,1.087721824646,14_Jun_2023_08_35
0,2,2,3,4,3,1,4,6,4,1,26,0,42,1,2,4,1,4,3,4,0,0,14,30,1,2,3,4,-1.40668451786041,0.225873023271561,0.852961122989654,-1.6728755235672,0.126053228974342,1.00285053253174,-2.19177389144897,0.033051017671824,1.44719004631042,-1.54676067829132,0.221835777163506,1.09027659893036,14_Jun_2023_08_35
0,2,1,2,2,1,0,1,6,4,1,27,2,43,4,2,4,3,0,0,3,1,2,17,32,2,0,6,3,-1.40780794620514,0.226771011948585,0.854091346263886,-1.67516994476318,0.134042546153069,1.00997650623322,-2.19285726547241,0.032767958939076,1.44713222980499,-1.54064774513245,0.221128061413765,1.09257304668427,14_Jun_2023_08_35
2,3,2,1,0,2,0,4,7,4,2,24,1,44,1,2,4,2,0,1,5,3,0,15,30,0,1,2,6,-1.40826058387756,0.230135962367058,0.856127262115479,-1.66597557067871,0.127398997545242,1.04101419448853,-2.19217801094055,0.033059407025576,1.44719731807709,-1.51991498470306,0.219399198889732,1.09218621253967,14_Jun_2023_08_35
0,3,1,1,1,1,2,4,6,1,0,25,2,41,3,2,6,2,0,1,4,2,1,12,29,2,0,4,5,-1.40370655059814,0.229150265455246,0.855339169502258,-1.66222786903381,0.10667759925127,1.07254362106323,-2.19193625450134,0.03302888199687,1.44722294807434,-1.51751911640167,0.2153400182724,1.09400379657745,14_Jun_2023_08_35
0,2,0,5,1,2,0,3,5,2,0,25,1,40,2,1,4,1,1,1,5,1,2,16,31,1,0,3,3,-1.40355432033539,0.226699665188789,0.851764261722565,-1.66818118095398,0.104887545108795,1.07014489173889,-2.19198966026306,0.032869305461645,1.44724214076996,-1.52940368652344,0.22414219379425,1.08317172527313,14_Jun_2023_08_35
2,2,0,0,0,0,1,4,7,2,0,25,1,40,1,0,5,2,0,0,4,1,1,17,29,1,0,4,4,-1.40654122829437,0.226972430944443,0.843842267990112,-1.67169606685638,0.10737382620573,1.06763672828674,-2.19195437431335,0.032840400934219,1.44718503952026,-1.53796482086182,0.232614099979401,1.07451605796814,14_Jun_2023_08_35
1,3,2,1,1,3,1,4,7,3,2,25,1,40,1,2,4,2,1,2,4,1,1,14,30,2,1,3,4,-1.41059935092926,0.227234020829201,0.830062806606293,-1.67804825305939,0.108700484037399,1.06320595741272,-2.1919641494751,0.032817117869854,1.44722211360931,-1.55287206172943,0.24202436208725,1.06073486804962,14_Jun_2023_08_35
0,2,3,1,1,3,1,5,6,3,1,25,2,39,2,0,3,4,0,4,4,1,5,17,32,5,1,4,3,-1.40587878227234,0.223574116826057,0.806858837604523,-1.6783607006073,0.109332181513309,1.05876302719116,-2.19193029403687,0.03278399258852,1.44722032546997,-1.55468428134918,0.243160501122475,1.0462898015976,14_Jun_2023_08_35
0,1,0,2,2,1,3,7,7,2,1,23,1,40,2,2,5,1,1,1,5,1,1,17,28,2,1,4,4,-1.39680314064026,0.2204709649086,0.779807031154633,-1.67892372608185,0.116233430802822,1.05151569843292,-2.19198274612427,0.032804824411869,1.44717907905579,-1.54891967773438,0.243279427289963,1.03065276145935,14_Jun_2023_08_35
2,2,1,2,0,2,0,5,6,1,0,26,0,42,2,1,5,1,0,2,7,1,1,13,28,5,3,3,3,-1.39137840270996,0.215952768921852,0.75804215669632,-1.67852973937988,0.110601104795933,1.04154801368713,-2.19196248054504,0.032770678400993,1.44716954231262,-1.55521774291992,0.238776445388794,1.01116251945496,14_Jun_2023_08_35
1,1,0,1,1,3,0,2,8,2,0,28,0,42,3,2,4,2,0,0,4,1,0,15,30,1,2,2,5,-1.39442241191864,0.215517103672028,0.743775606155396,-1.68082857131958,0.111168146133423,1.03943300247192,-2.19198870658875,0.032795708626509,1.44723355770111,-1.56400227546692,0.242708772420883,1.00336575508118,14_Jun_2023_08_35
3,4,0,1,0,2,2,7,6,2,2,25,0,40,3,2,7,3,0,1,6,1,1,14,30,2,0,3,4,-1.40075516700745,0.215627297759056,0.73307079076767,-1.68371617794037,0.112078614532948,1.03669250011444,-2.19194793701172,0.032705556601286,1.44719958305359,-1.5705748796463,0.244899436831474,0.998064875602722,14_Jun_2023_08_35
3,2,1,1,1,1,0,4,7,3,2,27,1,40,1,1,5,1,0,1,5,1,0,16,29,1,2,5,3,-1.40403318405151,0.21579572558403,0.72746992111206,-1.68531799316406,0.112812884151936,1.03372728824615,-2.1919641494751,0.032726809382439,1.44720578193665,-1.57424962520599,0.246512681245804,0.992774367332458,14_Jun_2023_08_35
0,3,0,1,2,3,1,3,6,4,1,27,2,41,4,2,4,2,0,2,4,1,1,16,32,2,0,3,4,-1.4048103094101,0.215732127428055,0.725938081741333,-1.68553924560547,0.112727954983711,1.03361797332764,-2.19198107719421,0.032702457159758,1.44721508026123,-1.57553434371948,0.246961370110512,0.991750121116638,14_Jun_2023_08_35
2,2,0,1,0,2,0,4,6,3,1,27,0,43,3,1,7,2,4,1,5,4,0,17,29,1,1,3,5,-1.40312707424164,0.214622005820274,0.724652826786041,-1.68525362014771,0.112607650458813,1.03356969356537,-2.19194674491882,0.032709997147322,1.44722986221313,-1.57475030422211,0.246248155832291,0.991839051246643,14_Jun_2023_08_35
0,2,3,2,0,3,1,3,6,3,0,26,0,40,1,2,5,1,2,1,3,1,2,17,28,3,0,2,2,-1.40043342113495,0.213826790452003,0.724036991596222,-1.68468880653381,0.112335950136185,1.03303289413452,-2.19197344779968,0.032720930874348,1.4472097158432,-1.5735582113266,0.245690777897835,0.991344690322876,14_Jun_2023_08_35
1,3,1,2,1,2,0,3,7,4,1,27,1,43,0,2,6,1,0,5,4,0,1,17,31,2,1,4,5,-1.39816558361053,0.213341787457466,0.722891926765442,-1.68451821804047,0.112844422459602,1.03386676311493,-2.19197702407837,0.032693345099688,1.44719576835632,-1.57126474380493,0.244465664029121,0.992171347141266,14_Jun_2023_08_35
1,2,1,0,0,3,1,2,6,2,0,27,0,43,1,2,5,1,4,1,5,1,0,16,30,1,1,5,4,-1.3954713344574,0.21240496635437,0.723011493682861,-1.683229804039,0.112111993134022,1.03441047668457,-2.1919538974762,0.032726675271988,1.44719707965851,-1.56838405132294,0.243002712726593,0.993439674377441,14_Jun_2023_08_35
0,2,2,1,1,2,1,3,5,2,0,27,0,44,2,2,6,3,0,2,4,0,0,14,29,2,0,3,7,-1.39209830760956,0.210325852036476,0.723066508769989,-1.68189740180969,0.111400812864304,1.03508317470551,-2.19195938110352,0.032694090157747,1.44718945026398,-1.5647873878479,0.241015315055847,0.995352506637573,14_Jun_2023_08_35
1,5,0,3,2,5,1,3,6,4,0,25,1,44,3,1,5,1,0,0,5,1,0,14,31,1,2,4,5,-1.38828933238983,0.208739697933197,0.722744822502136,-1.67957878112793,0.11078592389822,1.03484570980072,-2.19194483757019,0.032724853605032,1.44720375537872,-1.56040596961975,0.238865211606026,0.997087359428406,14_Jun_2023_08_35
1,3,1,2,0,1,1,3,7,3,1,26,1,42,2,1,4,3,0,1,5,5,1,14,30,1,1,3,4,-1.38477206230164,0.207212820649147,0.722645163536072,-1.6791535615921,0.110679425299168,1.03528654575348,-2.19196438789368,0.032689705491066,1.44719743728638,-1.55776751041412,0.237471252679825,0.998228907585144,14_Jun_2023_08_35
1,2,3,0,2,1,0,3,5,2,0,25,0,43,0,1,6,1,0,1,4,2,0,16,32,1,0,3,3,-1.38077771663666,0.204395085573196,0.722308099269867,-1.67844367027283,0.110401175916195,1.03518438339233,-2.19195222854614,0.032725144177675,1.44722807407379,-1.55576074123383,0.235940217971802,0.998989343643188,14_Jun_2023_08_35
2,3,1,2,2,2,0,2,6,2,0,26,0,43,1,1,5,2,0,0,4,0,1,17,29,0,0,4,4,-1.37433850765228,0.201477900147438,0.721777141094208,-1.67664706707001,0.109713979065418,1.03514397144318,-2.1919481754303,0.032748263329268,1.44721055030823,-1.55139565467834,0.233391046524048,1.00003802776337,14_Jun_2023_08_35
1,1,0,2,1,1,1,3,5,3,0,25,1,43,3,2,4,3,1,1,4,0,0,17,29,2,1,3,4,-1.36652433872223,0.198800846934319,0.719469904899597,-1.67463994026184,0.109224997460842,1.03469395637512,-2.19199013710022,0.032708633691073,1.44720876216888,-1.54586470127106,0.230396747589111,1.00069439411163,14_Jun_2023_08_35
6,3,1,2,0,1,0,3,7,5,1,26,0,43,2,2,6,2,1,1,3,3,1,16,30,1,0,6,4,-1.3608078956604,0.197676986455917,0.716786682605743,-1.67323124408722,0.109020859003067,1.03397512435913,-2.19194459915161,0.032775796949864,1.44720280170441,-1.54186952114105,0.228295341134071,1.00106239318848,14_Jun_2023_08_35
1,3,0,2,1,0,1,7,9,4,0,24,0,41,2,1,7,3,0,1,2,0,2,17,30,1,1,4,3,-1.35914075374603,0.197732105851173,0.715096414089203,-1.67278158664703,0.108908154070377,1.03356420993805,-2.19194674491882,0.032738819718361,1.44717085361481,-1.54060685634613,0.227494239807129,1.00070106983185,14_Jun_2023_08_35
1,2,0,1,1,1,0,6,10,3,1,27,0,41,1,2,4,2,1,0,5,1,0,13,30,1,1,5,4,-1.36084294319153,0.19879125058651,0.715445339679718,-1.67299854755402,0.108988903462887,1.03374660015106,-2.19195580482483,0.032748233526945,1.44719481468201,-1.54116928577423,0.228143259882927,1.00098705291748,14_Jun_2023_08_35
2,1,2,0,1,1,1,5,5,3,1,23,1,41,2,2,4,3,2,1,5,0,0,16,29,2,0,3,4,-1.36425530910492,0.199818938970566,0.714733064174652,-1.67478239536285,0.109594523906708,1.03288865089417,-2.19195294380188,0.032745648175478,1.44715189933777,-1.54532814025879,0.230461195111275,0.999024629592896,14_Jun_2023_08_35
0,5,0,1,1,2,1,1,6,2,1,24,1,43,1,1,5,2,0,0,4,0,1,15,32,1,0,4,5,-1.36833989620209,0.201983287930489,0.71488755941391,-1.67650520801544,0.110189504921436,1.03211915493011,-2.19194722175598,0.032743792980909,1.44715619087219,-1.54934680461884,0.233031094074249,0.997241854667664,14_Jun_2023_08_35
1,3,2,2,1,1,0,5,6,2,0,26,0,44,2,1,5,3,1,0,3,0,0,15,28,1,1,4,5,-1.37263751029968,0.203424051403999,0.715930163860321,-1.67810070514679,0.11051319539547,1.0323029756546,-2.19195365905762,0.032754793763161,1.44720995426178,-1.55291402339935,0.234800145030022,0.9967982172966,14_Jun_2023_08_35
0,1,2,1,0,2,1,8,7,3,1,24,1,44,2,1,6,1,1,0,3,1,0,16,28,2,0,4,7,-1.37742078304291,0.205408066511154,0.717614233493805,-1.67953240871429,0.111141622066498,1.03228843212128,-2.19193458557129,0.032734956592321,1.447181224823,-1.55600738525391,0.236918613314629,0.996573150157928,14_Jun_2023_08_35
0,2,0,1,2,1,1,6,7,3,0,29,1,42,2,3,5,2,1,1,4,1,4,15,30,1,1,4,3,-1.38549530506134,0.208479642868042,0.720762491226196,-1.68177366256714,0.111937031149864,1.0322014093399,-2.19198060035706,0.032734248787165,1.44716954231262,-1.56114876270294,0.240426421165466,0.99643212556839,14_Jun_2023_08_35
1,1,0,1,3,2,0,8,7,8,1,24,1,42,3,2,4,3,0,1,2,1,1,15,30,2,1,3,3,-1.39960062503815,0.211749270558357,0.725517868995667,-1.6840113401413,0.112309701740742,1.03380680084229,-2.1919641494751,0.032764099538326,1.44722986221313,-1.56923270225525,0.244275197386742,0.996757745742798,14_Jun_2023_08_35
1,2,2,1,1,1,2,6,7,3,1,26,0,45,2,1,6,2,0,4,3,1,0,17,28,3,0,4,5,-1.41829133033752,0.215105727314949,0.730817019939423,-1.68782341480255,0.113252885639668,1.03522121906281,-2.19196915626526,0.032724715769291,1.44725227355957,-1.5798351764679,0.248921915888786,0.997028172016144,14_Jun_2023_08_35
0,4,1,2,1,2,0,3,6,3,0,28,0,48,0,2,4,2,0,0,1,1,1,15,28,2,0,4,5,-1.43303191661835,0.219052672386169,0.732994198799133,-1.69216680526733,0.114437900483608,1.03447926044464,-2.19197845458984,0.032658856362105,1.44725024700165,-1.59022617340088,0.253113031387329,0.995477080345154,14_Jun_2023_08_35
0,2,3,1,0,2,1,2,5,5,0,26,1,47,1,2,5,3,1,1,5,1,1,15,28,3,2,3,3,-1.44596242904663,0.221225887537003,0.731330156326294,-1.69383037090302,0.11466708779335,1.0341717004776,-2.19201016426086,0.03264819458127,1.44727289676666,-1.59379863739014,0.254377692937851,0.994682848453522,14_Jun_2023_08_35
1,3,2,1,1,0,0,5,7,2,0,26,0,40,3,1,5,3,1,2,4,1,0,17,28,2,1,3,7,-1.45233178138733,0.218789458274841,0.731128573417664,-1.69192945957184,0.114201508462429,1.03395235538483,-2.19196963310242,0.03264993429184,1.44727730751038,-1.590123295784,0.252809196710587,0.995400667190552,14_Jun_2023_08_35
0,2,0,1,0,1,2,2,5,4,2,25,1,43,1,1,4,2,0,1,5,1,1,15,30,1,1,3,3,-1.44360685348511,0.216724038124084,0.729364514350891,-1.68991458415985,0.114227347075939,1.03488183021545,-2.19197821617126,0.032653216272593,1.44724500179291,-1.58225631713867,0.249345600605011,0.997112333774567,14_Jun_2023_08_35
2,3,1,1,1,2,1,1,8,4,0,28,0,45,1,1,6,2,1,1,4,1,1,16,29,1,2,4,5,-1.43188452720642,0.211202189326286,0.723321557044983,-1.68683457374573,0.113067582249641,1.03473627567291,-2.19201183319092,0.032626111060381,1.4472393989563,-1.57239675521851,0.244193270802498,0.999065279960632,14_Jun_2023_08_35
0,3,2,1,1,1,2,3,6,3,0,28,1,43,1,2,6,2,0,1,4,0,1,14,27,1,0,4,6,-1.41169333457947,0.202730149030685,0.722607254981995,-1.6826890707016,0.112098142504692,1.03413271903992,-2.19198846817017,0.032697387039662,1.44724154472351,-1.56049203872681,0.237720772624016,1.00101709365845,14_Jun_2023_08_35
4,3,1,1,1,2,0,4,6,4,0,27,1,44,1,1,4,2,1,0,5,0,4,17,31,1,1,3,3,-1.39011633396149,0.196267336606979,0.726131498813629,-1.67825758457184,0.111019231379032,1.03291141986847,-2.19199705123901,0.032729841768742,1.44722425937653,-1.54800915718079,0.23143270611763,1.00322985649109,14_Jun_2023_08_35
2,2,0,3,0,2,0,2,6,3,0,28,0,43,1,0,4,3,0,1,5,0,1,17,26,1,1,2,4,-1.3762811422348,0.192150428891182,0.727658569812775,-1.67452573776245,0.110123254358768,1.03263342380524,-2.19196081161499,0.032762747257948,1.44720017910004,-1.53996658325195,0.227004393935204,1.00428485870361,14_Jun_2023_08_35
0,3,2,2,1,3,3,2,6,1,0,25,1,43,5,1,6,3,0,1,4,1,2,16,31,0,0,4,4,-1.37143564224243,0.191982537508011,0.727134823799133,-1.67439997196198,0.109960481524467,1.03280711174011,-2.19198966026306,0.032742295414209,1.44722175598145,-1.53981304168701,0.226727485656738,1.00479304790497,14_Jun_2023_08_35
0,4,1,0,0,1,3,2,7,3,0,26,1,44,2,1,6,3,0,1,5,0,0,16,29,4,0,3,4,-1.37068545818329,0.193170055747032,0.727651596069336,-1.67540085315704,0.110342249274254,1.03222894668579,-2.19197297096252,0.032753940671682,1.44720077514648,-1.54210650920868,0.228235974907875,1.00374984741211,14_Jun_2023_08_35
2,3,0,2,0,2,2,1,7,5,1,26,1,40,2,1,5,2,1,0,5,0,1,13,28,1,1,3,6,-1.37432110309601,0.195861250162125,0.728955686092377,-1.67662525177002,0.110664866864681,1.03182828426361,-2.19195318222046,0.032756447792053,1.44721531867981,-1.54582726955414,0.230993241071701,1.00237500667572,14_Jun_2023_08_35
0,2,3,1,1,1,2,4,7,4,0,25,0,42,1,2,4,6,5,4,5,1,0,16,28,2,1,3,4,-1.38365209102631,0.199419021606445,0.731464743614197,-1.67923605442047,0.111466020345688,1.03199803829193,-2.1919572353363,0.032723218202591,1.44719958305359,-1.55193495750427,0.234834656119347,1.00175881385803,14_Jun_2023_08_35
1,2,0,1,1,1,2,6,9,2,1,26,0,40,1,1,5,1,0,0,5,1,1,16,31,5,1,4,5,-1.39737796783447,0.203173607587814,0.735359907150269,-1.68176829814911,0.111909031867981,1.03311491012573,-2.19197988510132,0.032715678215027,1.44719445705414,-1.5591903924942,0.238705113530159,1.00224339962006,14_Jun_2023_08_35
0,4,2,3,0,1,6,5,7,3,0,26,0,44,1,0,4,2,0,0,4,2,1,15,30,2,0,6,3,-1.41353499889374,0.206068217754364,0.742368400096893,-1.68478775024414,0.11263969540596,1.03499555587769,-2.19195222854614,0.032683696597815,1.44720959663391,-1.56777453422546,0.243286430835724,1.00297939777374,14_Jun_2023_08_35
1,4,0,1,0,2,1,7,6,2,0,26,0,42,0,3,4,2,0,1,4,3,1,16,30,1,1,3,5,-1.43256807327271,0.20949387550354,0.750658750534058,-1.6889591217041,0.113407544791698,1.03561425209045,-2.19198608398437,0.032703049480915,1.44724249839783,-1.57741522789001,0.248250484466553,1.00350677967072,14_Jun_2023_08_35
1,3,0,2,0,2,1,7,4,2,1,23,1,44,1,1,4,2,0,0,4,0,1,15,31,1,1,5,4,-1.45502042770386,0.213409647345543,0.757631421089172,-1.6951025724411,0.114364191889763,1.03636348247528,-2.19197511672974,0.032651163637638,1.4472484588623,-1.59162092208862,0.254258275032043,1.00277829170227,14_Jun_2023_08_35
1,2,1,2,1,3,1,6,7,3,1,29,0,41,1,2,4,3,0,1,4,2,1,15,31,1,0,5,4,-1.47735178470612,0.216176643967628,0.764070868492126,-1.69907140731812,0.114948578178883,1.03736162185669,-2.19199705123901,0.032575629651547,1.44729089736938,-1.60133159160614,0.257811903953552,1.00435364246368,14_Jun_2023_08_35
1,4,2,2,2,2,1,6,7,2,0,24,1,43,4,1,4,4,0,1,4,1,1,17,28,2,0,3,3,-1.49372732639313,0.218556359410286,0.769076347351074,-1.70212829113007,0.115422986447811,1.03783619403839,-2.19202208518982,0.032576974481344,1.44730424880981,-1.60942959785461,0.26065331697464,1.00450932979584,14_Jun_2023_08_35
1,0,2,3,0,3,1,5,7,6,0,24,1,42,3,2,3,4,0,1,5,0,0,16,32,0,1,5,4,-1.50180459022522,0.219296023249626,0.770473957061768,-1.70303618907928,0.11535407602787,1.03725147247314,-2.19198894500732,0.032557774335146,1.44729912281036,-1.61380100250244,0.262071371078491,1.00365304946899,14_Jun_2023_08_35
0,2,1,0,1,3,1,4,7,2,0,24,0,41,3,1,3,2,1,0,5,1,3,15,28,1,4,4,4,-1.50265610218048,0.219133734703064,0.76748538017273,-1.70410811901093,0.115921899676323,1.03736162185669,-2.19200968742371,0.032561853528023,1.44729173183441,-1.61476743221283,0.262464553117752,1.00196933746338,14_Jun_2023_08_35
1,4,2,3,1,2,2,7,6,3,0,26,0,44,1,2,4,2,0,2,5,0,1,15,31,1,0,4,5,-1.49627876281738,0.219151228666306,0.761804461479187,-1.70398783683777,0.115606009960175,1.03726446628571,-2.19199752807617,0.032545298337936,1.44729804992676,-1.61301147937775,0.261518061161041,1.00078415870667,14_Jun_2023_08_35
1,2,1,1,1,3,0,6,7,3,0,25,2,44,1,0,5,1,0,1,4,1,2,15,30,3,1,3,4,-1.47747886180878,0.218788668513298,0.753706157207489,-1.70148003101349,0.115467272698879,1.0368173122406,-2.19202280044556,0.032548148185015,1.44732248783112,-1.60511946678162,0.258773058652878,1.00017023086548,14_Jun_2023_08_35
1,4,0,1,1,1,1,4,7,3,1,26,0,46,2,1,7,1,1,0,5,0,1,15,30,2,1,4,4,-1.43489682674408,0.211997240781784,0.745186030864716,-1.69392395019531,0.114393435418606,1.03446447849274,-2.19195318222046,0.032644663006067,1.44726765155792,-1.58751273155212,0.251737862825394,0.995879411697388,14_Jun_2023_08_35
0,2,2,3,1,3,1,3,7,3,0,26,1,43,0,2,5,2,0,0,7,3,1,15,28,3,3,3,7,-1.3823516368866,0.205904930830002,0.744625687599182,-1.67086124420166,0.120300993323326,1.03918671607971,-2.19194793701172,0.0328124538064,1.44713234901428,-1.54585444927216,0.248967051506042,1.0012754201889,14_Jun_2023_08_35
2,1,1,0,1,4,0,3,7,3,0,26,1,43,0,2,8,2,0,9,4,0,1,16,31,2,1,4,4,-1.35342133045197,0.218390434980392,0.758712112903595,-1.54890966415405,0.10879074037075,1.00766062736511,-2.19195580482483,0.032832965254784,1.44714856147766,-1.4326137304306,0.249340295791626,1.00247848033905,14_Jun_2023_08_35
1,4,1,3,4,2,0,4,7,3,1,24,0,43,2,0,5,1,0,1,5,0,0,18,29,1,2,3,5,-1.34689235687256,0.243209198117256,0.772986650466919,-1.35827434062958,0.08406700193882,0.970829784870148,-2.19235944747925,0.032662682235241,1.44706034660339,-1.29175686836243,0.257300019264221,1.00477409362793,14_Jun_2023_08_35
2,8,2,2,2,3,2,2,5,2,1,28,1,45,0,4,4,2,2,1,4,2,2,17,30,1,0,4,5,-1.35543012619019,0.271476149559021,0.786117136478424,-1.19838571548462,0.098793156445026,1.0205305814743,-2.19196081161499,0.032854992896319,1.44722211360931,-1.17543339729309,0.291183948516846,1.01234710216522,14_Jun_2023_08_35
0,4,1,0,1,2,1,3,6,2,1,26,0,44,0,2,4,3,0,1,4,5,1,17,29,2,1,3,6,-1.3663033246994,0.29656508564949,0.801507592201233,-1.11710476875305,0.140657156705856,1.08452975749969,-2.19197559356689,0.032872706651688,1.44720673561096,-1.10683989524841,0.322170168161392,1.02178680896759,14_Jun_2023_08_35
1,1,1,1,1,4,1,4,7,4,0,27,1,43,0,2,3,4,1,1,5,2,1,16,29,2,0,4,4,-1.36888337135315,0.31405583024025,0.800711572170258,-1.1654634475708,0.148063063621521,1.10253357887268,-2.19197106361389,0.032832629978657,1.44720780849457,-1.12057912349701,0.320814669132233,1.03380703926086,14_Jun_2023_08_35
0,1,1,1,0,1,0,2,6,2,1,27,0,44,2,1,5,2,0,1,5,0,1,17,28,1,2,4,3,-1.36449003219605,0.32601523399353,0.781705856323242,-1.27183735370636,0.144177451729775,1.08201277256012,-2.19197082519531,0.032828137278557,1.44719171524048,-1.1785147190094,0.304489344358444,1.0390065908432,14_Jun_2023_08_35
1,3,0,2,1,1,1,3,8,1,1,25,2,42,1,1,3,1,2,1,4,0,0,16,33,2,1,6,4,-1.3510308265686,0.327251434326172,0.748524367809296,-1.3471474647522,0.131669446825981,1.0379034280777,-2.19198989868164,0.032826896756888,1.44719803333282,-1.23344504833221,0.2829569876194,1.03297996520996,14_Jun_2023_08_35
0,2,2,1,0,2,2,3,7,3,1,27,0,43,1,1,5,3,0,1,6,1,3,17,30,2,1,4,4,-1.33008742332459,0.328830361366272,0.701637148857117,-1.39224720001221,0.104623101651669,0.968838274478912,-2.19197034835815,0.032829590141773,1.44721496105194,-1.30067896842957,0.269462436437607,0.999134480953217,14_Jun_2023_08_35
0,1,2,2,1,2,1,6,8,5,1,25,1,42,0,0,4,2,1,3,4,0,1,18,30,1,2,4,3,-1.30846297740936,0.334489941596985,0.659775912761688,-1.40906763076782,0.100893326103687,0.903135776519775,-2.19194936752319,0.032863702625036,1.44721210002899,-1.33364129066467,0.27113339304924,0.950183928012848,14_Jun_2023_08_35
1,2,0,1,1,3,1,3,6,2,2,25,1,44,1,2,4,4,0,3,3,0,1,18,31,2,0,3,4,-1.28263413906097,0.337744981050491,0.609455764293671,-1.41712176799774,0.117602869868279,0.86444491147995,-2.19197750091553,0.032850038260222,1.4472359418869,-1.3295681476593,0.281498581171036,0.909220695495606,14_Jun_2023_08_35
1,2,1,2,1,1,2,5,7,3,0,26,1,46,1,3,7,2,0,1,5,0,2,17,31,2,1,3,5,-1.23235142230988,0.329656928777695,0.524925053119659,-1.40128588676453,0.118207395076752,0.80938982963562,-2.19195246696472,0.032859712839127,1.44721639156342,-1.30514764785767,0.280316710472107,0.84002697467804,14_Jun_2023_08_35
0,4,1,2,2,2,1,7,7,5,0,24,1,47,2,1,5,6,0,1,4,1,1,16,29,2,0,3,5,-1.17792105674744,0.327308684587479,0.433658987283707,-1.34796512126923,0.109664097428322,0.713504612445831,-2.19195771217346,0.032880619168282,1.44726204872131,-1.26244795322418,0.27851539850235,0.742233395576477,14_Jun_2023_08_35
0,4,0,2,0,2,4,4,6,1,0,24,0,40,4,1,4,3,3,1,4,0,0,13,30,1,1,4,3,-1.13612258434296,0.334388941526413,0.357130110263824,-1.30031192302704,0.111106850206852,0.594750165939331,-2.19200754165649,0.032963022589684,1.44730687141418,-1.23570001125336,0.280861437320709,0.651413261890411,14_Jun_2023_08_35
1,0,0,0,1,1,1,4,3,2,2,24,1,42,1,1,4,2,1,0,4,0,1,18,32,3,1,5,5,-1.10977685451508,0.329240739345551,0.298842936754227,-1.30766332149506,0.122569710016251,0.485932946205139,-2.19195413589478,0.032850172370672,1.44722473621368,-1.26074326038361,0.287072539329529,0.56639951467514,14_Jun_2023_08_35
0,2,2,2,0,1,0,5,7,3,1,24,1,42,0,0,4,2,0,2,3,1,1,17,30,0,0,4,4,-1.11505031585693,0.321785748004913,0.244445696473122,-1.35363864898682,0.132076010107994,0.4157834649086,-2.19194936752319,0.032832033932209,1.44721853733063,-1.29879510402679,0.291066199541092,0.503497183322907,14_Jun_2023_08_35
0,2,1,1,1,2,2,5,5,1,1,27,0,40,0,2,7,2,1,1,4,1,2,16,31,1,0,5,3,-1.16235756874084,0.315568268299103,0.185812905430794,-1.39816248416901,0.114603482186794,0.380791038274765,-2.19197869300842,0.03277949243784,1.44716894626617,-1.33980894088745,0.278222858905792,0.457835227251053,14_Jun_2023_08_35
1,2,2,2,1,2,1,5,5,4,1,23,1,42,2,1,3,3,0,1,3,0,0,16,27,1,0,5,4,-1.2413170337677,0.319527834653854,0.145749568939209,-1.43298530578613,0.111265316605568,0.369651764631271,-2.19198179244995,0.032834146171808,1.44721782207489,-1.37546896934509,0.27855572104454,0.439699560403824,14_Jun_2023_08_35
0,2,2,2,1,2,1,6,7,3,0,24,1,45,1,1,4,3,0,1,3,1,0,18,30,2,0,6,3,-1.3030389547348,0.317647963762283,0.13174144923687,-1.44713234901428,0.11742191016674,0.401516944169998,-2.19195199012756,0.03286013007164,1.44723188877106,-1.37293374538422,0.283566534519196,0.450027644634247,14_Jun_2023_08_35
