time,Gx,Gy,Gz,Ax,Ay,Az,Mx,My,Mz,F1,F2,F3,F4,B1,B2,S1,S2,S3,S4,class
1509.63,1.91,0.99,0.70,0.45,-0.28,0.81,0.07,0.62,-0.29,0,0,0,0,0,0,373,344,388,177,0
1509.74,2.07,2.23,-1.44,0.43,-0.28,0.81,0.07,0.62,-0.29,0,0,0,0,0,0,371,342,388,176,0
1509.84,-2.88,12.36,-9.86,0.51,-0.27,0.85,0.07,0.62,-0.29,0,0,0,0,0,1,364,333,378,174,0
1509.95,1.00,-0.82,3.19,0.50,-0.25,0.76,0.06,0.61,-0.30,0,0,0,0,0,0,362,333,383,174,0
1510.05,3.91,-4.66,1.82,0.46,-0.26,0.82,0.07,0.61,-0.30,0,0,0,0,0,0,362,329,381,172,0
1510.16,-3.17,-0.87,-0.17,0.43,-0.24,0.80,0.06,0.61,-0.30,0,0,0,0,0,0,362,327,382,171,0
1510.26,-2.25,2.22,-0.25,0.48,-0.21,0.82,0.06,0.61,-0.31,0,0,0,0,0,0,361,326,385,172,0
1510.37,-5.59,1.93,-0.67,0.47,-0.21,0.81,0.06,0.61,-0.31,0,0,0,0,0,0,360,325,385,172,0
1510.47,5.31,-0.26,2.21,0.46,-0.23,0.82,0.06,0.61,-0.31,0,0,0,0,0,0,359,326,387,172,0
1510.58,3.72,0.15,1.99,0.46,-0.23,0.80,0.06,0.61,-0.32,0,0,0,0,0,0,359,328,386,174,0
1510.69,3.00,0.44,1.69,0.46,-0.23,0.82,0.07,0.61,-0.31,0,0,0,0,0,0,359,328,388,174,0
1510.79,4.09,-0.23,2.61,0.46,-0.23,0.81,0.06,0.61,-0.31,0,0,1,0,0,0,360,327,387,174,0
1510.90,3.57,-0.83,2.32,0.46,-0.23,0.81,0.06,0.61,-0.31,0,0,0,0,0,0,362,328,389,175,0
1511.00,4.34,0.35,1.79,0.46,-0.22,0.81,0.06,0.61,-0.31,0,0,0,0,0,0,361,329,388,176,0
1511.11,5.32,0.18,2.72,0.46,-0.22,0.81,0.06,0.61,-0.30,0,0,0,0,0,0,361,327,387,174,0
1511.21,3.26,-0.08,1.86,0.46,-0.23,0.82,0.06,0.61,-0.31,0,0,0,0,0,0,361,327,387,174,0
1511.32,3.83,-0.03,1.89,0.46,-0.23,0.82,0.06,0.61,-0.31,0,0,0,0,0,0,361,320,387,174,0
1511.42,3.30,-0.17,1.35,0.46,-0.24,0.81,0.07,0.61,-0.31,0,0,0,0,0,0,361,317,388,174,0
1511.53,0.02,2.04,1.55,0.44,-0.24,0.83,0.06,0.61,-0.31,0,0,0,0,0,0,362,317,388,175,0
1511.64,-5.02,5.62,-0.86,0.48,-0.23,0.83,0.07,0.60,-0.31,0,0,0,0,1,0,365,328,391,178,0
1511.74,0.55,0.23,3.63,0.49,-0.22,0.79,0.07,0.60,-0.32,0,0,0,0,0,0,365,333,398,178,0
1511.85,10.42,-3.24,8.53,0.46,-0.17,0.78,0.07,0.60,-0.32,0,0,0,0,0,0,365,336,398,180,0
1511.95,9.43,0.15,4.87,0.47,-0.22,0.82,0.07,0.61,-0.32,0,0,0,0,0,0,366,335,396,178,0
1512.06,2.92,-3.18,2.74,0.49,-0.24,0.80,0.07,0.60,-0.32,0,0,0,0,0,0,363,332,394,180,0
1512.16,10.11,-5.68,4.83,0.45,-0.21,0.83,0.07,0.61,-0.31,0,0,0,0,0,0,362,328,388,175,0
1512.27,4.18,0.33,-0.47,0.46,-0.22,0.82,0.07,0.61,-0.30,0,0,0,0,0,0,362,328,386,175,0
1512.37,2.57,1.12,0.44,0.47,-0.23,0.81,0.07,0.61,-0.31,0,0,0,0,0,1,363,328,389,175,0
1512.48,3.75,-0.85,1.38,0.46,-0.24,0.81,0.08,0.61,-0.30,0,0,0,0,0,0,364,329,388,176,0
1512.58,3.86,-0.52,1.89,0.47,-0.23,0.82,0.07,0.60,-0.30,1,0,0,0,0,0,364,330,388,175,0
1512.69,2.88,0.47,1.72,0.46,-0.22,0.81,0.07,0.60,-0.30,0,0,0,0,0,0,364,330,389,175,0
1512.80,1.32,1.58,0.69,0.47,-0.23,0.81,0.07,0.61,-0.31,0,0,0,0,0,0,364,330,388,176,0
1512.90,2.85,-0.22,1.03,0.48,-0.22,0.81,0.07,0.61,-0.31,0,0,0,0,0,0,365,330,387,175,0
1513.01,3.08,-0.65,2.12,0.47,-0.22,0.82,0.07,0.61,-0.31,0,1,0,0,0,0,363,329,388,175,0
1513.11,4.41,1.49,2.28,0.44,-0.22,0.84,0.07,0.61,-0.31,0,0,0,0,0,0,362,329,386,174,0
1513.22,-0.20,1.11,0.20,0.47,-0.24,0.82,0.08,0.61,-0.31,0,0,0,0,0,0,363,330,389,176,0
1513.32,3.69,-1.23,1.54,0.47,-0.22,0.82,0.07,0.61,-0.31,0,0,0,0,0,0,362,334,389,178,0
1513.43,2.87,-0.62,-2.44,0.47,-0.21,0.80,0.07,0.61,-0.31,0,0,0,0,0,0,364,336,391,179,0
1513.54,7.23,-1.79,-2.12,0.44,-0.21,0.82,0.07,0.61,-0.31,0,0,0,0,0,0,365,337,390,182,0
1513.64,10.11,-2.51,1.78,0.47,-0.25,0.84,0.06,0.62,-0.31,0,0,0,0,0,0,365,340,388,184,0
1513.75,5.33,-1.57,1.64,0.48,-0.23,0.83,0.06,0.62,-0.31,0,0,0,0,0,0,365,343,386,185,0
1513.85,1.28,-3.33,1.86,0.48,-0.22,0.81,0.06,0.61,-0.31,0,0,0,0,0,0,367,350,388,188,0
1513.96,7.24,-1.58,4.89,0.44,-0.26,0.82,0.06,0.62,-0.30,0,0,0,0,0,0,369,354,391,190,0
1514.06,8.59,-1.71,4.72,0.45,-0.26,0.81,0.07,0.61,-0.30,0,0,0,0,0,0,370,356,390,192,0
1514.17,5.54,-0.72,3.54,0.44,-0.26,0.82,0.07,0.62,-0.29,0,0,0,0,0,0,372,356,392,192,0
1514.27,2.90,0.52,2.22,0.43,-0.27,0.83,0.07,0.62,-0.30,0,0,0,0,0,0,371,355,395,193,0
1514.38,1.59,1.02,0.77,0.45,-0.25,0.81,0.07,0.61,-0.30,0,0,0,0,0,0,370,355,395,192,0
1514.48,1.82,0.47,0.59,0.44,-0.26,0.82,0.07,0.62,-0.30,0,0,0,0,0,0,370,354,395,191,0
1514.59,1.81,0.03,1.06,0.45,-0.24,0.82,0.07,0.61,-0.30,1,0,0,0,0,0,369,351,393,191,0
1514.69,4.02,0.81,1.78,0.45,-0.25,0.82,0.07,0.62,-0.29,0,0,1,0,0,0,368,349,392,189,0
1514.80,3.60,0.69,2.15,0.45,-0.24,0.81,0.07,0.61,-0.30,0,0,0,0,0,0,368,351,393,190,0
1514.91,3.17,0.35,1.65,0.45,-0.25,0.82,0.07,0.62,-0.31,0,0,1,0,0,0,367,350,393,189,0
1515.01,4.41,0.93,1.58,0.45,-0.24,0.81,0.08,0.62,-0.30,0,0,0,0,0,0,368,351,392,189,0
1515.12,3.63,0.30,0.93,0.46,-0.24,0.81,0.07,0.61,-0.31,0,0,0,0,0,0,367,351,392,188,0
1515.22,2.85,-0.60,2.09,0.43,-0.25,0.82,0.07,0.62,-0.30,0,0,0,0,0,0,366,349,387,187,0
1515.33,3.22,0.46,0.46,0.45,-0.26,0.82,0.07,0.61,-0.30,0,0,0,0,0,0,366,347,386,185,0
1515.43,2.18,0.51,1.54,0.45,-0.24,0.82,0.07,0.62,-0.29,0,0,0,0,0,0,367,347,388,187,0
1515.54,2.91,1.61,2.76,0.45,-0.24,0.83,0.07,0.61,-0.30,0,0,0,0,0,0,366,347,388,186,0
1515.65,2.93,0.08,1.27,0.46,-0.24,0.82,0.08,0.62,-0.30,0,0,0,0,0,0,366,344,385,183,0
1515.75,3.46,0.35,2.12,0.44,-0.25,0.83,0.07,0.62,-0.30,0,0,0,0,0,0,365,342,384,184,0
1515.86,3.75,1.07,0.95,0.45,-0.23,0.81,0.07,0.61,-0.30,0,0,0,0,0,0,365,342,384,184,0
1515.96,2.81,0.67,1.31,0.47,-0.24,0.82,0.07,0.61,-0.31,0,0,0,0,0,0,366,341,385,184,0
1516.07,1.48,0.10,1.58,0.44,-0.23,0.80,0.07,0.61,-0.29,0,0,0,0,0,0,365,342,386,184,0
1516.17,3.56,0.00,1.64,0.46,-0.23,0.81,0.07,0.62,-0.30,0,0,0,0,0,0,366,342,387,184,0
1516.28,3.06,-0.05,0.44,0.45,-0.24,0.82,0.08,0.62,-0.31,0,0,0,0,1,1,366,342,385,180,0
1516.38,3.27,0.17,0.93,0.46,-0.24,0.81,0.07,0.61,-0.30,0,0,1,0,0,0,366,342,386,182,0
1516.49,4.22,-0.49,1.78,0.45,-0.24,0.81,0.07,0.61,-0.30,0,0,0,0,0,0,366,342,386,183,0
1516.59,3.83,-0.04,1.22,0.46,-0.24,0.82,0.07,0.62,-0.30,0,0,0,0,0,0,364,342,386,183,0
1516.70,2.97,2.18,1.40,0.46,-0.23,0.81,0.07,0.62,-0.29,0,0,0,0,0,0,365,341,386,182,0
1516.81,3.90,-0.22,0.96,0.46,-0.23,0.80,0.07,0.62,-0.29,0,0,0,0,0,0,364,340,385,180,0
1516.91,4.13,-0.52,1.46,0.47,-0.24,0.80,0.07,0.61,-0.30,0,0,0,0,0,0,365,341,385,180,0
1517.02,3.94,0.02,1.38,0.45,-0.24,0.82,0.07,0.62,-0.30,0,0,0,0,0,0,366,342,386,179,0
1517.12,3.48,0.25,0.41,0.46,-0.25,0.81,0.07,0.61,-0.31,0,0,0,0,0,0,366,342,384,180,0
1517.23,2.38,0.78,1.11,0.45,-0.24,0.82,0.07,0.61,-0.29,0,0,0,0,0,0,366,343,383,180,0
1517.33,3.61,0.21,1.23,0.47,-0.25,0.81,0.07,0.62,-0.29,1,0,0,0,0,0,366,342,383,180,0
1517.44,3.36,-0.56,2.11,0.46,-0.25,0.82,0.07,0.61,-0.30,0,0,0,0,0,0,366,343,384,181,0
1517.54,4.38,0.45,0.72,0.46,-0.24,0.82,0.07,0.61,-0.30,0,0,0,0,0,0,367,342,386,182,0
1517.65,2.70,-0.14,1.58,0.46,-0.24,0.82,0.07,0.62,-0.30,0,0,0,0,0,0,366,344,386,183,0
1517.76,4.63,0.57,1.22,0.46,-0.23,0.81,0.07,0.62,-0.30,0,0,0,0,0,0,366,343,386,183,0
1517.86,3.82,-0.09,1.05,0.45,-0.24,0.82,0.07,0.61,-0.30,1,0,0,0,0,0,368,344,388,183,0
1517.97,4.04,-0.21,1.06,0.46,-0.24,0.81,0.07,0.61,-0.30,0,0,0,0,0,0,368,344,388,183,0
1518.07,3.75,-0.35,1.25,0.45,-0.25,0.81,0.07,0.61,-0.30,1,0,0,0,0,0,367,344,388,183,0
1518.18,3.50,0.02,1.93,0.47,-0.24,0.81,0.07,0.61,-0.30,0,0,0,0,0,0,368,342,387,182,0
1518.28,3.95,0.39,1.36,0.46,-0.24,0.81,0.06,0.61,-0.30,0,0,0,0,0,0,366,338,386,180,0
1518.39,3.35,-0.08,1.70,0.46,-0.25,0.82,0.07,0.61,-0.30,0,0,0,0,0,0,366,335,384,180,0
1518.49,3.28,0.30,1.62,0.46,-0.25,0.82,0.07,0.61,-0.30,0,0,0,0,0,0,366,331,383,179,0
1518.60,3.67,0.47,1.35,0.46,-0.24,0.81,0.07,0.62,-0.30,0,0,0,1,0,0,366,331,383,179,0
1518.70,4.16,-0.52,1.77,0.46,-0.25,0.82,0.07,0.61,-0.30,0,0,0,0,0,0,366,331,383,180,0
1518.81,3.49,0.13,1.58,0.46,-0.23,0.81,0.07,0.61,-0.29,0,0,0,0,0,0,367,333,382,180,0
1518.92,4.02,0.19,1.58,0.46,-0.24,0.82,0.06,0.61,-0.30,0,0,0,0,0,0,367,332,382,180,0
1519.02,2.78,0.42,1.09,0.45,-0.25,0.81,0.07,0.61,-0.30,0,0,0,0,0,0,367,332,382,180,0
1519.13,3.38,0.31,1.56,0.45,-0.24,0.81,0.07,0.61,-0.30,0,0,0,1,0,0,367,332,383,180,0
1519.23,3.84,0.13,1.58,0.45,-0.24,0.81,0.07,0.61,-0.30,0,0,0,0,0,0,367,331,383,178,0
1519.34,3.40,-0.19,1.66,0.45,-0.25,0.82,0.07,0.61,-0.31,0,0,0,0,0,0,367,331,383,179,0
1519.44,3.53,-0.25,1.44,0.46,-0.24,0.82,0.06,0.61,-0.30,0,0,0,0,0,0,366,330,382,179,0
1519.55,3.95,-0.10,1.51,0.47,-0.24,0.82,0.06,0.61,-0.30,0,0,0,0,0,0,367,330,383,179,0
1519.66,4.06,-0.33,1.92,0.45,-0.24,0.81,0.07,0.61,-0.29,0,0,0,0,0,0,366,331,383,178,0
1519.76,4.66,0.99,1.75,0.45,-0.24,0.82,0.07,0.61,-0.30,0,0,0,0,0,0,366,333,383,180,0
1519.87,2.69,-0.21,1.45,0.45,-0.25,0.81,0.06,0.61,-0.30,0,0,0,0,0,0,367,332,383,180,0
1519.97,3.21,-0.41,1.63,0.45,-0.24,0.82,0.07,0.61,-0.30,0,0,0,0,0,0,366,333,384,181,0
1520.08,3.29,-0.36,0.85,0.44,-0.23,0.81,0.07,0.62,-0.30,0,0,0,0,0,0,366,332,384,180,0
1520.18,4.64,0.16,0.84,0.45,-0.25,0.82,0.07,0.61,-0.30,0,0,0,0,0,0,366,332,385,181,0
1520.29,3.33,0.96,0.75,0.45,-0.25,0.81,0.07,0.62,-0.30,0,0,0,0,0,0,366,333,386,178,0
1520.39,1.89,1.54,0.15,0.47,-0.24,0.81,0.07,0.62,-0.30,0,1,0,0,0,0,366,334,387,182,0
1520.50,2.98,0.18,2.55,0.44,-0.24,0.82,0.07,0.61,-0.30,0,0,0,0,0,0,367,334,389,184,0
1520.60,4.54,0.74,2.01,0.46,-0.24,0.82,0.07,0.61,-0.30,0,0,0,0,0,0,367,332,391,184,0
1520.71,4.33,-0.25,1.86,0.47,-0.25,0.82,0.08,0.61,-0.30,0,0,0,0,0,0,367,333,397,186,0
1520.81,2.89,-0.54,1.45,0.47,-0.24,0.81,0.07,0.61,-0.30,0,1,0,0,0,0,367,334,401,186,0
1520.92,3.93,-1.62,1.44,0.46,-0.25,0.83,0.07,0.62,-0.30,0,0,0,0,0,0,368,329,403,186,0
1521.03,4.29,1.01,1.70,0.46,-0.24,0.81,0.07,0.61,-0.30,0,0,0,0,0,0,367,333,405,187,0
1521.13,3.15,0.17,1.77,0.46,-0.24,0.81,0.06,0.61,-0.30,0,0,0,0,0,0,367,329,406,187,0
1521.24,3.38,-0.56,1.54,0.45,-0.23,0.82,0.07,0.61,-0.30,0,0,0,0,0,0,367,326,407,187,0
1521.34,3.97,0.88,1.09,0.46,-0.25,0.82,0.07,0.61,-0.30,1,0,0,0,0,0,368,309,408,188,0
1521.45,4.51,0.25,1.90,0.45,-0.24,0.82,0.07,0.61,-0.29,0,0,0,0,0,0,366,280,413,187,0
1521.55,0.91,3.84,2.19,0.46,-0.24,0.82,0.07,0.61,-0.30,0,0,0,0,0,0,368,279,416,188,0
1521.66,1.37,-0.08,-0.89,0.45,-0.24,0.80,0.07,0.61,-0.31,0,0,0,0,0,0,367,280,417,190,0
1521.77,3.10,-1.10,-3.25,0.46,-0.23,0.82,0.06,0.61,-0.30,0,0,0,1,0,0,367,276,417,189,0
1521.87,3.42,0.31,-3.44,0.45,-0.26,0.82,0.07,0.61,-0.31,0,0,0,0,0,0,366,187,421,189,0
1521.98,-0.19,1.63,-4.64,0.45,-0.25,0.82,0.07,0.61,-0.31,0,0,0,0,0,0,365,82,428,190,0
1522.08,-0.52,2.13,-4.55,0.47,-0.24,0.81,0.06,0.61,-0.30,0,0,0,0,0,0,365,0,440,190,0
1522.19,-1.12,1.53,-3.32,0.47,-0.23,0.80,0.05,0.61,-0.31,0,0,0,0,0,0,364,0,442,190,0
1522.29,2.05,1.72,-3.58,0.46,-0.24,0.81,0.05,0.61,-0.31,0,0,0,0,0,0,365,0,434,190,0
1522.40,2.39,0.14,-2.56,0.47,-0.23,0.80,0.05,0.61,-0.32,0,0,0,0,0,0,364,0,427,189,0
1522.50,3.07,1.04,-2.74,0.46,-0.24,0.81,0.05,0.61,-0.32,0,0,0,0,0,0,364,85,414,186,0
1522.61,1.86,1.30,-2.40,0.46,-0.24,0.81,0.04,0.61,-0.32,0,0,0,1,0,0,363,111,400,183,0
1522.71,2.18,1.99,-0.94,0.46,-0.24,0.81,0.04,0.61,-0.32,0,0,0,0,0,0,364,140,400,185,0
1522.82,0.77,0.65,2.50,0.46,-0.21,0.80,0.03,0.61,-0.31,1,0,0,0,0,0,365,153,403,186,0
1522.93,4.63,-0.92,0.94,0.47,-0.24,0.80,0.04,0.62,-0.32,0,0,0,0,0,0,365,155,395,183,0
1523.03,6.71,-1.80,0.66,0.45,-0.25,0.82,0.04,0.61,-0.32,0,0,0,0,0,0,365,161,390,180,0
1523.14,4.33,0.87,2.22,0.44,-0.25,0.82,0.03,0.61,-0.32,0,0,0,0,0,0,366,163,385,181,0
1523.24,2.90,0.91,1.58,0.46,-0.23,0.82,0.04,0.61,-0.31,0,0,0,0,0,0,366,169,385,181,0
1523.35,3.85,0.53,2.12,0.45,-0.23,0.81,0.04,0.61,-0.31,0,0,0,0,0,0,367,178,386,182,0
1523.45,2.21,0.08,1.72,0.46,-0.25,0.80,0.04,0.61,-0.31,0,0,0,0,0,0,367,182,389,182,0
1523.56,5.48,-0.56,2.24,0.46,-0.24,0.82,0.04,0.61,-0.31,0,0,0,0,0,0,366,188,390,182,0
1523.66,4.96,0.65,3.27,0.47,-0.24,0.81,0.04,0.61,-0.31,0,0,0,0,0,0,365,186,390,182,0
1523.77,3.88,-1.20,3.83,0.46,-0.25,0.81,0.04,0.61,-0.32,0,0,0,0,0,0,364,185,389,182,0
1523.88,3.03,-1.21,2.90,0.46,-0.24,0.82,0.04,0.61,-0.31,0,0,0,0,0,0,363,181,388,182,0
1523.98,4.53,0.18,3.36,0.47,-0.23,0.82,0.04,0.61,-0.32,0,0,0,0,0,0,364,185,390,183,0
1524.09,5.17,0.06,3.07,0.46,-0.24,0.82,0.04,0.61,-0.31,0,0,0,0,0,0,364,187,390,183,0
1524.19,5.09,-0.97,2.30,0.46,-0.24,0.82,0.05,0.61,-0.31,0,0,0,0,0,0,363,189,390,184,0
1524.30,3.72,-0.41,2.38,0.45,-0.24,0.81,0.04,0.61,-0.31,0,0,0,0,0,0,363,187,390,183,0
1524.40,3.87,-0.63,2.23,0.45,-0.24,0.81,0.05,0.61,-0.31,0,0,0,0,0,0,363,187,389,183,0
1524.51,6.67,-0.08,2.01,0.46,-0.24,0.81,0.05,0.61,-0.31,0,0,0,1,0,0,362,188,390,183,0
1524.61,4.66,0.15,1.58,0.46,-0.25,0.82,0.05,0.61,-0.31,0,0,0,1,0,0,362,188,390,184,0
1524.72,3.08,-0.06,1.49,0.45,-0.24,0.82,0.05,0.61,-0.31,0,0,0,0,0,0,362,188,389,183,0
1524.82,4.35,-0.06,1.44,0.46,-0.24,0.82,0.05,0.61,-0.32,0,1,0,0,1,0,361,188,390,183,0
1524.93,3.97,0.67,1.00,0.45,-0.24,0.82,0.05,0.61,-0.32,0,0,0,0,0,0,363,190,391,184,0
1525.04,3.82,0.27,1.26,0.46,-0.24,0.81,0.05,0.61,-0.32,0,0,0,0,0,0,363,191,391,184,0
1525.14,4.00,0.12,1.22,0.45,-0.24,0.82,0.05,0.61,-0.31,0,0,0,0,0,0,362,192,391,184,0
1525.25,2.50,0.79,1.62,0.45,-0.23,0.82,0.04,0.61,-0.31,0,0,0,0,0,0,362,193,391,184,0
1525.35,3.82,0.14,1.45,0.46,-0.25,0.82,0.05,0.61,-0.31,0,0,0,0,0,0,363,191,390,184,0
1525.46,3.82,-0.03,1.53,0.45,-0.24,0.82,0.05,0.61,-0.31,0,0,0,0,0,0,363,193,392,183,0
1525.56,3.01,0.16,1.46,0.46,-0.24,0.82,0.05,0.61,-0.31,0,0,0,0,0,0,363,193,391,184,0
1525.67,3.58,0.21,1.09,0.46,-0.23,0.81,0.05,0.61,-0.31,0,1,0,0,0,0,363,192,391,184,0
1525.77,3.75,-0.35,1.58,0.46,-0.24,0.82,0.05,0.61,-0.32,0,0,0,0,0,0,363,193,391,184,0
1525.88,4.64,0.28,1.05,0.46,-0.24,0.82,0.04,0.61,-0.31,0,0,0,0,0,0,364,193,390,183,0
1525.98,3.83,-0.64,1.65,0.46,-0.24,0.81,0.04,0.61,-0.32,0,0,0,0,0,0,365,195,392,184,0
1526.09,4.43,1.10,1.70,0.46,-0.23,0.81,0.05,0.61,-0.31,0,0,0,0,0,0,365,199,395,185,0
1526.20,4.30,-0.28,4.39,0.45,-0.26,0.82,0.04,0.62,-0.31,0,0,0,0,0,0,365,202,397,186,0
1526.30,2.86,0.69,1.50,0.45,-0.23,0.82,0.05,0.61,-0.31,0,0,0,0,1,0,365,199,397,185,0
1526.41,0.85,-0.18,0.71,0.45,-0.24,0.82,0.05,0.62,-0.31,0,0,0,0,0,0,365,192,394,185,0
1526.51,3.46,-0.56,1.97,0.46,-0.23,0.82,0.04,0.61,-0.32,0,0,0,0,0,0,364,187,393,182,0
1526.62,2.25,0.66,1.93,0.46,-0.23,0.82,0.05,0.61,-0.31,0,0,0,0,0,0,363,187,394,184,0
1526.72,4.35,0.02,1.09,0.45,-0.25,0.82,0.05,0.61,-0.32,0,0,0,0,0,0,364,189,394,183,0
1526.83,3.03,-0.90,1.28,0.47,-0.24,0.81,0.05,0.62,-0.31,0,0,0,0,0,0,363,186,392,182,0
1526.94,2.15,-0.28,0.89,0.45,-0.24,0.82,0.05,0.61,-0.32,0,0,0,0,0,1,364,186,389,182,0
1527.04,4.54,0.11,1.32,0.45,-0.23,0.81,0.04,0.61,-0.32,0,0,0,0,0,0,362,186,389,182,0
1527.15,3.90,-0.14,1.23,0.46,-0.24,0.82,0.04,0.62,-0.32,0,0,0,0,0,0,363,187,390,182,0
1527.25,3.16,0.48,1.37,0.46,-0.24,0.81,0.04,0.61,-0.32,0,0,0,1,1,0,362,186,389,181,0
1527.36,4.15,-0.08,1.75,0.46,-0.24,0.81,0.04,0.61,-0.32,0,0,0,0,0,0,362,187,389,182,0
1527.46,3.77,0.13,1.94,0.46,-0.24,0.82,0.05,0.61,-0.32,0,0,0,0,0,0,363,188,390,182,0
1527.57,3.72,-1.09,1.72,0.45,-0.25,0.83,0.05,0.61,-0.32,0,0,0,0,0,0,362,189,391,183,0
1527.67,4.40,0.28,1.01,0.45,-0.25,0.82,0.04,0.61,-0.32,0,0,0,0,0,0,363,189,390,183,0
1527.78,3.21,0.55,1.19,0.46,-0.24,0.82,0.04,0.61,-0.32,0,0,0,0,0,0,363,189,389,183,0
1527.89,3.21,-0.52,1.88,0.46,-0.24,0.81,0.05,0.61,-0.31,0,0,0,0,0,0,362,189,389,181,0
1527.99,4.30,0.05,1.19,0.46,-0.23,0.81,0.05,0.61,-0.31,0,0,0,0,0,0,361,188,386,182,0
1528.10,3.77,-0.33,1.16,0.46,-0.24,0.82,0.04,0.61,-0.31,0,0,0,0,0,0,361,189,387,180,0
1528.20,3.61,-0.00,1.38,0.45,-0.24,0.82,0.05,0.61,-0.31,0,0,0,0,0,0,362,188,385,178,0
1528.31,3.24,-0.25,1.72,0.45,-0.23,0.81,0.04,0.61,-0.32,0,0,0,0,0,0,361,188,385,179,0
1528.41,3.22,0.00,1.36,0.45,-0.23,0.82,0.05,0.61,-0.31,0,0,0,0,0,0,361,189,385,179,0
1528.52,3.50,-0.03,1.15,0.46,-0.24,0.82,0.05,0.61,-0.32,0,0,0,0,0,0,361,190,385,179,0
1528.62,3.47,0.25,1.18,0.46,-0.24,0.82,0.04,0.61,-0.31,0,0,0,0,1,0,362,191,385,180,0
1528.73,3.96,0.62,1.34,0.46,-0.24,0.81,0.05,0.61,-0.31,0,0,0,0,0,0,362,190,386,180,0
1528.83,3.87,0.14,1.47,0.46,-0.25,0.82,0.04,0.62,-0.31,0,0,0,0,0,1,363,192,387,180,0
1528.94,3.26,-0.25,1.54,0.46,-0.24,0.82,0.05,0.62,-0.31,0,0,0,0,0,0,361,193,388,181,0
1529.05,4.29,0.26,1.40,0.47,-0.24,0.82,0.05,0.61,-0.31,0,0,0,0,0,0,361,192,387,181,0
1529.15,4.03,-0.08,1.23,0.46,-0.24,0.82,0.05,0.61,-0.32,1,0,0,0,0,0,362,192,389,182,0
1529.26,3.95,-0.43,1.64,0.46,-0.24,0.82,0.04,0.61,-0.32,0,0,0,0,0,0,363,195,390,183,0
1529.36,3.13,0.44,1.23,0.45,-0.23,0.81,0.04,0.61,-0.32,0,0,0,0,0,0,364,196,390,183,0
1529.47,4.03,-0.03,1.29,0.46,-0.23,0.81,0.04,0.61,-0.31,0,0,0,0,0,0,363,197,390,182,0
1529.57,3.33,-0.25,1.48,0.45,-0.24,0.81,0.04,0.61,-0.31,0,0,0,0,0,0,363,194,388,182,0
1529.68,3.67,0.34,1.52,0.45,-0.24,0.82,0.04,0.61,-0.31,0,1,0,0,0,0,363,193,386,181,0
1529.78,3.30,-0.20,1.37,0.46,-0.24,0.82,0.04,0.61,-0.31,0,0,0,0,0,0,363,193,385,180,0
1529.89,3.29,-0.02,1.69,0.45,-0.24,0.82,0.04,0.61,-0.31,0,0,0,0,0,0,361,191,383,178,0
1529.99,3.38,0.08,1.39,0.46,-0.24,0.82,0.05,0.61,-0.31,0,0,0,0,0,0,361,193,384,178,0
1530.10,4.23,-0.11,1.68,0.46,-0.24,0.81,0.05,0.62,-0.32,0,0,0,0,0,0,362,194,386,180,0
1530.21,3.60,0.17,1.34,0.46,-0.24,0.82,0.05,0.61,-0.31,0,0,0,0,0,0,361,194,385,181,0
1530.31,3.25,-0.17,1.37,0.45,-0.23,0.81,0.05,0.61,-0.31,0,0,0,0,0,0,362,195,384,181,0
1530.42,4.29,0.49,1.63,0.46,-0.23,0.81,0.05,0.61,-0.32,1,0,0,0,0,0,362,196,385,180,0
1530.52,4.14,0.26,1.29,0.46,-0.24,0.82,0.05,0.61,-0.32,0,0,0,0,0,0,362,194,383,181,0
1530.63,3.50,-0.39,1.31,0.46,-0.24,0.82,0.04,0.61,-0.32,0,0,0,0,0,1,362,195,383,180,0
1530.73,2.50,-0.30,1.58,0.45,-0.24,0.82,0.04,0.61,-0.32,0,0,0,0,0,0,363,195,382,180,0
1530.84,3.72,-0.17,1.40,0.46,-0.24,0.82,0.04,0.61,-0.32,0,0,0,0,0,0,362,195,383,180,0
1530.94,3.95,0.13,1.47,0.46,-0.24,0.82,0.05,0.61,-0.32,0,0,0,0,1,0,363,196,383,180,0
1531.05,4.05,0.40,1.57,0.46,-0.24,0.81,0.04,0.61,-0.32,0,0,0,0,0,0,362,196,382,181,0
1531.16,4.09,0.04,1.40,0.45,-0.24,0.82,0.04,0.61,-0.31,0,0,0,0,0,0,362,196,383,180,0
1531.26,3.31,-0.11,1.18,0.46,-0.24,0.82,0.04,0.61,-0.32,0,0,0,0,0,0,361,196,382,181,0
1531.37,4.03,0.04,1.45,0.46,-0.24,0.82,0.04,0.61,-0.32,0,0,0,0,0,0,362,195,382,180,0
1531.47,3.38,-0.21,1.66,0.45,-0.24,0.82,0.04,0.61,-0.32,0,0,0,0,0,1,361,194,382,180,0
1531.58,3.98,-0.14,1.20,0.46,-0.24,0.82,0.05,0.61,-0.31,0,0,0,0,0,0,362,196,383,180,0
1531.68,3.94,0.10,1.55,0.46,-0.23,0.81,0.05,0.61,-0.31,0,0,0,0,0,0,361,197,382,180,0
1531.79,3.58,0.28,1.81,0.46,-0.23,0.81,0.04,0.61,-0.32,0,0,0,0,0,0,362,197,383,180,0
1531.89,3.71,-0.11,1.55,0.46,-0.24,0.82,0.05,0.61,-0.32,0,0,0,0,0,0,361,197,384,181,0
1532.00,3.82,0.38,1.31,0.46,-0.24,0.81,0.05,0.61,-0.31,0,0,0,0,0,0,362,198,383,181,0
1532.10,4.21,0.31,1.23,0.45,-0.24,0.82,0.05,0.61,-0.31,0,0,0,0,0,0,363,198,383,181,0
1532.21,4.22,-0.15,1.45,0.45,-0.24,0.82,0.05,0.61,-0.31,0,0,0,0,0,0,362,199,384,181,0
1532.32,4.11,0.25,1.50,0.45,-0.23,0.81,0.04,0.61,-0.32,0,0,0,0,0,0,362,199,385,181,0
1532.42,3.91,0.17,1.55,0.46,-0.24,0.82,0.05,0.62,-0.32,0,0,0,0,0,0,362,201,387,182,0
1532.53,3.67,0.39,1.23,0.46,-0.25,0.82,0.04,0.61,-0.32,0,0,0,0,0,0,362,205,388,183,0
1532.63,3.20,-0.18,1.20,0.44,-0.24,0.82,0.04,0.61,-0.32,0,0,0,0,0,0,363,206,388,183,0
1532.74,3.10,1.01,1.53,0.44,-0.24,0.84,0.05,0.61,-0.32,0,0,0,0,0,0,363,208,389,185,0
1532.84,3.18,-0.03,1.86,0.45,-0.23,0.81,0.05,0.61,-0.31,0,0,0,0,0,0,363,210,390,185,0
1532.95,3.87,-0.16,1.39,0.46,-0.24,0.82,0.05,0.61,-0.32,0,0,0,0,0,0,363,209,392,185,0
1533.06,4.09,-0.05,1.29,0.45,-0.23,0.81,0.05,0.61,-0.32,0,0,0,0,0,0,362,206,392,184,0
1533.16,3.93,-0.25,1.43,0.46,-0.24,0.81,0.04,0.61,-0.31,0,0,0,0,0,0,362,203,391,184,0
1533.27,3.61,-0.02,1.65,0.46,-0.24,0.82,0.05,0.61,-0.31,0,0,0,0,0,0,362,206,392,184,0
1533.37,3.82,-0.17,1.50,0.46,-0.24,0.82,0.05,0.61,-0.31,0,0,0,0,0,0,361,206,391,185,0
1533.48,2.97,0.19,1.32,0.46,-0.24,0.82,0.05,0.61,-0.31,0,0,0,0,0,0,361,204,391,185,0
1533.58,3.57,0.04,1.50,0.46,-0.23,0.81,0.05,0.61,-0.31,0,0,0,0,0,0,358,200,390,183,0
1533.69,3.46,-0.25,1.42,0.46,-0.24,0.82,0.05,0.61,-0.31,0,0,0,0,1,0,359,201,391,183,0
1533.79,3.49,-0.00,1.71,0.46,-0.23,0.81,0.05,0.61,-0.32,0,0,0,0,0,0,359,198,391,183,0
1533.90,3.28,0.13,1.38,0.45,-0.23,0.82,0.05,0.61,-0.31,0,0,0,0,0,0,358,199,391,183,0
1534.00,3.73,-0.34,1.24,0.46,-0.24,0.81,0.04,0.61,-0.32,0,0,0,0,0,0,359,198,391,184,0
1534.11,4.63,-0.33,0.77,0.46,-0.24,0.81,0.05,0.61,-0.32,0,0,0,0,0,0,358,199,390,184,0
1534.21,3.75,-0.22,1.43,0.45,-0.24,0.82,0.05,0.61,-0.32,1,0,0,0,0,0,359,200,389,182,0
1534.32,3.49,-0.08,1.43,0.46,-0.24,0.82,0.05,0.60,-0.32,0,0,0,0,0,0,358,200,390,183,0
1534.43,4.18,0.29,0.99,0.46,-0.24,0.82,0.05,0.61,-0.32,0,0,0,0,0,0,359,199,389,183,0
1534.53,3.41,-0.14,1.38,0.46,-0.24,0.82,0.05,0.61,-0.31,0,0,0,0,0,1,358,200,389,183,0
1534.64,3.77,-0.35,1.73,0.46,-0.23,0.81,0.05,0.61,-0.31,0,0,0,0,0,0,359,200,391,182,0
1534.74,3.97,0.83,1.19,0.46,-0.23,0.81,0.05,0.61,-0.31,0,0,0,0,0,0,359,201,390,184,0
1534.85,2.44,-0.04,1.59,0.45,-0.24,0.82,0.05,0.61,-0.31,0,0,0,0,0,0,359,201,392,184,0
1534.95,2.73,-0.24,1.20,0.46,-0.24,0.82,0.05,0.61,-0.32,0,0,0,0,0,0,359,201,392,184,0
1535.06,4.35,-0.63,1.39,0.45,-0.24,0.82,0.05,0.61,-0.32,0,0,0,0,0,0,358,207,391,184,0
1535.17,4.94,0.35,1.13,0.46,-0.24,0.82,0.05,0.61,-0.32,0,0,0,0,0,0,359,207,392,184,0
1535.27,3.75,0.29,1.17,0.46,-0.23,0.81,0.05,0.61,-0.32,0,0,0,0,0,0,359,206,393,184,0
1535.38,3.51,-0.65,1.89,0.46,-0.23,0.82,0.05,0.61,-0.31,0,0,0,0,0,0,359,205,391,184,0
1535.48,3.20,2.14,1.42,0.45,-0.24,0.82,0.04,0.61,-0.32,0,0,0,0,0,0,359,202,393,184,0
1535.59,4.28,0.05,1.05,0.46,-0.23,0.81,0.05,0.61,-0.32,0,0,0,0,0,1,360,206,393,184,0
1535.69,4.08,0.37,1.49,0.45,-0.23,0.81,0.05,0.61,-0.32,0,0,0,0,0,0,362,208,393,184,0
1535.80,3.75,0.41,1.53,0.45,-0.24,0.82,0.05,0.61,-0.31,0,0,0,0,0,0,361,208,396,184,0
1535.90,3.50,0.00,1.23,0.45,-0.24,0.82,0.05,0.61,-0.31,1,0,0,0,0,0,362,209,397,185,0
1536.01,4.37,0.03,1.02,0.46,-0.24,0.81,0.05,0.61,-0.31,0,0,0,0,0,0,361,209,398,185,0
1536.11,4.24,0.26,1.12,0.46,-0.23,0.81,0.05,0.61,-0.31,0,0,0,0,0,0,361,209,397,186,0
1536.22,3.73,-0.04,1.07,0.46,-0.23,0.81,0.05,0.61,-0.31,0,0,0,1,0,0,360,209,397,185,0
1536.33,3.72,-0.36,1.72,0.45,-0.24,0.82,0.05,0.61,-0.32,0,0,0,0,0,0,361,209,395,185,0
1536.43,3.29,-0.15,1.22,0.46,-0.25,0.82,0.05,0.61,-0.32,0,0,0,0,0,0,360,207,394,184,0
1536.54,2.89,-0.52,1.54,0.46,-0.24,0.82,0.05,0.61,-0.32,0,0,0,0,0,0,360,202,393,184,0
1536.64,3.74,0.52,1.28,0.45,-0.24,0.82,0.05,0.61,-0.32,0,0,0,0,0,0,361,202,392,184,0
1536.75,2.40,-0.42,1.93,0.46,-0.24,0.82,0.05,0.61,-0.32,0,0,0,0,0,0,360,202,392,184,0
1536.85,3.36,-0.27,1.26,0.45,-0.24,0.81,0.05,0.61,-0.31,0,0,0,0,0,0,359,201,392,184,0
1536.96,4.59,-0.16,1.24,0.46,-0.23,0.82,0.05,0.61,-0.31,0,0,0,0,0,0,358,200,390,183,0
1537.06,3.99,0.11,1.49,0.45,-0.24,0.82,0.05,0.61,-0.31,0,0,0,0,0,0,360,202,390,184,0
1537.17,3.78,-0.22,0.64,0.46,-0.25,0.82,0.05,0.61,-0.32,0,0,0,0,0,0,359,202,391,182,0
1537.28,2.90,-0.35,1.32,0.46,-0.24,0.82,0.05,0.61,-0.32,0,0,1,0,0,0,359,202,391,183,0
1537.38,3.92,0.27,1.50,0.46,-0.24,0.82,0.05,0.61,-0.32,0,0,0,0,0,0,360,202,391,182,0
1537.49,3.60,0.28,1.42,0.46,-0.24,0.82,0.05,0.61,-0.31,0,0,0,0,0,0,359,202,392,183,0
1537.59,3.16,-0.24,1.44,0.46,-0.24,0.82,0.05,0.61,-0.32,0,1,0,0,0,0,358,202,392,183,0
1537.70,4.10,-0.24,1.86,0.45,-0.24,0.82,0.05,0.61,-0.32,0,0,0,0,0,0,358,202,392,182,0
1537.80,4.24,-0.28,1.29,0.46,-0.25,0.82,0.05,0.61,-0.32,0,0,0,0,0,0,358,203,391,182,0
1537.91,3.74,-0.23,1.58,0.45,-0.24,0.82,0.04,0.61,-0.31,0,0,0,0,0,0,359,204,390,183,0
1538.01,3.06,0.17,1.21,0.46,-0.23,0.82,0.05,0.61,-0.31,0,0,0,0,0,0,359,203,391,183,0
1538.12,3.71,0.70,1.33,0.46,-0.24,0.82,0.05,0.61,-0.32,0,0,0,0,0,0,359,207,391,183,0
1538.22,3.26,0.00,1.69,0.46,-0.24,0.81,0.05,0.61,-0.32,0,0,0,0,0,0,361,207,390,182,0
1538.33,3.88,-0.09,1.67,0.46,-0.24,0.81,0.05,0.61,-0.31,0,0,0,0,0,0,361,207,390,183,0
1538.44,4.03,0.04,1.54,0.45,-0.23,0.82,0.05,0.61,-0.32,0,1,0,0,0,0,360,209,392,184,0
1538.54,4.15,0.46,1.46,0.46,-0.24,0.82,0.05,0.61,-0.31,0,0,0,0,0,0,360,210,393,184,0
1538.65,4.03,-0.54,1.29,0.46,-0.24,0.81,0.04,0.61,-0.32,0,0,0,0,0,0,361,210,396,184,0
1538.75,4.49,0.23,1.58,0.45,-0.22,0.81,0.05,0.61,-0.32,0,0,0,0,0,0,362,211,396,185,0
1538.86,4.25,0.25,1.73,0.46,-0.24,0.81,0.04,0.61,-0.32,0,0,0,0,0,0,361,213,398,186,0
1538.96,3.55,0.37,1.38,0.45,-0.24,0.82,0.05,0.61,-0.32,0,0,0,0,0,0,362,214,399,187,0
1539.07,3.95,-0.37,1.64,0.46,-0.24,0.81,0.05,0.61,-0.32,0,0,0,0,0,0,363,213,400,186,0
1539.18,4.51,0.58,1.98,0.45,-0.24,0.83,0.05,0.61,-0.32,0,0,0,0,0,0,362,213,401,185,0
1539.28,5.84,0.73,1.76,0.46,-0.24,0.81,0.04,0.61,-0.31,0,0,0,0,0,0,361,210,393,185,0
1539.39,2.45,-0.52,0.38,0.48,-0.23,0.81,0.05,0.61,-0.31,1,0,0,0,0,0,362,204,391,182,0
1539.49,3.57,-1.50,2.40,0.47,-0.23,0.81,0.05,0.60,-0.31,0,0,0,0,0,0,362,204,389,182,0
1539.60,4.34,-0.13,2.31,0.46,-0.25,0.82,0.05,0.61,-0.31,0,0,0,0,0,0,361,204,389,183,0
1539.70,4.19,0.31,1.87,0.46,-0.24,0.81,0.05,0.61,-0.31,0,1,0,0,0,0,361,204,389,182,0
1539.81,2.62,-1.04,0.63,0.45,-0.25,0.82,0.05,0.62,-0.31,0,0,0,0,0,0,360,200,388,181,0
1539.91,4.44,-0.67,2.47,0.44,-0.25,0.82,0.05,0.61,-0.31,0,0,0,0,0,0,360,198,389,181,0
1540.02,-3.14,-0.02,0.52,0.46,-0.21,0.82,0.05,0.61,-0.31,0,0,0,0,0,0,359,195,385,179,0
1540.12,2.12,0.08,1.64,0.46,-0.23,0.82,0.04,0.61,-0.36,0,0,0,0,0,0,359,198,388,181,0
1540.23,-0.04,2.51,1.45,0.45,-0.24,0.81,0.05,0.61,-0.32,0,0,0,0,0,0,359,202,394,184,0
1540.33,5.17,-0.41,2.13,0.45,-0.23,0.82,0.05,0.62,-0.32,0,0,0,0,0,0,360,202,395,184,0
1540.44,2.97,0.39,0.22,0.46,-0.24,0.82,0.05,0.61,-0.32,0,0,0,0,0,0,360,201,393,183,0
1540.55,2.90,-0.79,0.76,0.46,-0.24,0.81,0.04,0.62,-0.32,0,0,1,0,0,0,360,202,393,182,0
1540.65,5.75,0.02,2.07,0.45,-0.24,0.82,0.04,0.61,-0.32,0,0,0,0,0,0,360,202,391,182,0
1540.76,3.88,0.50,1.44,0.45,-0.25,0.82,0.05,0.61,-0.32,0,0,0,0,0,0,360,202,391,182,0
1540.86,2.27,-0.13,0.90,0.46,-0.24,0.82,0.04,0.61,-0.32,0,0,0,0,0,0,360,202,392,183,0
1540.97,3.44,-0.31,1.44,0.45,-0.23,0.82,0.05,0.61,-0.31,0,0,0,0,0,0,360,203,391,182,0
1541.07,3.82,0.58,2.18,0.45,-0.23,0.82,0.05,0.61,-0.31,0,0,0,0,0,0,361,203,393,183,0
1541.18,4.19,0.04,1.22,0.45,-0.24,0.81,0.05,0.61,-0.32,0,0,0,0,0,0,361,210,394,183,0
1541.29,3.79,-0.14,1.43,0.46,-0.23,0.81,0.04,0.61,-0.32,0,0,0,0,0,0,362,209,395,184,0
1541.39,4.24,-0.32,1.77,0.45,-0.24,0.82,0.05,0.61,-0.32,0,0,0,0,0,0,362,211,395,184,0
1541.50,3.68,0.46,1.80,0.46,-0.24,0.81,0.04,0.61,-0.32,0,0,0,0,0,0,362,212,397,185,0
1541.60,5.48,0.74,1.16,0.46,-0.24,0.81,0.05,0.61,-0.31,0,0,0,0,0,0,362,212,397,185,0
1541.71,3.88,-0.57,2.07,0.46,-0.24,0.82,0.05,0.61,-0.31,0,0,0,0,0,0,363,214,400,187,0
1541.81,4.67,1.01,1.54,0.45,-0.24,0.82,0.05,0.61,-0.31,0,0,1,0,0,0,364,214,401,188,0
1541.92,3.23,1.86,3.03,0.46,-0.24,0.80,0.05,0.62,-0.32,0,0,0,0,0,0,364,217,404,188,0
1542.02,3.30,-1.03,0.85,0.47,-0.23,0.81,0.05,0.61,-0.31,0,0,1,0,0,0,363,220,402,189,0
1542.13,3.85,-0.50,1.64,0.45,-0.22,0.82,0.04,0.61,-0.32,0,0,0,0,0,0,364,220,401,188,0
1542.23,4.01,1.35,1.89,0.45,-0.23,0.82,0.05,0.61,-0.31,0,0,0,0,0,0,364,223,400,187,0
1542.34,0.68,0.74,2.37,0.45,-0.24,0.84,0.05,0.61,-0.32,0,0,0,0,0,0,364,222,402,189,0
1542.45,3.67,-0.04,1.27,0.45,-0.23,0.82,0.05,0.61,-0.31,0,0,0,0,0,0,364,226,403,189,0
1542.55,4.10,-0.52,1.50,0.46,-0.24,0.81,0.05,0.61,-0.31,0,0,0,0,0,0,363,226,401,187,0
1542.66,2.37,0.13,0.87,0.46,-0.25,0.82,0.05,0.61,-0.32,0,0,0,0,0,0,363,226,395,185,0
1542.76,3.68,-0.19,1.56,0.46,-0.24,0.82,0.05,0.61,-0.32,0,0,0,0,0,0,363,223,390,184,0
1542.87,4.07,0.38,1.58,0.46,-0.24,0.82,0.05,0.61,-0.31,0,0,0,0,0,0,362,222,386,184,0
1542.97,3.26,0.04,1.44,0.46,-0.23,0.81,0.05,0.61,-0.31,0,0,0,0,0,0,362,219,383,183,0
1543.08,3.32,-0.57,1.38,0.45,-0.23,0.81,0.05,0.61,-0.31,0,0,0,0,0,0,362,210,380,180,0
1543.18,3.36,0.27,0.97,0.46,-0.23,0.81,0.05,0.61,-0.31,0,0,0,0,0,0,362,208,376,178,0
1543.29,3.33,0.54,1.66,0.46,-0.23,0.82,0.05,0.61,-0.31,0,0,0,0,0,0,362,208,374,175,0
1543.40,3.53,0.21,1.44,0.46,-0.23,0.81,0.05,0.61,-0.31,0,0,0,0,0,0,362,209,373,177,0
1543.50,4.12,0.20,1.14,0.46,-0.23,0.82,0.05,0.61,-0.31,0,0,0,0,0,0,361,209,374,178,0
1543.61,3.65,-0.49,1.44,0.46,-0.24,0.82,0.05,0.61,-0.31,0,0,0,0,0,0,362,209,373,176,0
1543.71,3.59,-0.36,1.29,0.46,-0.24,0.81,0.05,0.61,-0.31,0,0,0,0,0,0,362,209,374,175,0
1543.82,3.65,-0.40,1.12,0.46,-0.25,0.82,0.04,0.61,-0.31,0,0,0,0,0,0,362,209,373,175,0
1543.92,3.58,-1.63,1.69,0.45,-0.24,0.81,0.05,0.61,-0.32,0,0,0,0,0,0,362,208,372,174,0
1544.03,5.26,-1.02,0.50,0.47,-0.23,0.81,0.05,0.61,-0.31,0,0,0,0,0,0,361,205,365,172,0
1544.13,6.00,0.84,2.01,0.45,-0.23,0.81,0.05,0.61,-0.31,0,0,0,0,0,0,360,206,372,175,0
1544.24,3.46,1.25,1.71,0.47,-0.23,0.84,0.05,0.61,-0.31,0,0,0,1,0,0,361,209,373,176,0
1544.34,2.75,-0.91,1.23,0.45,-0.24,0.82,0.05,0.61,-0.31,0,0,0,0,0,0,361,214,375,180,0
1544.45,4.51,-0.11,0.95,0.44,-0.24,0.81,0.04,0.61,-0.31,0,0,0,0,0,0,362,216,378,181,0
1544.56,3.56,0.39,1.50,0.45,-0.24,0.81,0.05,0.61,-0.31,0,0,0,0,0,0,361,215,380,182,0
1544.66,4.11,0.37,1.32,0.45,-0.24,0.82,0.04,0.61,-0.31,0,0,0,0,0,0,362,216,383,182,0
1544.77,3.96,0.19,1.22,0.46,-0.24,0.81,0.04,0.61,-0.31,0,0,0,0,0,0,363,216,387,183,0
1544.87,3.87,0.20,1.30,0.46,-0.25,0.82,0.05,0.61,-0.31,0,0,0,0,0,0,362,218,388,184,0
1544.98,2.76,0.46,1.18,0.45,-0.24,0.82,0.05,0.61,-0.31,0,0,0,0,0,0,362,217,389,184,0
1545.08,3.67,-0.08,1.78,0.46,-0.24,0.82,0.05,0.61,-0.31,0,1,0,0,0,0,363,217,387,184,0
1545.19,4.55,0.03,2.12,0.46,-0.24,0.81,0.05,0.61,-0.30,0,0,0,0,0,0,363,217,386,184,0
1545.29,4.20,0.59,1.85,0.46,-0.24,0.82,0.04,0.61,-0.30,0,0,0,0,0,0,363,216,382,182,0
1545.40,1.35,-0.60,1.68,0.46,-0.25,0.82,0.05,0.61,-0.30,0,0,0,0,0,0,362,213,380,182,0
1545.51,3.63,0.38,1.13,0.46,-0.24,0.81,0.05,0.61,-0.31,0,0,0,0,0,0,362,210,379,181,0
1545.61,2.48,-0.08,1.59,0.46,-0.24,0.82,0.05,0.61,-0.32,0,0,0,0,0,0,362,208,377,180,0
1545.72,4.33,-0.72,1.43,0.46,-0.24,0.82,0.05,0.60,-0.31,0,0,0,0,0,0,362,211,379,181,0
1545.82,1.85,0.26,1.82,0.44,-0.24,0.82,0.05,0.60,-0.31,0,0,0,0,0,0,362,214,379,181,0
1545.93,3.02,-0.44,1.92,0.45,-0.24,0.81,0.05,0.61,-0.31,0,0,0,0,0,0,362,215,380,181,0
1546.03,3.40,-0.58,1.01,0.45,-0.24,0.82,0.05,0.61,-0.32,0,0,0,0,0,0,362,214,380,181,0
1546.14,3.85,-0.30,1.56,0.46,-0.23,0.81,0.05,0.60,-0.31,0,0,0,0,0,0,362,214,381,181,0
1546.24,2.56,0.21,1.79,0.45,-0.23,0.81,0.04,0.60,-0.31,0,0,0,0,0,0,361,214,381,182,0
1546.35,3.20,0.34,1.43,0.45,-0.23,0.81,0.05,0.61,-0.30,0,0,0,0,0,0,362,209,381,182,0
1546.45,3.54,0.38,0.23,0.45,-0.23,0.81,0.05,0.61,-0.31,0,0,0,0,0,0,361,213,382,182,0
1546.56,4.17,0.41,1.50,0.45,-0.23,0.82,0.05,0.61,-0.31,0,0,0,0,0,0,361,216,381,182,0
1546.67,2.52,0.46,1.59,0.46,-0.24,0.82,0.05,0.61,-0.31,0,0,0,0,0,0,362,214,381,182,0
1546.77,4.19,-0.61,1.98,0.45,-0.23,0.81,0.05,0.61,-0.32,0,0,0,0,0,0,361,215,381,182,0
1546.88,5.14,0.94,1.35,0.46,-0.23,0.80,0.05,0.61,-0.31,0,0,0,0,0,0,362,218,383,182,0
1546.98,3.71,1.17,1.08,0.46,-0.25,0.81,0.05,0.61,-0.32,0,0,0,0,0,0,363,218,384,183,0
1547.09,2.87,0.30,1.28,0.47,-0.23,0.81,0.05,0.61,-0.32,0,0,0,0,0,0,364,220,390,185,0
1547.19,3.70,0.34,1.58,0.46,-0.23,0.82,0.05,0.61,-0.31,0,0,0,0,0,0,364,221,393,186,0
1547.30,4.74,0.16,1.41,0.46,-0.24,0.82,0.05,0.61,-0.31,0,0,0,0,0,0,365,225,397,187,0
1547.41,3.96,0.27,1.03,0.46,-0.23,0.81,0.05,0.61,-0.32,0,0,0,0,0,0,365,226,397,187,0
1547.51,2.56,-0.38,1.58,0.46,-0.24,0.81,0.05,0.61,-0.31,0,0,0,0,0,0,366,226,397,187,0
1547.62,3.30,-0.17,1.78,0.45,-0.23,0.82,0.05,0.61,-0.31,0,0,0,0,0,0,365,224,392,184,0
1547.72,3.76,0.61,1.06,0.46,-0.23,0.81,0.05,0.62,-0.31,0,0,0,0,0,0,364,223,390,184,0
1547.83,3.35,-0.39,1.64,0.46,-0.23,0.82,0.05,0.61,-0.31,0,0,0,0,0,0,365,223,391,184,0
1547.93,2.71,-0.05,1.50,0.45,-0.24,0.83,0.05,0.61,-0.31,0,0,0,0,0,0,364,222,389,183,0
1548.04,3.51,-0.46,1.64,0.45,-0.24,0.83,0.05,0.61,-0.31,0,0,0,0,0,0,364,221,388,182,0
1548.14,4.80,-0.32,1.47,0.46,-0.24,0.81,0.05,0.61,-0.31,0,0,0,0,0,0,364,222,388,182,0
1548.25,4.41,-0.09,1.04,0.46,-0.24,0.81,0.05,0.61,-0.31,0,0,0,0,0,0,364,222,388,182,0
1548.35,3.50,-0.14,1.01,0.46,-0.25,0.82,0.05,0.61,-0.31,0,0,0,0,0,0,364,222,388,182,0
1548.46,3.86,0.04,1.64,0.46,-0.24,0.81,0.04,0.61,-0.31,0,0,0,0,0,0,364,223,387,182,0
1548.56,4.52,-0.17,1.70,0.46,-0.24,0.81,0.05,0.61,-0.31,0,0,0,0,0,1,364,222,387,182,0
1548.67,4.00,-0.16,1.44,0.46,-0.24,0.82,0.05,0.61,-0.31,0,0,0,0,0,0,364,222,384,182,0
1548.78,3.92,0.24,1.24,0.46,-0.23,0.81,0.05,0.61,-0.31,0,0,0,0,0,0,363,221,382,182,0
1548.88,4.30,-0.57,1.44,0.47,-0.24,0.82,0.05,0.60,-0.31,0,0,0,0,0,0,364,220,381,181,0
1548.99,4.69,-0.79,1.63,0.45,-0.25,0.82,0.05,0.61,-0.31,0,0,0,0,0,0,364,221,380,181,0
1549.09,3.52,0.17,1.57,0.45,-0.25,0.82,0.05,0.61,-0.31,0,0,0,0,0,0,364,221,380,182,0
1549.20,3.75,-0.11,1.47,0.45,-0.24,0.82,0.04,0.61,-0.30,0,0,0,0,0,0,364,221,381,180,0
1549.30,3.89,-0.17,1.65,0.45,-0.24,0.82,0.05,0.61,-0.30,0,0,0,0,0,0,364,222,380,181,0
1549.41,3.14,-0.06,1.48,0.45,-0.24,0.82,0.05,0.61,-0.31,0,0,0,0,0,0,364,221,380,181,0
1549.52,3.70,0.11,1.58,0.46,-0.24,0.82,0.05,0.61,-0.31,0,0,0,0,0,0,363,221,381,181,0
1549.62,3.75,0.00,1.39,0.45,-0.24,0.82,0.05,0.61,-0.31,0,0,0,0,0,0,364,221,380,182,0
1549.73,3.81,0.11,1.21,0.45,-0.23,0.81,0.05,0.61,-0.31,0,0,0,0,0,0,364,222,379,182,0
1549.83,4.60,-0.15,1.04,0.45,-0.24,0.81,0.05,0.61,-0.31,0,0,0,0,0,0,365,222,380,182,0
1549.94,4.03,0.11,1.15,0.45,-0.23,0.82,0.05,0.61,-0.31,0,0,0,0,0,0,364,221,380,182,0
1550.04,3.36,-0.37,1.72,0.45,-0.24,0.82,0.05,0.61,-0.31,0,0,0,0,0,0,365,222,379,181,0
1550.15,3.89,0.18,1.65,0.45,-0.24,0.82,0.05,0.61,-0.31,0,0,0,0,0,0,365,221,377,181,0
1550.25,4.02,0.13,1.47,0.46,-0.25,0.83,0.05,0.61,-0.31,0,0,0,0,0,0,364,221,377,178,0
1550.36,3.40,-0.15,1.63,0.46,-0.25,0.82,0.05,0.61,-0.31,0,0,0,0,0,0,364,221,378,177,0
1550.46,3.20,-0.06,1.49,0.46,-0.24,0.81,0.05,0.61,-0.31,0,0,0,0,0,0,363,221,377,177,0
1550.57,3.87,0.32,1.19,0.46,-0.25,0.82,0.05,0.61,-0.31,0,1,0,0,0,0,364,221,376,177,0
1550.68,4.12,-0.14,1.61,0.46,-0.25,0.82,0.05,0.61,-0.31,0,0,0,0,0,0,364,222,375,177,0
1550.78,3.91,0.11,1.57,0.46,-0.24,0.82,0.05,0.61,-0.31,0,0,0,0,0,0,364,221,377,177,0
1550.89,1.92,0.15,1.42,0.45,-0.24,0.82,0.04,0.61,-0.31,0,0,0,0,0,0,364,220,376,177,0
1550.99,2.12,-0.08,1.34,0.44,-0.24,0.82,0.05,0.60,-0.32,0,0,0,0,0,0,364,222,374,177,0
1551.10,3.09,0.03,1.44,0.46,-0.24,0.82,0.05,0.61,-0.31,0,0,0,0,0,0,364,221,375,177,0
1551.20,4.71,0.11,1.14,0.46,-0.23,0.81,0.04,0.61,-0.31,0,0,0,0,0,0,364,221,375,176,0
1551.31,3.65,0.10,1.23,0.46,-0.24,0.81,0.04,0.61,-0.30,0,0,0,0,0,0,363,221,373,176,0
1551.41,4.76,-0.02,1.38,0.46,-0.25,0.82,0.05,0.61,-0.31,0,0,0,0,0,1,363,221,373,176,0
1551.52,4.45,0.02,1.42,0.45,-0.24,0.82,0.05,0.60,-0.31,0,0,0,0,0,0,364,221,373,176,0
1551.62,3.49,-0.33,1.64,0.46,-0.25,0.82,0.05,0.61,-0.30,0,0,0,0,0,0,363,222,373,176,0
1551.73,3.77,-0.37,1.29,0.46,-0.25,0.82,0.05,0.61,-0.31,0,0,0,0,0,0,364,221,373,177,0
1551.84,4.03,0.18,1.52,0.46,-0.24,0.82,0.05,0.61,-0.30,0,0,0,0,0,0,364,221,372,176,0
1551.94,3.58,0.29,1.58,0.45,-0.24,0.82,0.05,0.61,-0.31,0,0,0,0,0,0,363,221,374,177,0
1552.05,3.01,-0.19,1.64,0.46,-0.24,0.82,0.05,0.61,-0.31,0,0,0,0,0,0,363,221,374,177,0
1552.15,3.72,2.18,1.31,0.46,-0.24,0.82,0.05,0.61,-0.31,0,0,0,0,0,0,362,222,374,178,0
1552.26,3.62,0.30,1.27,0.45,-0.24,0.82,0.05,0.61,-0.31,0,0,0,0,0,0,362,221,375,177,0
1552.36,3.53,0.03,1.14,0.46,-0.24,0.82,0.05,0.61,-0.31,0,0,0,0,0,0,363,221,375,176,0
1552.47,4.00,0.30,1.50,0.45,-0.24,0.81,0.05,0.61,-0.31,0,0,0,0,0,0,362,221,375,177,0
1552.57,3.72,0.30,1.52,0.46,-0.24,0.82,0.05,0.61,-0.31,0,0,0,0,0,0,363,221,375,177,0
1552.68,4.29,-0.11,1.59,0.46,-0.25,0.82,0.04,0.61,-0.31,0,0,0,0,0,0,364,221,375,177,0
1552.79,3.71,0.17,1.60,0.45,-0.24,0.82,0.05,0.61,-0.30,0,0,0,0,0,0,363,221,376,177,0
1552.89,4.55,0.24,1.75,0.46,-0.24,0.82,0.05,0.61,-0.30,0,0,0,0,0,0,363,222,375,177,0
1553.00,3.88,0.19,1.50,0.46,-0.24,0.82,0.05,0.61,-0.30,0,0,0,0,0,0,363,222,375,178,0
1553.10,3.95,-0.06,1.24,0.45,-0.24,0.81,0.05,0.62,-0.30,0,0,0,0,0,0,362,221,376,177,0
1553.21,4.27,0.03,1.44,0.45,-0.24,0.82,0.04,0.61,-0.31,0,0,0,0,0,0,364,221,375,177,0
1553.31,4.22,0.14,1.44,0.45,-0.24,0.82,0.05,0.61,-0.31,0,0,0,0,0,0,363,221,375,176,0
1553.42,3.42,0.04,1.53,0.45,-0.23,0.81,0.05,0.61,-0.30,0,0,0,0,0,0,363,221,376,177,0
1553.53,4.57,0.13,1.25,0.45,-0.24,0.82,0.05,0.61,-0.30,0,0,0,0,0,0,364,221,374,177,0
1553.63,4.14,0.03,1.42,0.45,-0.25,0.81,0.05,0.61,-0.31,0,0,0,0,0,0,364,219,373,176,0
1553.74,4.28,-1.09,1.01,0.46,-0.26,0.82,0.05,0.61,-0.30,0,0,0,0,0,0,363,220,374,175,0
1553.84,4.07,0.18,1.15,0.45,-0.24,0.82,0.05,0.61,-0.30,0,1,0,0,0,0,363,219,374,177,0
1553.95,3.01,0.81,1.10,0.45,-0.24,0.82,0.05,0.62,-0.31,0,0,0,1,0,0,362,218,372,175,0
1554.05,2.93,0.28,1.82,0.46,-0.24,0.82,0.05,0.61,-0.30,0,0,0,0,0,0,363,220,373,176,0
1554.16,4.13,-0.09,1.23,0.45,-0.24,0.82,0.05,0.61,-0.31,0,0,0,0,0,0,364,220,373,176,0
1554.26,3.70,0.87,0.99,0.46,-0.24,0.82,0.05,0.61,-0.30,0,0,1,0,0,0,363,221,374,178,0
1554.37,4.29,0.60,1.05,0.46,-0.25,0.81,0.05,0.61,-0.30,0,0,0,0,0,0,365,222,374,177,0
1554.47,3.59,-0.10,1.54,0.46,-0.24,0.81,0.05,0.61,-0.30,0,0,0,0,0,0,366,222,374,180,0
1554.58,3.40,0.55,1.25,0.45,-0.24,0.83,0.05,0.61,-0.31,0,0,0,0,0,0,365,222,378,181,0
1554.69,4.05,0.46,1.32,0.45,-0.24,0.82,0.05,0.61,-0.31,1,0,0,0,0,0,366,222,378,182,0
1554.79,3.54,-0.06,2.01,0.46,-0.24,0.81,0.05,0.61,-0.30,0,0,0,0,0,0,366,222,379,182,0
1554.90,3.94,-0.05,1.29,0.46,-0.25,0.82,0.05,0.61,-0.30,0,0,0,0,0,0,366,222,380,182,0
1555.00,3.93,0.32,1.16,0.46,-0.24,0.82,0.05,0.61,-0.30,0,0,0,0,0,0,367,222,378,181,0
1555.11,3.74,0.11,1.37,0.45,-0.24,0.81,0.05,0.61,-0.30,0,0,0,0,0,0,366,223,377,181,0
1555.21,3.21,-0.38,1.48,0.45,-0.22,0.81,0.05,0.61,-0.30,0,0,0,0,0,0,364,221,376,181,0
1555.32,2.48,-0.10,1.28,0.46,-0.23,0.82,0.05,0.61,-0.30,1,0,0,0,0,0,365,222,377,179,0
1555.42,3.35,-0.55,1.42,0.45,-0.24,0.81,0.05,0.61,-0.30,0,0,0,1,0,0,365,223,376,180,0
1555.53,3.78,-0.29,1.42,0.46,-0.24,0.81,0.05,0.61,-0.30,0,0,0,0,0,0,366,222,377,178,0
1555.64,3.54,-0.18,1.37,0.46,-0.24,0.82,0.05,0.61,-0.30,0,0,0,0,0,0,365,222,376,178,0
1555.74,3.10,2.21,1.37,0.46,-0.24,0.82,0.05,0.61,-0.31,0,0,0,0,0,0,365,221,375,177,0
1555.85,3.29,0.32,1.38,0.46,-0.24,0.81,0.05,0.61,-0.31,0,0,0,0,0,0,364,222,375,178,0
1555.95,4.23,-0.06,1.23,0.46,-0.24,0.82,0.05,0.62,-0.31,0,0,0,0,0,0,364,221,375,178,0
1556.06,4.66,0.25,1.39,0.45,-0.24,0.81,0.05,0.61,-0.30,0,0,0,1,0,0,364,220,375,178,0
1556.16,3.58,-0.08,1.69,0.46,-0.24,0.82,0.05,0.61,-0.30,0,0,0,0,0,0,364,222,377,178,0
1556.27,3.33,0.06,1.28,0.45,-0.25,0.82,0.05,0.61,-0.31,0,0,0,0,0,0,364,223,377,178,0
1556.37,4.24,0.52,1.37,0.45,-0.25,0.82,0.05,0.61,-0.30,0,0,0,0,0,0,364,223,378,180,0
1556.48,3.80,0.11,1.45,0.45,-0.24,0.82,0.05,0.61,-0.31,0,0,0,0,0,0,367,224,379,181,0
1556.58,3.85,0.71,1.18,0.46,-0.24,0.81,0.05,0.61,-0.31,0,0,0,0,0,0,367,224,382,182,0
1556.69,4.09,0.22,1.37,0.46,-0.24,0.81,0.05,0.61,-0.30,0,0,0,0,0,0,368,225,382,183,0
1556.80,2.69,0.06,1.21,0.45,-0.24,0.81,0.05,0.61,-0.30,0,1,0,0,0,0,367,224,383,182,0
1556.90,3.26,-0.52,1.50,0.46,-0.25,0.81,0.05,0.61,-0.30,0,0,0,0,0,0,367,224,382,182,0
1557.01,3.48,-0.23,1.40,0.46,-0.25,0.81,0.05,0.61,-0.30,0,0,0,0,0,0,366,224,382,181,0
1557.11,3.09,0.09,1.75,0.46,-0.25,0.82,0.05,0.61,-0.30,0,0,0,0,0,0,367,223,380,181,0
1557.22,3.89,-0.13,1.75,0.45,-0.25,0.83,0.05,0.61,-0.30,0,0,0,0,0,0,366,223,379,181,0
1557.32,3.72,0.29,1.31,0.45,-0.24,0.81,0.06,0.61,-0.30,0,0,0,0,0,0,365,223,379,181,0
1557.43,3.98,-0.24,1.14,0.46,-0.25,0.82,0.05,0.61,-0.30,0,0,0,0,0,0,366,223,378,181,0
1557.53,4.21,-0.32,1.49,0.46,-0.24,0.82,0.05,0.61,-0.30,0,0,0,0,0,0,366,223,378,179,0
1557.64,3.92,0.12,1.78,0.45,-0.24,0.82,0.05,0.61,-0.30,1,0,0,0,0,0,365,222,378,177,0
1557.74,3.01,-0.20,1.87,0.46,-0.25,0.82,0.05,0.61,-0.30,0,0,0,0,0,0,366,223,379,180,0
1557.85,2.88,-0.40,1.42,0.45,-0.25,0.82,0.05,0.61,-0.30,0,0,0,0,0,0,367,223,379,178,0
1557.96,3.11,-0.00,1.67,0.47,-0.24,0.82,0.05,0.61,-0.30,0,0,0,0,0,0,366,222,377,177,0
1558.06,3.21,-0.04,1.66,0.45,-0.24,0.81,0.05,0.61,-0.30,0,0,0,0,0,0,366,222,376,176,0
1558.17,4.07,-0.28,1.36,0.46,-0.24,0.81,0.05,0.61,-0.31,0,0,0,0,0,0,366,223,377,177,0
1558.27,3.15,0.25,1.36,0.45,-0.24,0.82,0.05,0.61,-0.31,0,0,0,0,0,0,367,222,377,175,0
1558.38,3.59,0.04,1.44,0.46,-0.25,0.81,0.05,0.61,-0.30,0,0,0,0,0,0,366,222,375,175,0
1558.48,4.66,0.46,1.30,0.46,-0.24,0.82,0.05,0.61,-0.31,0,0,0,0,0,0,366,221,374,174,0
1558.59,3.56,0.50,1.29,0.46,-0.24,0.83,0.05,0.61,-0.31,0,0,0,0,0,0,365,222,374,175,0
1558.69,3.18,-0.62,1.64,0.45,-0.24,0.82,0.05,0.61,-0.31,0,0,0,0,0,0,366,223,375,175,0
1558.80,4.48,0.04,1.51,0.45,-0.24,0.82,0.05,0.61,-0.31,0,0,0,0,0,0,367,223,376,175,0
1558.91,3.12,-0.60,1.04,0.45,-0.24,0.82,0.05,0.61,-0.31,0,0,0,0,0,0,366,222,375,175,0
1559.01,2.85,-0.29,1.43,0.45,-0.24,0.82,0.05,0.61,-0.31,0,0,0,0,0,0,365,222,374,176,0
1559.12,4.16,0.10,1.94,0.45,-0.23,0.81,0.05,0.61,-0.30,0,0,0,0,0,0,367,223,375,176,0
1559.22,6.62,-0.37,2.04,0.46,-0.25,0.82,0.05,0.60,-0.31,0,0,0,0,0,0,366,223,374,176,0
1559.33,3.15,0.10,1.84,0.45,-0.24,0.82,0.05,0.61,-0.31,0,0,0,0,0,0,365,222,374,176,0
1559.43,2.07,0.60,1.44,0.45,-0.23,0.82,0.05,0.61,-0.31,0,0,0,0,0,0,365,222,375,176,0
1559.54,3.82,0.20,1.58,0.46,-0.22,0.82,0.05,0.60,-0.31,0,0,0,0,0,0,366,223,376,177,0
1559.64,3.17,-0.45,1.49,0.45,-0.25,0.82,0.05,0.61,-0.31,0,0,0,0,0,0,365,222,377,177,0
1559.75,4.37,0.23,1.14,0.46,-0.25,0.82,0.04,0.60,-0.30,0,0,0,0,0,0,365,223,378,178,0
1559.85,3.50,-0.27,1.72,0.46,-0.24,0.81,0.05,0.61,-0.30,0,0,0,0,0,0,365,223,378,179,0
1559.96,4.41,-0.97,1.86,0.46,-0.25,0.81,0.05,0.61,-0.31,0,0,0,0,0,0,366,223,380,179,0
1560.07,4.68,-0.11,2.07,0.45,-0.24,0.82,0.05,0.60,-0.30,0,0,0,0,0,0,365,223,379,180,0
1560.17,3.96,-0.10,1.97,0.45,-0.24,0.81,0.05,0.60,-0.30,0,0,0,0,0,0,365,223,378,178,0
1560.28,3.97,-0.17,1.73,0.45,-0.24,0.82,0.05,0.60,-0.30,0,0,0,0,0,0,363,223,378,179,0
1560.38,3.69,-0.17,1.34,0.45,-0.24,0.81,0.05,0.61,-0.30,0,0,0,0,0,0,364,223,377,178,0
1560.49,3.13,-0.17,1.40,0.46,-0.25,0.82,0.05,0.61,-0.31,0,0,0,0,0,0,363,223,377,178,0
1560.59,3.55,-0.25,1.34,0.45,-0.24,0.82,0.05,0.60,-0.30,0,0,0,0,0,0,364,223,378,178,0
1560.70,3.63,-0.11,1.65,0.46,-0.25,0.82,0.05,0.61,-0.31,0,1,0,0,0,0,364,223,379,178,0
1560.81,3.57,0.10,0.97,0.45,-0.24,0.81,0.04,0.61,-0.30,0,0,0,0,0,0,365,224,377,178,0
1560.91,4.51,0.43,1.24,0.45,-0.24,0.82,0.05,0.60,-0.30,0,0,0,0,0,0,365,223,377,179,0
1561.02,4.48,0.11,1.38,0.46,-0.24,0.82,0.05,0.61,-0.30,0,1,0,0,0,0,365,223,377,178,0
1561.12,3.62,0.02,1.56,0.45,-0.25,0.82,0.05,0.61,-0.30,0,0,0,0,0,0,364,222,377,178,0
1561.23,3.89,0.29,1.61,0.46,-0.24,0.81,0.05,0.61,-0.31,0,0,0,0,0,0,364,223,377,178,0
1561.33,3.56,0.33,1.39,0.45,-0.24,0.81,0.06,0.61,-0.31,0,0,0,0,0,0,364,223,375,178,0
1561.44,4.51,0.79,1.33,0.45,-0.24,0.81,0.05,0.61,-0.31,0,0,0,0,0,0,364,222,375,178,0
1561.54,3.20,-0.44,1.41,0.45,-0.24,0.82,0.05,0.61,-0.31,0,0,0,0,0,0,365,223,375,179,0
1561.65,3.81,-0.19,1.21,0.45,-0.25,0.82,0.05,0.61,-0.31,0,0,0,0,0,0,365,223,375,178,0
1561.76,2.59,-0.24,1.58,0.45,-0.25,0.82,0.05,0.61,-0.31,0,0,0,0,1,0,365,223,376,178,0
1561.86,3.58,0.40,1.91,0.46,-0.24,0.82,0.06,0.61,-0.31,0,0,0,0,0,0,365,222,375,178,0
1561.97,4.04,0.62,1.15,0.46,-0.24,0.82,0.05,0.61,-0.31,0,0,0,0,0,0,364,223,376,178,0
1562.07,4.16,-0.21,1.16,0.45,-0.25,0.81,0.05,0.61,-0.31,0,0,0,0,0,0,365,221,377,180,0
1562.18,3.95,0.29,1.15,0.45,-0.24,0.81,0.05,0.61,-0.31,0,0,0,0,0,0,365,223,377,181,0
1562.28,2.44,-0.11,1.92,0.46,-0.25,0.82,0.06,0.61,-0.31,0,0,0,0,0,1,366,223,378,181,0
