time,Gx,Gy,Gz,Ax,Ay,Az,Mx,My,Mz,F1,F2,B1,B2,S1,S2,S3,S4,S5,class
741.62,2.59,-1.85,3.73,0.48,0.44,0.71,-0.07,0.13,-0.49,0,0,0,0,218,618,109,244,0,1
741.72,3.95,-0.3,1.13,0.47,0.44,0.71,-0.06,0.13,-0.49,0,0,0,0,218,620,109,235,0,1
741.83,2.91,-0.83,1.64,0.48,0.41,0.73,-0.06,0.13,-0.5,0,0,0,0,217,619,108,238,0,1
741.93,2.38,-0.42,3.73,0.46,0.45,0.7,-0.06,0.13,-0.49,0,0,0,1,217,618,106,243,0,1
742.04,4.22,0.83,1.5,0.47,0.44,0.71,-0.07,0.13,-0.5,0,0,0,0,214,619,105,238,0,1
742.15,4.26,0.79,1.46,0.47,0.43,0.71,-0.07,0.14,-0.5,0,0,0,0,214,619,105,248,0,1
742.25,4.66,0.55,1.39,0.46,0.44,0.71,-0.06,0.14,-0.49,0,0,0,0,213,620,106,256,0,1
742.36,4.49,0.92,0.92,0.47,0.44,0.72,-0.07,0.14,-0.49,0,0,0,0,215,622,107,263,0,1
742.46,4.09,0.25,0.47,0.47,0.43,0.72,-0.06,0.14,-0.49,0,0,0,0,216,623,107,273,0,1
742.57,3.13,0.65,0.22,0.47,0.44,0.71,-0.06,0.14,-0.5,0,0,0,0,235,625,110,283,0,1
742.67,4.14,1.3,0.08,0.48,0.42,0.72,-0.06,0.14,-0.5,0,0,0,0,240,626,109,290,0,1
742.78,3.44,0.67,0.88,0.48,0.43,0.71,-0.06,0.14,-0.49,0,0,0,1,242,628,110,291,0,1
742.88,2.88,0.52,1,0.48,0.42,0.71,-0.06,0.14,-0.5,0,0,0,0,240,626,109,288,0,1
742.99,2.2,-0.23,1.58,0.48,0.43,0.72,-0.06,0.14,-0.49,0,0,0,0,230,624,107,281,0,1
743.09,2.69,-0.54,1.51,0.48,0.43,0.71,-0.06,0.13,-0.5,0,0,1,0,215,618,105,265,0,1
743.2,3.59,-0.61,1.5,0.47,0.43,0.71,-0.06,0.14,-0.5,0,0,1,0,214,618,105,264,0,1
743.31,3.05,-0.6,2.02,0.47,0.43,0.71,-0.06,0.13,-0.5,0,0,0,0,214,617,105,263,0,1
743.41,2.9,-0.35,1.16,0.48,0.44,0.71,-0.07,0.13,-0.5,0,0,0,0,214,616,105,260,0,1
743.52,4.28,0.15,1.13,0.47,0.44,0.71,-0.06,0.13,-0.49,0,0,0,0,214,615,105,261,0,1
743.62,3.3,0.3,0.73,0.47,0.44,0.72,-0.07,0.14,-0.49,0,0,1,0,213,616,105,261,0,1
743.73,2.47,0.08,1.1,0.47,0.43,0.71,-0.06,0.14,-0.49,0,0,0,0,214,616,105,261,0,1
743.83,3.61,0.1,1.36,0.47,0.43,0.71,-0.06,0.14,-0.49,0,0,0,0,213,617,104,261,0,1
743.94,3.13,-0.09,1.14,0.48,0.43,0.7,-0.06,0.13,-0.49,0,0,0,0,214,614,105,262,0,1
744.04,3.28,-0.04,0.38,0.47,0.44,0.71,-0.07,0.14,-0.5,0,0,0,0,216,613,105,264,0,1
744.15,5.14,-0.19,0.48,0.46,0.42,0.72,-0.06,0.14,-0.5,0,0,0,0,220,617,106,281,0,1
744.26,2.9,0.82,-2.63,0.47,0.41,0.72,-0.06,0.13,-0.49,0,0,0,0,222,619,107,277,0,1
744.36,5.43,1.42,-4.46,0.51,0.43,0.71,-0.06,0.13,-0.5,0,0,0,0,243,623,106,298,0,1
744.47,13.06,0.08,8.9,0.49,0.39,0.73,-0.06,0.14,-0.5,1,0,1,0,268,604,109,322,0,1
744.57,0.35,-1.58,6.97,0.49,0.44,0.72,-0.06,0.14,-0.49,0,0,0,0,275,608,109,334,0,1
744.68,13.85,2.2,7.27,0.46,0.4,0.76,-0.06,0.14,-0.49,0,0,0,1,252,612,109,327,0,1
744.78,8.51,1.83,1.45,0.46,0.42,0.74,-0.07,0.15,-0.48,0,0,0,0,245,614,107,323,0,1
744.89,2.37,0.75,2.33,0.48,0.4,0.73,-0.06,0.15,-0.49,0,0,0,0,245,612,107,323,0,1
744.99,7.97,2.17,0.2,0.48,0.41,0.74,-0.06,0.15,-0.49,0,0,0,0,258,613,109,323,0,1
745.1,1.49,0.36,-0.48,0.49,0.41,0.72,-0.05,0.16,-0.5,0,0,0,1,259,615,107,325,0,1
745.21,1.08,0.88,-1.01,0.51,0.42,0.71,-0.05,0.15,-0.51,0,0,0,0,241,613,106,313,0,1
745.31,1.21,-0.04,2.7,0.5,0.42,0.71,-0.04,0.14,-0.5,0,0,0,0,256,605,107,310,0,1
745.42,3.49,-0.38,3.8,0.5,0.42,0.71,-0.05,0.15,-0.51,0,0,0,0,254,606,108,312,0,1
745.52,8.23,0.66,2.5,0.49,0.4,0.73,-0.05,0.15,-0.51,0,0,0,0,259,608,109,319,0,1
745.63,7.24,2.07,3.67,0.5,0.43,0.71,-0.05,0.15,-0.5,0,0,0,0,268,612,109,324,0,1
745.73,2.97,-0.08,3.36,0.48,0.42,0.71,-0.05,0.15,-0.51,0,0,1,0,268,612,110,325,0,1
745.84,0.21,-0.66,1.36,0.5,0.42,0.7,-0.05,0.14,-0.51,0,0,0,0,269,614,110,324,0,1
745.94,3.98,-0.3,0.74,0.49,0.44,0.71,-0.05,0.15,-0.51,0,0,0,1,275,619,114,328,0,1
746.05,3.2,-0.7,1.14,0.48,0.41,0.72,-0.06,0.14,-0.49,0,0,0,0,273,620,112,327,0,1
746.16,2.45,-0.34,2.19,0.48,0.42,0.71,-0.05,0.15,-0.51,0,0,0,0,269,620,112,316,0,1
746.26,2.85,0.1,0.74,0.49,0.43,0.71,-0.06,0.15,-0.5,0,0,0,0,240,618,111,305,0,1
746.37,2.91,0.49,0.19,0.48,0.43,0.71,-0.05,0.14,-0.5,0,0,0,0,238,617,109,303,0,1
746.47,5.82,0.3,1.59,0.48,0.43,0.71,-0.05,0.15,-0.5,0,0,0,0,237,614,110,298,0,1
746.58,3.78,-0.51,1.4,0.49,0.42,0.72,-0.05,0.15,-0.5,0,0,0,1,236,615,111,289,0,1
746.68,1.44,-62.53,21.25,0.75,0.51,0.99,-0.06,0.16,-0.5,0,0,0,1,223,606,128,284,0,1
746.79,-100.1,-130.87,107.11,0.17,0.97,0.85,-0.17,0.14,-0.44,0,0,0,0,214,616,150,259,0,1
746.89,74.66,-165.34,120.89,-0.03,0.71,0.67,-0.36,0.16,-0.32,0,0,0,0,208,603,148,267,0,1
747,80.89,-72.63,31.5,-0.52,0.13,0.74,-0.41,0.28,-0.24,0,0,0,0,213,568,125,289,0,1
747.1,-26.8,-36.57,10.78,-0.56,0.45,0.74,-0.46,0.28,-0.23,0,0,0,0,260,504,120,264,0,1
747.21,-64.46,-13.88,18.43,-0.78,0.5,0.62,-0.46,0.3,-0.22,0,0,1,0,339,401,115,216,1,1
747.32,-141.47,19.76,51.35,-0.83,0.43,0.41,-0.45,0.31,-0.25,0,0,1,0,304,322,105,279,0,1
747.42,21.09,101.64,102.62,-0.35,0.17,0.39,-0.42,0.32,-0.3,0,1,0,0,246,227,91,399,1,1
747.53,-57.46,77.58,43.58,-0.27,0.15,0.82,-0.33,0.36,-0.37,0,0,0,0,197,219,135,585,0,1
747.63,-63.93,47.64,-8.03,-0.28,0.57,0.91,-0.27,0.31,-0.42,0,0,0,0,204,258,256,672,0,1
747.74,38.52,9.92,5.13,-0.26,0.69,0.63,-0.27,0.3,-0.43,0,0,0,0,176,265,353,708,0,1
747.84,62.65,-25.15,-25,-0.37,0.49,0.77,-0.26,0.33,-0.42,0,0,0,0,162,275,397,719,0,1
747.95,11.56,-12.3,-15.07,-0.43,0.54,0.79,-0.27,0.34,-0.41,0,0,0,0,166,293,410,723,0,1
748.05,8.66,-12.78,-7.88,-0.44,0.55,0.7,-0.29,0.34,-0.4,0,0,0,0,163,305,411,721,0,1
748.16,-1.5,2.35,9.31,-0.46,0.55,0.58,-0.3,0.34,-0.39,0,0,0,0,168,306,416,712,0,1
748.27,3.7,-1.34,2.51,-0.43,0.47,0.76,-0.29,0.34,-0.4,0,0,0,0,166,311,432,708,0,1
748.37,10.26,4.8,13.04,-0.44,0.51,0.67,-0.29,0.35,-0.4,0,0,0,0,158,303,416,703,0,1
748.48,22.08,8.64,14.79,-0.47,0.39,0.75,-0.28,0.36,-0.4,0,0,0,0,150,300,420,699,0,1
748.58,2.28,2.9,4.4,-0.46,0.4,0.76,-0.28,0.37,-0.4,1,0,0,0,154,313,422,697,0,1
748.69,1.92,6.46,6.23,-0.44,0.48,0.75,-0.28,0.36,-0.41,0,0,0,0,147,309,419,702,0,1
748.79,-7.88,-0.81,0.4,-0.46,0.4,0.77,-0.28,0.37,-0.41,0,0,0,1,130,308,421,710,0,1
751.76,4.8,-0.71,-0.58,-0.43,0.52,0.7,-0.27,0.34,-0.4,0,0,0,0,159,363,426,698,0,1
751.87,-0.43,-9.13,-7.4,-0.49,0.49,0.66,-0.28,0.34,-0.4,0,0,0,0,141,357,418,692,0,1
751.97,-0.93,3.01,-1.74,-0.42,0.55,0.7,-0.28,0.34,-0.41,0,0,0,0,126,348,404,688,1,1
752.08,2.83,1.09,-1.83,-0.39,0.51,0.75,-0.28,0.35,-0.41,0,0,0,0,132,349,389,683,0,1
752.18,7.58,-4.32,-3.36,-0.37,0.53,0.74,-0.28,0.34,-0.41,0,0,0,0,132,351,348,670,0,1
752.29,27.31,-4.9,-1.74,-0.42,0.51,0.76,-0.29,0.34,-0.4,0,0,0,0,124,356,320,663,0,1
752.39,7.77,-11.36,-8.59,-0.44,0.51,0.74,-0.29,0.35,-0.39,0,0,0,0,109,362,253,662,0,1
752.5,18.71,-3.27,4.18,-0.42,0.54,0.68,-0.3,0.35,-0.39,0,0,0,0,107,371,233,654,1,1
752.6,-0.31,5.14,4.81,-0.45,0.45,0.74,-0.3,0.37,-0.38,0,0,0,0,118,392,247,649,0,1
752.71,7.23,6.2,5.04,-0.39,0.45,0.79,-0.29,0.37,-0.39,0,0,0,0,150,407,266,650,0,1
752.82,1.94,2.35,1.3,-0.44,0.45,0.75,-0.29,0.37,-0.39,0,0,0,0,161,414,283,653,0,1
752.92,5.4,-0.42,3.46,-0.45,0.45,0.81,-0.29,0.37,-0.4,0,0,0,0,166,416,302,662,0,1
753.03,6.21,-4,1.15,-0.43,0.45,0.79,-0.29,0.37,-0.39,0,0,0,0,168,416,315,670,0,1
753.13,12.21,-6.42,1.86,-0.44,0.39,0.77,-0.29,0.38,-0.39,0,0,0,0,169,414,333,678,0,1
753.24,3.5,-3.1,2.04,-0.44,0.43,0.76,-0.3,0.38,-0.39,0,0,0,1,171,411,343,685,0,1
753.34,8.3,-6.44,3.07,-0.46,0.41,0.73,-0.29,0.38,-0.38,0,0,0,0,173,410,352,690,0,1
753.45,6.35,-3.5,3.44,-0.46,0.39,0.74,-0.3,0.38,-0.38,0,0,0,0,173,405,361,696,0,1
753.55,13.77,-0.44,1.01,-0.44,0.45,0.76,-0.3,0.38,-0.37,0,0,0,0,169,406,366,704,0,1
753.66,3.94,-0.48,2.48,-0.47,0.44,0.77,-0.3,0.39,-0.38,0,0,0,0,166,403,371,709,0,1
753.77,-3.17,-1.55,5.02,-0.45,0.41,0.77,-0.3,0.39,-0.38,0,0,0,0,158,399,373,709,1,1
753.87,-0.62,0.07,3.95,-0.46,0.39,0.74,-0.3,0.38,-0.37,0,0,1,0,154,397,373,710,0,1
753.98,3.96,-0.28,1.07,-0.47,0.4,0.75,-0.3,0.39,-0.37,0,0,0,0,153,397,374,712,0,1
754.08,0.35,0.42,-1.38,-0.47,0.41,0.75,-0.31,0.39,-0.37,0,0,0,1,152,396,376,713,0,1
754.19,2.57,1.44,-2.23,-0.47,0.43,0.75,-0.3,0.38,-0.37,0,0,0,0,150,399,376,714,0,1
754.29,2.88,-0.73,0.55,-0.47,0.43,0.77,-0.31,0.38,-0.37,0,0,0,0,148,401,374,714,0,1
754.4,2.97,-1.35,1.37,-0.46,0.42,0.76,-0.3,0.39,-0.38,0,0,0,0,147,401,373,714,0,1
754.5,-2.28,-0.87,0.28,-0.45,0.42,0.74,-0.31,0.38,-0.37,0,0,0,1,144,398,372,716,0,1
754.61,9.14,1.43,1.04,-0.47,0.42,0.76,-0.3,0.38,-0.37,0,0,0,0,146,398,374,715,0,1
754.72,4.24,0.99,-1.1,-0.46,0.44,0.78,-0.3,0.38,-0.37,0,0,0,0,151,404,374,716,0,1
754.82,4.09,-1.01,5.64,-0.46,0.41,0.77,-0.31,0.38,-0.37,0,0,0,0,152,407,372,716,0,1
754.93,1.55,1.54,2.97,-0.47,0.4,0.71,-0.3,0.38,-0.36,0,0,0,1,150,406,370,716,0,1
755.03,6.77,3.12,4.01,-0.49,0.41,0.75,-0.3,0.38,-0.37,0,0,0,0,152,407,373,716,0,1
755.14,7.52,-0.04,0.58,-0.47,0.4,0.81,-0.29,0.38,-0.37,0,0,0,1,154,409,374,719,0,1
755.24,3.64,-0.75,2.28,-0.45,0.42,0.77,-0.29,0.38,-0.38,0,0,0,0,153,408,373,718,0,1
755.35,0.49,-1.62,0.87,-0.47,0.39,0.75,-0.3,0.38,-0.38,0,0,0,0,151,408,367,717,0,1
755.45,5.33,-1.94,-1.15,-0.46,0.41,0.75,-0.3,0.39,-0.38,0,0,0,0,150,407,359,716,0,1
755.56,-2.95,0.07,-0.39,-0.47,0.44,0.75,-0.3,0.38,-0.38,0,0,0,0,153,409,354,716,0,1
755.66,1.28,2.62,2.85,-0.46,0.4,0.77,-0.3,0.38,-0.38,0,0,0,0,156,409,356,717,0,1
755.77,4.23,0.76,1.61,-0.47,0.41,0.77,-0.3,0.38,-0.38,0,0,0,0,156,410,360,718,1,1
755.88,3.85,-1.19,-0.04,-0.46,0.42,0.77,-0.3,0.38,-0.38,0,0,0,0,156,410,360,719,0,1
755.98,6.87,-0.81,4.19,-0.47,0.44,0.72,-0.3,0.38,-0.38,0,0,1,0,157,410,359,713,0,1
756.09,-2.6,0.38,3.87,-0.47,0.41,0.76,-0.3,0.39,-0.38,0,0,0,0,159,410,360,711,0,1
756.19,1.78,-0.46,2.36,-0.46,0.39,0.77,-0.3,0.38,-0.38,0,0,0,0,160,410,362,711,0,1
756.3,-0.82,-1.44,0.23,-0.47,0.41,0.74,-0.3,0.38,-0.38,0,0,0,1,160,411,361,711,0,1
756.4,4.51,-1.44,-1.83,-0.46,0.43,0.74,-0.3,0.38,-0.38,0,0,0,0,165,413,357,705,0,1
756.51,1.16,0.26,0.84,-0.49,0.43,0.76,-0.31,0.38,-0.38,0,0,0,0,165,416,338,700,0,1
756.61,2.46,-0.89,3.12,-0.46,0.4,0.76,-0.3,0.39,-0.39,0,0,0,0,164,413,334,702,0,1
756.72,3.05,0.94,0.08,-0.48,0.42,0.73,-0.31,0.38,-0.38,0,0,0,0,157,410,306,705,0,1
756.83,4.72,-0.67,1.23,-0.47,0.42,0.76,-0.3,0.38,-0.38,0,0,0,0,151,404,277,707,0,1
756.93,2.74,-2.13,-0.26,-0.47,0.45,0.75,-0.3,0.38,-0.38,0,0,0,0,142,402,263,711,0,1
757.04,5.58,-0.12,1.3,-0.45,0.42,0.75,-0.3,0.37,-0.38,0,0,1,0,139,403,256,711,0,1
757.14,2.08,1.5,1.98,-0.47,0.44,0.73,-0.3,0.38,-0.38,0,0,0,0,139,403,257,712,0,1
757.25,5.09,1.52,2.21,-0.46,0.43,0.75,-0.3,0.38,-0.38,0,0,0,1,138,406,247,711,0,1
757.35,-5.96,3.99,2.13,-0.47,0.43,0.75,-0.29,0.37,-0.38,0,0,0,0,133,405,250,712,0,1
757.46,0.74,-1.03,-0.15,-0.46,0.44,0.76,-0.3,0.37,-0.38,0,0,0,0,133,405,274,712,0,1
757.56,7.07,-1.58,1.84,-0.47,0.43,0.74,-0.3,0.37,-0.38,0,0,0,0,131,403,272,712,0,1
757.67,0.48,-1.75,0.73,-0.47,0.44,0.73,-0.3,0.38,-0.38,0,0,0,0,130,403,278,712,0,1
757.77,2.93,0.56,-0.68,-0.47,0.43,0.74,-0.3,0.38,-0.38,0,0,0,0,131,406,286,710,0,1
757.88,2.65,3.07,-0.15,-0.48,0.44,0.77,-0.3,0.37,-0.38,0,0,0,0,135,407,294,711,1,1
757.98,0.56,-4.24,-2.82,-0.47,0.42,0.75,-0.3,0.37,-0.38,0,0,0,0,134,406,297,709,0,1
758.09,10.93,-3.7,-4.08,-0.46,0.46,0.73,-0.3,0.37,-0.38,0,0,0,0,138,408,287,709,0,1
758.2,5.11,0.93,2.32,-0.47,0.47,0.7,-0.3,0.37,-0.37,0,0,0,0,146,408,279,708,0,1
758.3,1.74,1.71,0.37,-0.46,0.43,0.74,-0.3,0.37,-0.38,0,0,0,0,146,407,288,708,0,1
758.41,5.18,1.09,1.76,-0.46,0.44,0.78,-0.3,0.37,-0.38,0,0,0,0,147,410,302,709,0,1
758.51,3.26,-2.01,3.76,-0.48,0.45,0.75,-0.3,0.37,-0.39,0,0,0,0,147,409,302,711,0,1
758.62,3.38,0.46,3.28,-0.48,0.44,0.72,-0.3,0.38,-0.39,0,0,0,0,144,407,300,712,0,1
758.72,1.5,0.68,3.67,-0.46,0.44,0.73,-0.3,0.37,-0.38,0,0,0,0,141,404,295,711,0,1
758.83,10.12,4.45,1.35,-0.47,0.45,0.76,-0.3,0.38,-0.38,0,0,0,0,133,403,299,708,0,1
758.93,-1.07,-2.52,2.49,-0.47,0.44,0.75,-0.3,0.38,-0.39,0,0,0,0,135,405,307,709,0,1
759.04,2.86,-0.56,1.29,-0.47,0.41,0.74,-0.3,0.38,-0.39,0,0,0,0,134,404,310,708,0,1
759.15,8.2,-0.91,0.6,-0.48,0.45,0.75,-0.3,0.38,-0.38,0,0,0,0,132,405,312,709,0,1
759.25,5.02,-0.45,0.52,-0.47,0.43,0.74,-0.3,0.38,-0.39,0,0,0,0,130,404,309,710,1,1
759.36,3.66,-0.23,1.12,-0.47,0.44,0.74,-0.3,0.38,-0.39,0,0,0,0,126,403,308,711,0,1
759.46,3.22,-2.25,-0.23,-0.46,0.43,0.75,-0.3,0.38,-0.38,0,0,0,1,121,402,310,710,0,1
759.57,5.11,0.06,-0.28,-0.45,0.42,0.75,-0.3,0.38,-0.38,0,0,0,0,122,401,303,709,0,1
759.67,8.71,3.39,-0.68,-0.48,0.43,0.74,-0.3,0.38,-0.38,0,0,0,0,122,400,319,708,0,1
759.78,1.75,0.72,2.04,-0.47,0.44,0.78,-0.3,0.38,-0.38,0,0,0,0,126,404,332,710,0,1
759.88,5.78,-2.35,1.25,-0.47,0.42,0.75,-0.3,0.38,-0.38,0,0,0,0,125,404,333,710,0,1
759.99,2.35,-1.99,0.52,-0.47,0.43,0.74,-0.3,0.38,-0.37,0,0,0,0,124,402,332,709,0,1
760.09,1.95,0.54,1.37,-0.48,0.44,0.73,-0.31,0.38,-0.38,0,0,0,0,123,403,332,711,0,1
760.2,4.45,1.31,2.11,-0.49,0.42,0.74,-0.3,0.37,-0.39,0,0,0,0,121,403,335,709,0,1
760.31,3.73,-1.1,1.99,-0.46,0.43,0.79,-0.3,0.38,-0.38,0,0,0,0,121,406,339,710,0,1
760.41,-0.06,-3.88,-0.53,-0.47,0.42,0.73,-0.3,0.37,-0.38,0,0,0,0,120,404,336,710,0,1
760.52,4.96,-1.01,-2.2,-0.48,0.42,0.72,-0.31,0.37,-0.38,0,0,0,0,120,405,333,710,0,1
760.62,-0.32,1.1,2.77,-0.48,0.44,0.75,-0.31,0.37,-0.38,0,0,0,0,119,407,310,710,0,1
760.73,2.86,-1.82,0.73,-0.49,0.43,0.75,-0.3,0.38,-0.38,0,0,0,0,117,407,308,711,0,1
760.83,1.14,-1.97,-0.38,-0.48,0.43,0.73,-0.31,0.38,-0.38,0,0,0,0,117,408,299,710,0,1
760.94,-2.96,-1.97,0.86,-0.48,0.43,0.72,-0.31,0.38,-0.38,0,0,0,0,112,407,250,708,0,1
761.04,7.41,0.84,1.56,-0.48,0.43,0.75,-0.31,0.37,-0.38,0,0,0,0,112,406,251,708,0,1
761.15,3.02,0.63,1.87,-0.48,0.45,0.74,-0.3,0.37,-0.38,0,0,1,0,112,406,258,706,1,1
761.26,1.14,0.18,1.53,-0.49,0.43,0.74,-0.31,0.37,-0.39,0,0,0,0,110,405,263,703,0,1
761.36,4.66,0.26,1.3,-0.47,0.43,0.74,-0.31,0.37,-0.38,0,0,0,0,114,406,275,704,0,1
761.47,0.38,0.34,-0.62,-0.48,0.46,0.73,-0.31,0.37,-0.38,0,0,0,0,113,405,285,704,0,1
761.57,2.81,-0.15,1.32,-0.49,0.44,0.74,-0.31,0.38,-0.38,0,0,0,0,110,404,289,703,0,1
761.68,3.59,-0.15,0.45,-0.49,0.44,0.73,-0.31,0.37,-0.38,0,0,1,1,109,403,292,704,0,1
761.78,3.32,-1.27,1.15,-0.48,0.43,0.74,-0.31,0.38,-0.38,0,0,0,0,109,402,292,702,0,1
761.89,3.19,0.72,2.41,-0.49,0.45,0.74,-0.31,0.37,-0.38,0,0,0,0,106,401,296,701,0,1
761.99,1.74,-1.87,0.67,-0.48,0.45,0.73,-0.31,0.37,-0.38,0,0,0,0,106,402,303,702,0,1
762.1,1.17,0.99,2.5,-0.48,0.43,0.7,-0.31,0.38,-0.38,0,0,0,0,105,401,290,700,0,1
762.21,3.18,3.31,-0.76,-0.49,0.43,0.71,-0.3,0.37,-0.38,0,0,0,0,103,401,296,699,0,1
762.31,3.32,5.23,4.2,-0.49,0.47,0.75,-0.3,0.37,-0.38,0,0,0,0,104,402,309,699,0,1
762.42,2.2,-1.44,1.13,-0.47,0.44,0.76,-0.3,0.37,-0.39,0,0,0,0,104,402,304,698,0,1
762.52,2.64,-1.89,0.28,-0.46,0.44,0.72,-0.3,0.37,-0.39,0,0,0,0,104,402,299,698,0,1
762.63,2.05,4.84,-0.69,-0.48,0.45,0.72,-0.3,0.38,-0.39,0,0,0,0,106,402,307,699,0,1
762.73,4.77,3.21,2.93,-0.48,0.44,0.78,-0.3,0.37,-0.39,0,0,0,0,114,407,317,702,0,1
762.84,7.48,-3.46,2.09,-0.48,0.43,0.75,-0.3,0.37,-0.39,0,0,0,0,116,408,313,703,0,1
762.94,3.88,-1.28,-0.54,-0.47,0.44,0.73,-0.3,0.37,-0.39,0,0,0,0,120,408,311,704,0,1
763.05,4.91,-0.88,1.03,-0.48,0.45,0.73,-0.31,0.37,-0.38,0,0,0,0,121,408,312,706,0,1
763.16,3.01,1.27,3.41,-0.49,0.45,0.72,-0.3,0.37,-0.38,0,0,0,0,119,409,308,705,0,1
763.26,-2.83,2.95,3.44,-0.48,0.42,0.74,-0.3,0.37,-0.39,0,0,0,0,118,408,299,704,0,1
763.37,3.39,-0.39,-0.35,-0.48,0.43,0.76,-0.3,0.37,-0.39,0,0,0,0,119,408,303,705,0,1
763.47,3.82,-3.36,-2.58,-0.46,0.45,0.73,-0.3,0.37,-0.38,0,0,0,0,122,409,305,706,0,1
763.58,4.31,-0.48,1.67,-0.48,0.46,0.74,-0.3,0.36,-0.38,0,0,0,0,125,409,305,707,0,1
763.68,1.64,-0.08,2.9,-0.48,0.45,0.72,-0.31,0.37,-0.39,0,0,0,0,122,408,303,706,0,1
763.79,1.78,1.74,1.82,-0.48,0.44,0.75,-0.31,0.37,-0.39,0,0,0,0,122,408,304,705,0,1
763.89,3.33,-1.58,1.09,-0.47,0.44,0.75,-0.31,0.36,-0.38,0,0,0,0,121,407,302,706,0,1
764,4.03,-1.7,0.33,-0.47,0.44,0.72,-0.3,0.37,-0.38,0,0,0,0,122,408,295,705,0,1
764.1,2.2,1.27,1.86,-0.48,0.45,0.73,-0.3,0.37,-0.38,0,0,0,1,125,409,297,707,0,1
764.21,2.44,0.18,1.09,-0.48,0.46,0.72,-0.3,0.36,-0.38,0,0,1,0,124,409,294,707,0,1
764.32,2.51,-0.78,-0.51,-0.46,0.45,0.73,-0.3,0.36,-0.38,0,0,0,0,125,409,298,707,0,1
764.42,1.86,0.1,1.31,-0.47,0.47,0.73,-0.31,0.37,-0.39,0,0,0,0,129,412,300,708,0,1
764.53,3.82,0.06,1.07,-0.48,0.46,0.72,-0.3,0.36,-0.39,0,0,0,0,129,410,303,710,0,1
764.63,2.16,0.6,1.39,-0.49,0.46,0.72,-0.3,0.37,-0.38,1,0,0,0,130,410,304,710,0,1
764.74,3.08,0.44,2.03,-0.47,0.46,0.72,-0.3,0.36,-0.39,0,0,0,0,130,410,305,709,0,1
764.84,7.09,1.6,0.9,-0.47,0.44,0.73,-0.3,0.37,-0.39,0,0,0,0,127,411,292,710,0,1
764.95,2.13,1.42,2.85,-0.49,0.47,0.73,-0.3,0.37,-0.38,0,0,0,0,126,409,290,709,0,1
765.05,4.24,0.86,0,-0.47,0.44,0.73,-0.31,0.37,-0.38,0,0,0,0,122,405,274,708,0,1
765.16,2.86,0.54,1.85,-0.47,0.45,0.73,-0.3,0.37,-0.39,0,0,0,0,120,406,255,708,0,1
765.27,1.89,-0.4,1.73,-0.48,0.46,0.73,-0.3,0.37,-0.39,0,0,0,0,123,408,267,710,0,1
765.37,1.99,0.18,1.58,-0.47,0.44,0.73,-0.3,0.37,-0.39,0,0,0,0,122,406,254,710,0,1
765.47,2.98,0.64,-0.81,-0.48,0.46,0.73,-0.3,0.37,-0.39,0,0,0,0,110,406,249,716,0,1
765.58,6.65,0.22,1.61,-0.47,0.45,0.75,-0.3,0.37,-0.39,0,1,0,0,109,408,249,715,0,1
765.69,4.02,1.92,2.62,-0.48,0.46,0.74,-0.3,0.37,-0.4,0,0,0,0,98,405,245,715,0,1
765.79,3.84,-1.77,1.5,-0.48,0.43,0.73,-0.3,0.36,-0.39,1,0,0,0,94,402,233,716,0,1
765.9,2.27,-1.64,-0.3,-0.49,0.46,0.72,-0.29,0.37,-0.4,0,0,0,1,94,403,232,720,0,1
766,2.9,-0.46,0.92,-0.48,0.46,0.73,-0.3,0.37,-0.39,0,0,0,0,96,403,241,719,0,1
766.11,1.78,0.18,3.3,-0.48,0.45,0.72,-0.3,0.37,-0.38,0,0,0,0,97,403,254,719,0,1
766.21,1.74,-0.17,2.53,-0.48,0.45,0.73,-0.3,0.37,-0.39,0,0,0,1,111,407,250,720,0,1
766.32,-0.13,0.13,1.44,-0.49,0.45,0.72,-0.3,0.37,-0.39,0,0,0,0,109,407,251,720,0,1
766.42,2.81,-0.53,1.99,-0.48,0.45,0.74,-0.3,0.36,-0.39,0,0,0,0,110,408,251,718,0,1
766.53,3.5,-0.44,2.48,-0.47,0.44,0.73,-0.3,0.37,-0.39,0,0,0,0,108,406,253,717,0,1
766.64,1.33,0.43,1.73,-0.47,0.46,0.73,-0.31,0.36,-0.39,0,0,0,0,111,407,251,718,0,1
766.74,3.69,0.73,2.3,-0.49,0.47,0.72,-0.3,0.37,-0.39,0,0,0,0,105,406,250,718,0,1
766.85,0.05,-0.92,2.62,-0.48,0.46,0.74,-0.3,0.37,-0.39,0,0,0,0,98,404,251,717,0,1
766.95,3.87,-1.08,1.58,-0.48,0.44,0.73,-0.3,0.37,-0.39,0,0,0,0,91,402,250,715,0,1
767.06,3.18,0.33,1.42,-0.48,0.45,0.72,-0.3,0.37,-0.38,0,0,0,0,96,404,252,715,0,1
767.16,3.15,-0.98,1.08,-0.49,0.45,0.73,-0.3,0.36,-0.39,0,0,0,0,97,404,269,714,0,1
767.27,4.23,-2.12,1.81,-0.48,0.46,0.74,-0.3,0.36,-0.39,0,0,0,0,98,405,270,715,0,1
767.37,1.42,-0.15,1.2,-0.48,0.46,0.73,-0.31,0.36,-0.39,0,0,0,0,96,404,269,715,0,1
767.48,2.62,-0.6,-0.24,-0.47,0.45,0.74,-0.3,0.36,-0.39,0,0,0,0,96,404,265,715,0,1
767.59,5,-0.71,1.73,-0.48,0.46,0.73,-0.3,0.37,-0.39,0,0,0,0,96,403,266,716,0,1
767.69,2.54,0.04,2.35,-0.48,0.46,0.72,-0.3,0.37,-0.39,0,0,0,0,94,402,270,717,0,1
767.8,0.98,0.04,1.64,-0.48,0.45,0.72,-0.3,0.37,-0.39,0,0,0,0,87,402,273,716,0,1
767.9,1.4,-1.36,-0.65,-0.47,0.47,0.71,-0.3,0.37,-0.39,0,0,0,0,94,404,277,719,0,1
768.01,2.77,0.25,1.78,-0.48,0.47,0.73,-0.3,0.36,-0.39,0,0,0,0,94,405,276,719,0,1
768.11,5.32,-1.16,2.11,-0.48,0.47,0.74,-0.31,0.37,-0.39,0,0,0,0,93,405,274,718,0,1
768.22,3.3,-0.44,2.01,-0.49,0.46,0.73,-0.31,0.36,-0.39,0,0,0,0,89,404,274,718,0,1
768.32,3.12,0.71,1.64,-0.49,0.44,0.69,-0.3,0.36,-0.39,0,0,0,0,94,404,276,716,0,1
768.43,5.22,0.23,0.57,-0.48,0.47,0.74,-0.3,0.36,-0.4,0,0,0,0,96,405,293,717,0,1
768.53,0.55,-1.47,2.16,-0.49,0.46,0.72,-0.31,0.36,-0.39,0,0,0,0,97,405,296,717,0,1
768.64,-1.45,-1.63,1.78,-0.5,0.45,0.72,-0.31,0.36,-0.39,0,0,0,0,96,404,298,716,0,1
768.75,2.8,0.36,0.11,-0.49,0.46,0.7,-0.3,0.36,-0.39,0,0,0,0,96,403,299,717,0,1
768.85,4.82,1.85,1.51,-0.49,0.46,0.73,-0.31,0.37,-0.39,0,0,0,0,100,406,302,717,0,1
768.96,4.51,-0.59,0.56,-0.49,0.47,0.72,-0.3,0.36,-0.39,0,0,0,0,100,407,302,719,0,1
769.06,4.11,0,1.1,-0.49,0.47,0.72,-0.3,0.36,-0.39,0,0,1,0,100,408,301,719,0,1
769.17,1.66,-0.15,0.77,-0.48,0.47,0.71,-0.3,0.37,-0.39,0,0,0,0,101,409,304,720,1,1
769.27,3.82,0.37,1.15,-0.49,0.47,0.72,-0.3,0.37,-0.38,0,0,0,0,103,409,304,719,0,1
769.38,2.74,-0.03,1.16,-0.49,0.46,0.71,-0.3,0.37,-0.39,0,0,0,0,109,408,304,718,0,1
769.48,4.5,-1.57,0.02,-0.48,0.46,0.73,-0.31,0.37,-0.39,0,0,0,0,109,407,307,718,0,1
769.59,6.87,-0.44,1.56,-0.48,0.46,0.72,-0.31,0.37,-0.39,0,0,0,0,110,406,309,717,0,1
769.7,2.37,-0.12,0.74,-0.48,0.48,0.71,-0.31,0.37,-0.4,0,0,0,0,111,408,316,717,1,1
769.8,1.37,0.15,1.38,-0.48,0.46,0.74,-0.3,0.36,-0.39,0,0,0,0,111,408,320,719,0,1
769.91,1.25,0.38,0.65,-0.48,0.45,0.71,-0.3,0.36,-0.39,0,0,0,1,111,409,319,716,0,1
770.01,3.47,0.57,-1.17,-0.49,0.46,0.72,-0.3,0.36,-0.39,0,0,0,0,113,410,319,714,0,1
770.12,5.48,-0.36,0.09,-0.47,0.47,0.75,-0.31,0.36,-0.39,0,0,0,0,114,410,321,717,0,1
770.22,3.15,-0.75,-1.32,-0.48,0.48,0.71,-0.31,0.36,-0.39,0,0,1,0,118,410,323,716,0,1
770.33,5.63,0.99,2.98,-0.48,0.45,0.74,-0.31,0.36,-0.38,0,0,1,0,122,411,321,716,0,1
770.43,3.77,-2.13,1.13,-0.49,0.47,0.73,-0.31,0.37,-0.39,0,0,0,0,122,413,321,716,0,1
770.54,2.28,0.09,-0.3,-0.48,0.46,0.7,-0.3,0.36,-0.39,0,0,0,0,124,417,326,717,0,1
770.65,7.02,1.71,4.58,-0.48,0.46,0.75,-0.3,0.36,-0.39,0,0,0,0,124,416,326,716,0,1
770.75,1.13,-1.02,2.11,-0.49,0.46,0.73,-0.3,0.36,-0.39,0,0,0,0,124,417,327,716,0,1
770.86,2.21,-0.43,0.18,-0.48,0.44,0.71,-0.31,0.36,-0.39,0,0,0,0,122,415,326,716,0,1
770.96,2.33,-0.79,-0.49,-0.48,0.46,0.7,-0.31,0.36,-0.38,0,0,1,0,117,414,326,716,0,1
771.07,4.42,2.63,-2.13,-0.48,0.46,0.72,-0.31,0.36,-0.38,0,0,0,0,103,410,323,713,0,1
771.17,8.49,1.06,0.02,-0.48,0.46,0.75,-0.31,0.36,-0.39,0,0,0,0,99,408,323,713,1,1
771.28,8.73,-2.21,0.11,-0.47,0.45,0.74,-0.31,0.37,-0.39,0,0,0,0,97,409,325,713,0,1
771.38,2.97,-0.36,2.62,-0.48,0.48,0.71,-0.31,0.36,-0.39,0,0,0,0,95,406,327,717,0,1
771.49,-1.6,2.23,4.84,-0.46,0.45,0.75,-0.31,0.36,-0.39,0,0,0,0,96,408,330,721,0,1
771.59,4.18,2.41,3.11,-0.49,0.48,0.72,-0.31,0.36,-0.39,0,0,0,0,90,403,332,718,0,1
771.7,1.46,-2.66,0.93,-0.48,0.45,0.73,-0.3,0.36,-0.39,0,0,0,0,81,404,330,716,0,1
771.8,4.69,-1.31,-0.3,-0.49,0.47,0.71,-0.3,0.36,-0.39,0,0,1,0,75,404,330,715,0,1
771.91,3.29,-0.48,-0.72,-0.47,0.46,0.67,-0.31,0.36,-0.39,0,0,0,0,73,403,326,708,0,1
772.02,6.56,4.36,2.79,-0.49,0.48,0.75,-0.3,0.36,-0.39,0,0,0,0,65,404,321,708,0,1
772.12,3.18,0.87,3.66,-0.48,0.47,0.76,-0.3,0.36,-0.39,0,0,0,0,76,408,328,711,0,1
772.23,0.5,-2.62,0.74,-0.48,0.44,0.69,-0.3,0.36,-0.38,0,0,1,0,92,408,328,705,0,1
772.33,2.84,-1.21,-0.58,-0.48,0.47,0.72,-0.31,0.36,-0.38,0,0,0,0,97,411,327,705,1,1
772.44,5.71,-0.02,1.64,-0.48,0.47,0.74,-0.3,0.36,-0.39,0,0,0,0,96,411,329,707,0,1
772.54,4.51,-1.1,1.79,-0.48,0.46,0.73,-0.3,0.36,-0.39,1,0,0,0,96,412,327,707,0,1
772.65,2.48,-1.37,0.6,-0.47,0.46,0.72,-0.31,0.36,-0.38,0,0,0,0,97,413,328,709,0,1
772.76,3.53,0.31,2.22,-0.48,0.46,0.72,-0.31,0.36,-0.38,0,0,0,0,97,413,331,709,0,1
772.86,2.97,-0.64,1.93,-0.5,0.47,0.71,-0.31,0.36,-0.39,0,0,0,0,98,413,332,711,0,1
772.97,1.88,0.48,0.89,-0.48,0.5,0.71,-0.31,0.36,-0.39,0,0,0,0,100,413,330,711,0,1
773.07,2.43,-1.62,1.59,-0.48,0.47,0.73,-0.3,0.36,-0.39,0,0,0,0,99,413,331,711,0,1
773.18,4.12,-0.7,3.16,-0.48,0.47,0.72,-0.31,0.36,-0.39,0,0,0,0,100,411,333,712,0,1
773.28,1.78,-0.88,2.23,-0.5,0.46,0.7,-0.31,0.36,-0.39,0,0,0,0,95,412,333,710,0,1
773.39,0.67,0.25,1.66,-0.49,0.47,0.7,-0.31,0.36,-0.38,0,0,0,0,90,413,335,709,0,1
773.49,2.86,-0.38,2.73,-0.49,0.46,0.74,-0.3,0.36,-0.38,0,0,0,0,88,411,335,711,0,1
773.6,2.28,-1.65,1.34,-0.49,0.46,0.72,-0.31,0.36,-0.38,0,0,0,0,87,409,335,709,0,1
773.7,2.49,-1.41,1.55,-0.49,0.47,0.7,-0.31,0.36,-0.38,1,0,0,0,77,407,335,709,0,1
773.81,3.93,-0.7,0.8,-0.49,0.47,0.7,-0.31,0.36,-0.38,0,0,0,0,88,408,336,710,0,1
773.91,3.17,0.46,1.93,-0.48,0.49,0.72,-0.31,0.35,-0.38,0,0,0,0,89,409,337,711,0,1
774.02,1.98,0.78,2.54,-0.48,0.47,0.73,-0.31,0.36,-0.39,0,0,0,0,86,408,337,709,0,1
774.13,1.83,0.41,0.92,-0.49,0.47,0.71,-0.31,0.35,-0.39,0,0,0,0,87,409,336,710,0,1
774.23,1.68,-0.46,-0.81,-0.48,0.47,0.7,-0.3,0.36,-0.39,0,0,0,0,88,409,337,711,0,1
774.34,4.11,0.72,1.32,-0.48,0.48,0.72,-0.3,0.36,-0.39,0,0,0,0,88,410,337,713,0,1
774.44,3.71,0.35,1.93,-0.49,0.49,0.72,-0.3,0.36,-0.38,0,0,0,0,88,410,339,697,0,1
774.55,0.27,-0.37,0.76,-0.49,0.47,0.72,-0.31,0.36,-0.39,0,0,0,0,95,414,338,697,0,1
774.65,2.14,-0.65,0.9,-0.48,0.46,0.71,-0.31,0.35,-0.38,0,0,0,0,100,416,339,698,0,1
774.76,3.5,1.4,-0.62,-0.47,0.49,0.71,-0.3,0.35,-0.38,0,0,0,0,107,420,341,700,0,1
774.86,2.63,1.01,-0.82,-0.49,0.49,0.72,-0.31,0.35,-0.38,0,0,0,0,104,417,342,696,0,1
774.97,2.34,0.89,1.87,-0.48,0.48,0.73,-0.3,0.36,-0.39,0,0,0,1,100,417,343,692,0,1
775.08,4.36,-0.75,0.74,-0.49,0.47,0.68,-0.31,0.35,-0.38,0,0,0,0,88,416,340,687,0,1
775.18,5.39,-1.25,-0.71,-0.48,0.48,0.68,-0.31,0.35,-0.38,0,0,0,0,82,414,338,684,0,1
775.29,3.05,2.92,-0.28,-0.49,0.5,0.73,-0.31,0.35,-0.38,0,0,0,0,66,413,340,686,0,1
775.39,3.26,-2.56,0.11,-0.48,0.47,0.73,-0.31,0.35,-0.39,0,0,0,0,54,407,339,684,0,1
775.5,6.62,-1.72,0.4,-0.47,0.47,0.7,-0.31,0.35,-0.38,0,0,0,0,54,407,336,681,0,1
775.6,4.8,1.24,1.86,-0.48,0.49,0.71,-0.31,0.35,-0.39,0,0,0,0,54,405,339,683,0,1
775.71,2.78,0.53,1.33,-0.51,0.49,0.71,-0.31,0.35,-0.38,0,0,0,0,52,407,338,681,0,1
775.81,-3.24,-0.95,0.96,-0.49,0.51,0.69,-0.31,0.35,-0.38,0,0,0,0,51,407,339,683,0,1
775.92,1.44,-1.03,1.04,-0.49,0.49,0.7,-0.31,0.35,-0.38,0,0,1,0,50,406,339,683,0,1
776.03,2.16,0.1,0.92,-0.48,0.47,0.7,-0.31,0.35,-0.38,0,0,0,0,44,406,335,679,0,1
776.13,3.53,2.45,2.32,-0.49,0.51,0.72,-0.31,0.34,-0.38,0,0,1,0,36,404,318,674,0,1
776.24,0.97,1.15,2.31,-0.5,0.49,0.72,-0.31,0.35,-0.39,0,0,0,0,36,405,320,676,0,1
776.34,1.02,-0.09,2.27,-0.48,0.49,0.7,-0.31,0.34,-0.38,0,0,0,0,38,406,322,675,0,1
776.45,-0.1,-1.01,1.05,-0.49,0.49,0.69,-0.31,0.35,-0.38,0,0,0,0,42,406,319,679,0,1
776.55,2.84,-0.51,1.9,-0.49,0.51,0.69,-0.31,0.35,-0.39,0,0,0,0,44,405,319,678,0,1
776.66,5.13,1.15,3.84,-0.5,0.5,0.67,-0.31,0.34,-0.38,0,0,0,0,35,406,307,665,0,1
776.76,2.29,-0.48,2.66,-0.51,0.48,0.7,-0.31,0.35,-0.39,0,0,0,0,36,405,308,667,0,1
776.87,1.58,0.25,1.91,-0.49,0.5,0.69,-0.31,0.34,-0.39,0,0,0,0,37,405,309,667,0,1
776.97,0.67,-0.41,1.2,-0.49,0.5,0.67,-0.31,0.35,-0.39,0,0,0,0,37,405,311,666,0,1
777.08,2.01,1.18,-1.39,-0.48,0.51,0.69,-0.31,0.35,-0.39,0,0,0,0,44,408,316,666,0,1
777.18,4.06,1.28,1.58,-0.48,0.51,0.72,-0.32,0.35,-0.39,0,0,0,0,48,409,321,668,0,1
777.29,3.74,-0.86,0.31,-0.49,0.49,0.7,-0.31,0.35,-0.39,0,0,0,0,46,409,321,669,0,1
777.4,6.41,0.54,1.07,-0.49,0.5,0.7,-0.32,0.35,-0.39,0,0,1,0,43,410,321,669,0,1
777.5,5.56,0.73,2.48,-0.48,0.49,0.71,-0.32,0.34,-0.39,0,0,0,0,41,410,324,670,0,1
777.61,5.49,0.74,1.43,-0.47,0.51,0.72,-0.31,0.34,-0.39,0,0,0,0,42,412,326,670,0,1
777.71,4.87,0.13,2.52,-0.49,0.5,0.7,-0.31,0.35,-0.39,0,0,0,1,35,413,326,670,0,1
777.82,4.37,1.23,4,-0.5,0.5,0.71,-0.31,0.34,-0.39,0,0,0,0,33,409,324,669,0,1
777.92,4.42,-1.11,-1.2,-0.5,0.5,0.73,-0.32,0.35,-0.39,0,0,0,0,34,404,331,675,0,1
778.03,2.48,-0.91,3.66,-0.47,0.49,0.68,-0.32,0.35,-0.39,0,0,0,0,37,403,337,674,0,1
778.14,0.81,0.49,-0.17,-0.5,0.5,0.66,-0.31,0.35,-0.39,0,0,0,0,36,402,336,673,0,1
778.24,5.38,1.69,-0.4,-0.49,0.49,0.7,-0.31,0.35,-0.38,0,0,0,0,36,405,338,676,0,1
778.35,7.02,-0.32,0.8,-0.48,0.5,0.73,-0.31,0.35,-0.38,0,0,0,0,37,405,341,675,0,1
778.45,4.97,-0.98,0.66,-0.48,0.51,0.71,-0.31,0.35,-0.39,0,0,0,0,37,407,343,675,0,1
778.56,2.2,0.11,1.85,-0.47,0.5,0.68,-0.31,0.35,-0.39,0,0,0,0,36,405,342,675,0,1
778.66,-0.41,2.2,-0.64,-0.5,0.49,0.69,-0.31,0.35,-0.38,0,0,0,0,36,407,343,676,0,1
778.77,4.8,1.23,0.4,-0.49,0.49,0.72,-0.31,0.34,-0.39,0,0,0,0,40,407,343,676,0,1
778.87,1.38,-1.39,0.57,-0.48,0.51,0.68,-0.31,0.34,-0.39,0,0,0,0,43,407,344,676,0,1
778.98,1.45,-1.39,0.81,-0.5,0.5,0.67,-0.31,0.35,-0.39,0,0,0,1,44,408,343,678,0,1
779.08,4,0.23,0.76,-0.48,0.5,0.69,-0.32,0.35,-0.38,0,0,0,0,37,410,344,675,0,1
779.19,4.03,3.19,0.26,-0.5,0.5,0.69,-0.31,0.34,-0.38,0,0,0,0,36,413,342,673,0,1
779.29,3.61,2.56,3.75,-0.48,0.5,0.71,-0.31,0.35,-0.39,0,0,0,0,40,414,343,672,0,1
779.4,0.99,-1.28,1.3,-0.48,0.49,0.69,-0.31,0.35,-0.39,0,0,0,0,37,415,344,671,0,1
779.51,2.27,1.44,-1.84,-0.48,0.51,0.69,-0.31,0.34,-0.39,0,0,0,0,44,415,345,670,1,1
779.61,5.24,1.17,1.8,-0.47,0.52,0.72,-0.31,0.35,-0.39,0,0,0,0,50,417,350,666,0,1
779.72,3.94,0.6,1.15,-0.49,0.5,0.7,-0.31,0.35,-0.39,0,0,0,0,55,423,352,664,1,1
779.82,3.14,1.82,-0.24,-0.47,0.5,0.68,-0.31,0.34,-0.39,0,0,0,0,54,421,352,663,0,1
779.93,4.09,1.21,0.52,-0.48,0.49,0.71,-0.31,0.34,-0.38,0,0,0,0,53,420,352,665,0,1
780.03,5.43,-1.78,-0.44,-0.49,0.5,0.72,-0.31,0.35,-0.39,0,0,0,0,52,419,352,664,0,1
780.14,5.26,-1.23,-0.52,-0.47,0.49,0.69,-0.31,0.35,-0.39,0,0,0,0,43,417,351,663,0,1
780.24,5.85,1.36,1.64,-0.48,0.51,0.7,-0.31,0.34,-0.39,0,0,0,0,45,419,352,663,0,1
780.35,6.68,0.02,1.83,-0.49,0.51,0.72,-0.3,0.34,-0.38,0,0,0,0,46,417,353,663,0,1
780.46,1.82,-1.25,0.12,-0.47,0.49,0.69,-0.31,0.34,-0.38,0,0,0,0,54,417,353,666,1,1
780.56,5.9,1.25,1.84,-0.48,0.51,0.71,-0.31,0.34,-0.38,0,0,0,0,59,418,354,668,0,1
780.67,3.12,0.62,1.9,-0.47,0.51,0.7,-0.31,0.34,-0.39,0,0,0,0,59,419,355,669,0,1
780.77,2.46,-0.52,1.66,-0.47,0.49,0.72,-0.31,0.34,-0.38,0,0,0,0,60,419,355,670,0,1
780.88,1.58,-1.42,0.94,-0.48,0.5,0.68,-0.31,0.35,-0.38,0,0,0,0,56,418,354,670,0,1
780.98,2.84,0.47,0.49,-0.48,0.51,0.69,-0.31,0.34,-0.39,0,0,0,0,57,417,355,670,0,1
781.09,5.55,0.16,2.55,-0.47,0.52,0.7,-0.31,0.35,-0.38,0,0,0,0,55,418,355,670,0,1
781.19,1.16,-0.52,2.16,-0.48,0.51,0.69,-0.31,0.35,-0.38,0,0,0,0,49,416,354,669,0,1
781.3,0.41,-0.99,1.21,-0.49,0.49,0.67,-0.31,0.34,-0.39,0,0,0,0,49,417,355,669,0,1
781.41,3.97,0.96,1.89,-0.49,0.5,0.71,-0.31,0.35,-0.38,0,0,0,0,52,419,357,670,0,1
781.51,5.23,-0.09,1.68,-0.48,0.5,0.71,-0.3,0.35,-0.39,1,0,0,0,53,418,356,669,0,1
781.62,2.16,0.04,0.46,-0.46,0.51,0.69,-0.31,0.35,-0.38,0,0,0,0,53,419,355,670,0,1
781.72,2.76,1.85,3.78,-0.49,0.48,0.66,-0.32,0.34,-0.39,0,0,0,0,52,419,355,670,0,1
781.83,0.57,0,0.59,-0.46,0.52,0.71,-0.31,0.35,-0.39,1,0,0,0,53,419,355,668,0,1
781.93,-3.24,-0.24,2.16,-0.47,0.51,0.68,-0.31,0.34,-0.39,0,0,1,0,52,419,354,668,0,1
782.04,5.02,0.62,1.67,-0.47,0.5,0.68,-0.32,0.34,-0.39,0,0,1,0,51,420,354,666,0,1
782.14,9.05,2.28,1.18,-0.47,0.53,0.73,-0.31,0.34,-0.4,0,0,0,0,55,420,356,669,0,1
782.25,3.36,-0.52,2.52,-0.47,0.52,0.72,-0.31,0.34,-0.39,0,0,0,0,54,420,355,668,0,1
782.35,4.34,-0.83,1.13,-0.47,0.54,0.69,-0.31,0.34,-0.39,0,0,0,0,52,421,354,669,0,1
782.46,-1.72,0.38,0.61,-0.48,0.51,0.69,-0.31,0.34,-0.38,0,0,1,0,52,420,354,668,1,1
782.57,1.06,0.39,0.28,-0.48,0.51,0.7,-0.31,0.34,-0.39,0,0,0,0,50,419,354,667,0,1
782.67,6.39,-1.59,0.08,-0.48,0.51,0.67,-0.31,0.34,-0.38,0,0,0,0,46,420,350,667,0,1
782.78,4.38,2.66,2.1,-0.48,0.5,0.69,-0.31,0.34,-0.39,0,0,0,0,44,420,350,665,0,1
782.88,5.06,0.67,2.15,-0.49,0.52,0.7,-0.31,0.34,-0.38,0,0,0,0,41,419,351,663,0,1
782.99,3.13,0.1,-1.23,-0.47,0.51,0.69,-0.31,0.34,-0.39,0,0,1,0,49,419,351,664,0,1
783.09,5.27,2.56,2.57,-0.47,0.52,0.69,-0.31,0.34,-0.38,0,0,0,0,50,421,353,664,0,1
783.2,1.01,0.44,1.81,-0.49,0.51,0.68,-0.31,0.34,-0.38,0,0,1,0,51,423,353,665,0,1
783.3,3.63,0.52,0.04,-0.48,0.51,0.69,-0.31,0.34,-0.39,0,0,0,0,56,426,353,665,0,1
783.41,1.23,-0.19,0.93,-0.49,0.51,0.68,-0.31,0.34,-0.38,0,0,0,0,58,426,353,665,0,1
783.52,1.69,0.85,-1.08,-0.48,0.51,0.69,-0.31,0.34,-0.39,0,0,0,0,70,426,354,665,0,1
783.62,3.95,1.14,-0.75,-0.47,0.5,0.69,-0.31,0.34,-0.39,0,0,0,0,69,427,353,665,0,1
783.73,0.7,2.4,-1.15,-0.49,0.53,0.68,-0.31,0.34,-0.39,0,0,0,0,73,426,353,662,0,1
783.83,4.38,1.14,0.72,-0.47,0.52,0.71,-0.31,0.34,-0.39,0,0,0,0,74,429,353,664,1,1
783.94,4.69,-1.37,1.71,-0.46,0.51,0.7,-0.31,0.34,-0.39,0,0,0,0,72,427,354,664,0,1
784.04,2.56,-0.89,0.44,-0.47,0.49,0.67,-0.31,0.34,-0.4,0,0,0,0,55,425,352,664,0,1
784.15,3.13,0.36,0.17,-0.48,0.51,0.69,-0.31,0.34,-0.4,0,0,0,0,46,423,352,664,1,1
784.25,5.77,1.03,-0.5,-0.47,0.52,0.7,-0.31,0.34,-0.39,0,0,0,0,41,420,353,660,0,1
784.36,2.5,-0.8,2.39,-0.48,0.51,0.7,-0.31,0.34,-0.39,0,0,0,0,43,421,353,661,0,1
784.46,1.72,-2.12,2.97,-0.46,0.49,0.66,-0.31,0.34,-0.38,0,0,0,0,35,420,350,658,0,1
784.57,4.39,3.59,1.7,-0.48,0.52,0.71,-0.31,0.34,-0.4,0,0,0,0,35,421,350,660,0,1
784.67,2.62,0.53,2.13,-0.48,0.52,0.73,-0.3,0.34,-0.4,0,0,0,0,49,423,353,661,0,1
784.78,5.85,-1.01,3.18,-0.46,0.49,0.7,-0.3,0.35,-0.39,0,0,0,0,49,422,352,662,0,1
784.89,0.99,0.48,-0.03,-0.48,0.5,0.7,-0.31,0.34,-0.39,0,0,0,0,49,421,351,663,0,1
784.99,2.78,-0.94,-0.16,-0.48,0.51,0.68,-0.31,0.34,-0.39,0,0,0,0,49,421,350,663,0,1
785.1,9.69,-0.66,2.68,-0.47,0.49,0.7,-0.31,0.34,-0.38,0,0,0,0,49,421,350,663,0,1
785.2,2.62,0.47,1.19,-0.48,0.48,0.7,-0.31,0.34,-0.39,0,0,0,0,51,421,351,666,0,1
785.31,3.31,0.46,1.03,-0.47,0.5,0.72,-0.31,0.34,-0.39,0,0,0,0,53,421,352,665,0,1
785.41,3.76,-0.3,-0.38,-0.46,0.5,0.72,-0.31,0.34,-0.39,0,0,0,0,56,422,353,666,0,1
785.52,4.51,-1.5,1.44,-0.49,0.52,0.69,-0.31,0.34,-0.39,0,0,0,0,67,422,354,667,1,1
785.62,4.02,-1.53,3.41,-0.46,0.5,0.71,-0.31,0.35,-0.39,0,0,0,0,55,422,354,667,0,1
785.73,2.81,0.8,0.59,-0.48,0.5,0.69,-0.31,0.35,-0.39,0,0,0,0,56,422,355,668,0,1
785.84,2.63,0.78,0.4,-0.48,0.51,0.71,-0.31,0.34,-0.39,0,0,0,0,58,423,355,668,1,1
785.94,4.07,-0.45,4.46,-0.48,0.51,0.7,-0.31,0.35,-0.39,0,0,0,0,51,422,356,669,0,1
786.05,-0.22,-0.6,1.95,-0.47,0.5,0.7,-0.31,0.34,-0.38,0,0,1,0,46,423,356,667,0,1
786.15,1.58,-1.82,1.09,-0.48,0.5,0.71,-0.31,0.34,-0.39,0,0,0,0,45,422,356,667,0,1
786.26,2.62,-0.92,0.18,-0.47,0.51,0.7,-0.3,0.34,-0.4,0,0,0,0,43,422,357,668,0,1
786.36,3.17,-0.71,1.82,-0.48,0.52,0.69,-0.31,0.34,-0.39,0,0,0,0,48,422,357,667,0,1
786.47,2.07,-0.32,1.86,-0.47,0.52,0.7,-0.31,0.34,-0.39,0,0,0,0,47,422,358,667,0,1
786.57,2.6,0.59,1.22,-0.48,0.5,0.69,-0.31,0.34,-0.4,0,1,0,0,45,423,357,666,0,1
786.68,0.12,-1.35,0.92,-0.46,0.52,0.71,-0.31,0.34,-0.39,0,0,0,0,46,423,358,668,0,1
786.78,2.56,-0.81,2.15,-0.48,0.51,0.68,-0.31,0.34,-0.39,0,0,1,0,48,423,359,667,0,1
786.89,1.94,1.23,0.66,-0.48,0.5,0.69,-0.32,0.34,-0.39,0,0,0,0,50,423,361,667,0,1
787,4.69,2.28,1.72,-0.47,0.52,0.72,-0.31,0.34,-0.39,0,0,0,0,71,423,362,668,0,1
787.1,3.34,-1.22,2.65,-0.47,0.51,0.71,-0.31,0.34,-0.4,0,0,0,0,78,424,364,670,0,1
787.21,2.29,-1.58,-0.74,-0.48,0.51,0.69,-0.31,0.34,-0.4,0,0,0,0,77,424,363,668,0,1
787.31,2.59,0,-0.71,-0.46,0.52,0.69,-0.31,0.34,-0.39,0,0,0,0,77,427,364,670,0,1
787.42,3.17,1.4,1.01,-0.46,0.51,0.7,-0.31,0.34,-0.39,0,0,0,0,70,427,363,669,0,1
787.52,2.21,1.47,1.5,-0.48,0.5,0.68,-0.31,0.34,-0.39,0,0,0,0,74,431,363,669,0,1
787.63,3.1,-1.22,0.81,-0.47,0.52,0.7,-0.31,0.34,-0.39,0,0,0,0,74,434,362,669,0,1
787.73,5.22,-1.09,-0.4,-0.46,0.52,0.7,-0.3,0.33,-0.39,0,0,0,0,72,430,363,642,0,1
787.84,3.03,0.3,1.82,-0.47,0.52,0.7,-0.31,0.34,-0.39,0,0,0,0,68,425,363,633,0,1
787.95,3.58,0,1.73,-0.47,0.52,0.7,-0.31,0.34,-0.4,0,0,0,0,60,424,363,629,1,1
788.05,2.12,0.53,1.69,-0.48,0.5,0.68,-0.31,0.34,-0.39,0,0,0,0,45,423,362,626,0,1
788.16,2.68,0.41,0.62,-0.47,0.52,0.69,-0.31,0.34,-0.39,0,0,0,0,50,425,364,629,0,1
788.26,0.72,0,0.43,-0.47,0.5,0.67,-0.31,0.34,-0.39,0,0,0,0,36,422,358,633,0,1
788.37,1.08,-0.91,0.31,-0.47,0.55,0.69,-0.31,0.33,-0.39,0,0,0,1,27,419,360,642,0,1
788.47,4.1,-1.91,0.87,-0.47,0.51,0.7,-0.31,0.34,-0.39,0,0,0,0,25,416,360,639,0,1
788.58,3.65,-0.61,2.68,-0.47,0.52,0.67,-0.31,0.33,-0.39,0,0,0,0,23,415,358,636,0,1
788.68,-7.32,-2.04,-1.2,-0.48,0.54,0.71,-0.31,0.34,-0.39,0,0,0,0,22,416,360,642,0,1
788.79,6.59,-1.1,3.38,-0.46,0.5,0.7,-0.31,0.33,-0.39,0,0,0,0,25,415,358,635,0,1
788.9,1.25,-1.12,1.71,-0.47,0.54,0.65,-0.31,0.33,-0.38,0,0,0,0,26,416,359,636,0,1
789,2.41,-0.37,2.45,-0.48,0.52,0.69,-0.31,0.34,-0.39,0,0,0,0,26,418,360,637,0,1
789.11,4.22,-0.05,3.07,-0.49,0.52,0.68,-0.31,0.34,-0.39,0,0,0,0,29,419,360,630,0,1
789.21,2.5,-0.23,2.61,-0.47,0.52,0.69,-0.31,0.34,-0.39,0,0,0,0,29,419,361,631,0,1
789.32,2.01,0.55,3.1,-0.48,0.52,0.68,-0.31,0.34,-0.39,0,0,0,0,29,419,360,632,0,1
789.42,4.19,0.54,1.53,-0.47,0.53,0.69,-0.31,0.34,-0.39,0,0,0,0,30,420,361,632,1,1
789.53,3.56,1.23,2.8,-0.48,0.54,0.69,-0.3,0.34,-0.39,0,0,0,0,29,420,359,633,0,1
789.63,3.81,-2.01,5.36,-0.48,0.48,0.69,-0.31,0.34,-0.39,0,0,0,0,28,414,359,632,0,1
789.74,-0.25,1.11,0.87,-0.49,0.51,0.67,-0.31,0.34,-0.39,0,0,0,0,30,417,358,635,0,1
789.84,5.63,1.23,0.09,-0.47,0.5,0.72,-0.3,0.34,-0.39,0,0,0,0,33,418,359,635,0,1
789.95,4.75,0.74,-0.2,-0.49,0.51,0.69,-0.3,0.34,-0.39,0,0,0,1,34,419,357,639,0,1
790.06,4.67,-1.7,-3.23,-0.48,0.52,0.69,-0.31,0.34,-0.39,0,0,0,0,37,420,355,640,0,1
790.16,6.62,-1.44,-1.72,-0.45,0.52,0.69,-0.31,0.33,-0.39,0,0,0,0,36,418,354,640,0,1
790.27,3.09,0.61,0.84,-0.48,0.53,0.67,-0.31,0.34,-0.39,0,0,0,0,36,417,353,641,0,1
790.37,3.98,1.07,1.86,-0.48,0.52,0.7,-0.31,0.33,-0.39,0,0,0,0,35,418,354,639,0,1
790.48,3.18,0.16,0.67,-0.46,0.52,0.7,-0.31,0.34,-0.39,0,0,0,0,34,419,354,639,0,1
790.58,1.62,-0.04,0.69,-0.46,0.52,0.68,-0.31,0.34,-0.39,0,0,0,0,36,421,355,641,0,1
790.69,5.24,1.55,0.92,-0.47,0.54,0.71,-0.31,0.33,-0.39,0,0,0,0,38,421,357,641,0,1
790.79,4.66,-0.61,1.92,-0.47,0.53,0.72,-0.31,0.34,-0.39,0,0,0,0,40,423,359,640,0,1
790.9,1.88,-0.64,1.45,-0.47,0.52,0.68,-0.31,0.34,-0.39,0,0,0,0,38,423,357,640,0,1
791.01,1.61,-0.41,2.16,-0.48,0.51,0.68,-0.31,0.33,-0.39,0,0,0,0,41,427,357,638,1,1
791.11,3.86,-0.84,1.26,-0.47,0.53,0.68,-0.3,0.33,-0.38,0,0,0,0,42,426,357,640,0,1
791.22,4.5,-0.46,-1.66,-0.47,0.52,0.69,-0.31,0.34,-0.38,0,0,0,0,44,426,358,638,0,1
791.32,5.34,-1.38,0.7,-0.47,0.55,0.7,-0.31,0.33,-0.38,0,0,0,0,44,426,358,638,0,1
791.43,4.3,-2.67,3.38,-0.46,0.53,0.69,-0.31,0.33,-0.38,0,0,0,0,45,426,360,637,0,1
791.53,-1.11,-1.49,2.05,-0.47,0.52,0.67,-0.31,0.33,-0.38,0,0,0,0,41,426,359,637,0,1
791.64,2.2,0.96,0.47,-0.48,0.53,0.68,-0.31,0.33,-0.39,0,0,0,0,35,423,358,637,0,1
791.74,3.9,1.11,-0.8,-0.48,0.53,0.69,-0.31,0.33,-0.38,0,0,0,0,33,423,358,637,0,1
791.85,2.56,0.61,-0.63,-0.46,0.54,0.7,-0.31,0.33,-0.39,0,0,0,0,32,421,359,634,0,1
791.96,4.35,-0.52,0.52,-0.47,0.54,0.68,-0.31,0.33,-0.39,0,0,0,0,32,421,359,633,0,1
792.06,1.74,-0.78,2.26,-0.47,0.51,0.68,-0.31,0.33,-0.38,0,0,0,0,29,421,356,633,1,1
792.17,3.52,-0.88,-0.72,-0.46,0.51,0.71,-0.31,0.33,-0.39,0,0,0,0,24,422,357,627,0,1
792.27,5.67,0.03,-1.26,-0.47,0.56,0.69,-0.31,0.33,-0.39,0,0,0,0,27,422,360,628,0,1
792.38,3.48,-0.29,0.7,-0.48,0.53,0.67,-0.32,0.32,-0.38,0,0,0,0,28,423,360,628,0,1
792.48,4.09,0.46,0.41,-0.47,0.53,0.68,-0.32,0.33,-0.39,0,0,0,0,26,423,360,628,0,1
792.59,3.58,-0.37,0.19,-0.48,0.54,0.69,-0.32,0.33,-0.38,0,0,0,0,24,423,359,629,0,1
792.69,6.12,-0.48,1.01,-0.47,0.54,0.68,-0.32,0.33,-0.38,0,0,0,0,17,422,359,628,0,1
792.8,1.79,-0.48,1.71,-0.47,0.54,0.66,-0.32,0.33,-0.38,0,0,0,0,3,422,358,629,0,1
792.9,6.46,2.04,1.92,-0.46,0.53,0.71,-0.32,0.33,-0.38,0,0,0,0,4,423,358,628,0,1
793.01,3.21,-0.38,1.86,-0.46,0.54,0.68,-0.31,0.33,-0.38,0,0,0,0,2,422,359,628,0,1
793.11,2.71,1.03,3.58,-0.47,0.52,0.69,-0.32,0.33,-0.38,0,0,0,0,23,424,362,630,0,1
793.22,3.33,-0.11,2.34,-0.48,0.53,0.68,-0.32,0.33,-0.39,0,0,0,0,23,426,362,630,0,1
793.33,2.73,-0.51,2,-0.47,0.52,0.68,-0.31,0.33,-0.38,0,0,0,0,23,423,362,627,1,1
793.43,3.32,-0.84,1.85,-0.47,0.5,0.68,-0.31,0.33,-0.38,0,0,0,0,23,423,361,628,0,1
793.54,4,-1.48,1.14,-0.48,0.53,0.69,-0.32,0.33,-0.38,0,0,0,0,23,423,363,629,0,1
793.64,2.97,-2.95,2.41,-0.47,0.51,0.68,-0.32,0.33,-0.38,0,0,0,0,16,423,362,627,0,1
793.75,3.72,0.4,1.74,-0.48,0.52,0.68,-0.32,0.33,-0.39,0,0,0,0,1,422,363,627,0,1
793.85,2.56,-0.25,0.73,-0.48,0.54,0.69,-0.32,0.33,-0.39,0,0,0,0,7,422,362,628,0,1
793.96,1.84,0.2,2.12,-0.48,0.54,0.67,-0.32,0.32,-0.38,0,0,0,0,22,423,363,629,0,1
794.06,2.9,-0.6,1.57,-0.48,0.52,0.67,-0.31,0.33,-0.39,0,0,0,0,22,424,364,628,0,1
794.17,4.06,0.09,0.71,-0.48,0.52,0.68,-0.32,0.33,-0.39,0,0,0,0,17,424,364,629,0,1
794.28,3.98,0.76,0.17,-0.47,0.54,0.69,-0.31,0.33,-0.38,0,0,0,0,9,424,364,628,0,1
794.38,4.24,0.66,1,-0.47,0.53,0.69,-0.32,0.33,-0.39,0,0,0,0,9,424,364,629,0,1
794.49,4.64,0.73,1.14,-0.48,0.52,0.69,-0.32,0.33,-0.39,0,0,0,0,0,425,362,627,1,1
794.59,3.79,0.17,1.43,-0.47,0.52,0.68,-0.31,0.32,-0.39,0,0,0,0,1,422,362,626,0,1
794.7,4.59,-0.33,0.29,-0.5,0.52,0.69,-0.32,0.33,-0.38,0,0,0,0,0,419,362,629,0,1
794.8,4.66,-2.81,-1.9,-0.47,0.52,0.68,-0.32,0.33,-0.38,0,0,0,0,2,421,362,630,0,1
794.91,4.29,1.08,-0.85,-0.48,0.55,0.68,-0.32,0.33,-0.38,0,0,0,0,1,422,360,629,0,1
795.01,4.66,1.87,-0.09,-0.48,0.53,0.71,-0.32,0.33,-0.38,0,0,0,0,2,425,361,630,0,1
795.12,4.54,-3.23,0.28,-0.47,0.52,0.7,-0.32,0.33,-0.39,0,0,0,0,2,424,361,631,0,1
795.22,5.07,-1.97,1.49,-0.48,0.53,0.67,-0.32,0.33,-0.39,0,0,0,0,1,422,360,630,0,1
795.33,1.94,0.27,0.81,-0.48,0.53,0.67,-0.32,0.33,-0.38,0,0,0,0,3,420,360,630,0,1
795.44,3.07,-0.8,0.12,-0.49,0.53,0.67,-0.31,0.33,-0.39,0,0,0,0,15,421,361,632,0,1
795.54,4.59,-1.53,0.35,-0.49,0.52,0.67,-0.32,0.33,-0.39,0,0,0,0,24,421,363,632,0,1
795.65,4.51,0.09,-0.32,-0.48,0.53,0.65,-0.32,0.32,-0.38,0,0,0,0,24,423,363,632,0,1
795.75,3.84,0.62,1.81,-0.48,0.54,0.68,-0.32,0.33,-0.39,0,0,0,0,27,425,364,631,0,1
795.86,3.58,1.4,1.6,-0.48,0.53,0.69,-0.32,0.33,-0.38,0,0,0,0,31,425,365,632,1,1
795.96,2.46,-1.66,1.86,-0.48,0.52,0.66,-0.32,0.33,-0.39,0,0,0,0,32,425,365,631,0,1
796.07,4.09,-0.34,2.64,-0.47,0.52,0.67,-0.32,0.32,-0.39,0,0,0,0,27,422,364,632,0,1
796.17,3.07,-0.2,2.09,-0.48,0.54,0.65,-0.32,0.32,-0.39,0,0,0,0,23,423,364,631,0,1
796.28,5.64,2.07,0.74,-0.48,0.53,0.68,-0.32,0.33,-0.39,0,0,0,0,20,424,363,630,0,1
796.39,7.62,-0.28,2.97,-0.48,0.52,0.7,-0.31,0.33,-0.39,0,0,0,0,20,424,362,629,0,1
796.49,3.7,0.12,1.59,-0.48,0.53,0.68,-0.31,0.33,-0.39,0,0,0,0,21,423,363,629,0,1
796.6,2.07,-1.31,0.69,-0.47,0.53,0.66,-0.31,0.33,-0.39,0,0,0,0,26,423,364,632,0,1
796.7,3.98,2.13,2.74,-0.48,0.53,0.68,-0.32,0.33,-0.39,0,0,0,0,26,424,365,632,0,1
796.81,4.45,2,2.07,-0.49,0.53,0.69,-0.32,0.33,-0.38,0,0,0,0,22,425,364,632,0,1
796.91,4.32,0.69,2.78,-0.48,0.53,0.7,-0.31,0.33,-0.39,0,0,0,0,21,422,364,631,0,1
797.02,1.03,-1.26,0.47,-0.47,0.51,0.67,-0.32,0.33,-0.38,0,0,0,0,19,420,363,631,1,1
797.12,3.37,-0.11,-0.71,-0.49,0.51,0.67,-0.32,0.34,-0.39,0,0,0,0,17,421,364,631,0,1
