time,Gx,Gy,Gz,Ax,Ay,Az,Mx,My,Mz,S1,S2,S3,S4,S5,S6,S7,S8,S9,S10,S11,class
3876.75,3.91,0.09,0.31,-0.31,0.55,0.76,-0.04,-0.15,-0.17,566,269,247,335,406,59,249,0,0,69,30,2
3876.75,3.66,0.23,0.51,-0.31,0.55,0.76,-0.04,-0.15,-0.17,566,269,248,335,406,60,248,0,0,69,29,2
3876.76,3.69,0.28,0.88,-0.32,0.55,0.77,-0.04,-0.15,-0.17,567,269,248,335,406,60,249,1,0,69,30,2
3876.76,3.03,0.85,0.99,-0.31,0.55,0.77,-0.04,-0.15,-0.17,567,269,249,335,406,59,248,0,0,70,30,2
3876.77,2.92,0.90,1.13,-0.31,0.55,0.77,-0.04,-0.15,-0.17,567,269,248,335,407,60,249,0,0,70,31,2
3876.77,2.54,0.79,1.52,-0.32,0.55,0.77,-0.04,-0.15,-0.17,568,269,249,336,406,60,249,0,0,69,31,2
3876.78,2.45,1.17,1.48,-0.31,0.55,0.77,-0.04,-0.15,-0.17,567,268,248,336,407,60,249,0,0,70,31,2
3876.78,2.20,1.23,1.69,-0.32,0.55,0.77,-0.04,-0.15,-0.17,567,268,249,337,406,60,248,0,0,69,30,2
3876.79,2.51,1.27,1.63,-0.31,0.56,0.76,-0.04,-0.15,-0.17,568,269,248,336,406,60,249,0,0,70,31,2
3876.79,2.69,1.15,1.78,-0.31,0.56,0.76,-0.04,-0.15,-0.17,568,269,248,335,406,60,249,0,0,69,32,2
3876.80,3.01,1.23,1.73,-0.32,0.56,0.77,-0.04,-0.15,-0.17,567,269,249,336,406,60,249,0,0,69,31,2
3876.80,4.21,1.09,1.74,-0.32,0.56,0.77,-0.05,-0.15,-0.17,568,269,249,336,407,60,249,0,0,69,32,2
3876.81,5.42,0.83,1.67,-0.32,0.57,0.77,-0.05,-0.15,-0.17,568,269,249,336,406,59,248,0,0,69,32,2
3876.81,5.82,0.53,1.48,-0.32,0.57,0.77,-0.04,-0.15,-0.17,569,269,249,336,406,60,249,0,0,69,32,2
3876.82,6.85,0.86,1.55,-0.32,0.56,0.78,-0.04,-0.15,-0.17,568,269,249,336,406,59,248,0,0,69,31,2
3876.82,7.48,0.48,1.28,-0.32,0.55,0.79,-0.04,-0.15,-0.17,568,269,249,335,406,60,247,0,0,69,37,2
3876.83,7.97,0.70,1.32,-0.32,0.56,0.79,-0.04,-0.15,-0.17,569,269,249,334,406,60,248,0,0,69,37,2
3876.83,8.30,0.73,1.09,-0.32,0.56,0.80,-0.04,-0.15,-0.17,569,269,249,334,406,59,248,0,0,69,37,2
3876.84,9.02,0.55,1.10,-0.32,0.55,0.80,-0.05,-0.15,-0.17,569,269,249,334,405,60,248,0,0,69,36,2
3876.84,8.96,0.49,1.08,-0.32,0.55,0.80,-0.05,-0.15,-0.17,569,269,249,335,406,59,248,0,0,69,35,2
3876.85,8.93,0.45,1.23,-0.32,0.52,0.79,-0.05,-0.15,-0.17,570,268,249,334,405,59,248,0,0,69,37,2
3876.85,7.87,0.70,1.08,-0.32,0.56,0.81,-0.04,-0.15,-0.17,570,268,249,334,405,59,248,0,0,69,37,2
3876.86,7.61,1.22,1.98,-0.30,0.53,0.81,-0.04,-0.15,-0.17,569,269,249,334,406,59,248,0,0,70,39,2
3876.86,6.61,0.99,2.21,-0.30,0.52,0.80,-0.04,-0.16,-0.17,570,269,249,332,405,60,248,0,0,70,39,2
3876.87,5.70,0.38,2.10,-0.31,0.53,0.80,-0.04,-0.16,-0.17,570,269,249,333,405,60,248,0,1,69,38,2
3876.87,5.06,0.09,2.66,-0.30,0.53,0.80,-0.04,-0.16,-0.17,569,269,249,332,406,60,248,0,0,70,39,2
3876.88,4.53,-0.16,2.51,-0.31,0.52,0.78,-0.04,-0.15,-0.17,570,269,249,333,406,60,248,0,0,70,39,2
3876.88,4.27,-0.14,2.14,-0.30,0.53,0.79,-0.04,-0.15,-0.17,570,269,249,333,405,60,249,0,0,69,39,2
3876.89,3.45,-0.09,2.50,-0.30,0.52,0.79,-0.04,-0.15,-0.17,570,269,248,333,405,59,248,0,0,69,40,2
3876.89,3.28,-0.80,2.64,-0.31,0.54,0.79,-0.04,-0.15,-0.17,570,270,248,331,406,59,248,0,0,69,39,2
3876.90,3.61,-1.88,2.49,-0.31,0.53,0.79,-0.04,-0.15,-0.17,570,269,248,330,405,60,248,0,0,69,39,2
3876.90,3.79,-2.46,2.28,-0.31,0.53,0.79,-0.04,-0.15,-0.17,570,270,249,330,405,60,249,0,0,69,39,2
3876.91,3.83,-2.90,2.04,-0.30,0.52,0.78,-0.04,-0.15,-0.17,570,269,248,329,405,59,248,0,0,69,40,2
3876.91,3.88,-3.41,2.06,-0.30,0.53,0.78,-0.04,-0.15,-0.17,570,269,248,329,405,60,248,0,0,69,39,2
3876.92,3.13,-4.26,2.02,-0.30,0.52,0.78,-0.04,-0.15,-0.17,570,270,248,330,405,60,249,0,0,69,43,2
3876.92,2.45,-4.87,2.30,-0.31,0.52,0.78,-0.04,-0.15,-0.17,569,270,248,329,405,59,248,0,0,70,40,2
3876.93,1.78,-4.87,1.98,-0.32,0.52,0.76,-0.04,-0.15,-0.17,570,269,247,328,405,59,249,0,0,70,42,2
3876.93,1.59,-4.76,2.10,-0.33,0.52,0.77,-0.04,-0.15,-0.17,570,270,247,328,405,59,248,0,0,69,45,2
3876.94,1.23,-3.96,1.95,-0.33,0.52,0.77,-0.04,-0.15,-0.17,570,270,247,329,405,60,248,0,0,70,46,2
3876.94,0.50,-3.76,1.86,-0.32,0.52,0.76,-0.05,-0.15,-0.17,570,270,246,327,405,60,248,0,0,70,47,2
3876.95,0.05,-3.83,1.59,-0.32,0.52,0.78,-0.05,-0.15,-0.17,569,270,246,328,405,59,248,0,0,70,47,2
3876.95,-0.09,-4.17,1.74,-0.31,0.52,0.77,-0.05,-0.15,-0.17,570,270,246,328,405,60,248,0,0,69,46,2
3876.96,-0.67,-4.33,1.78,-0.30,0.52,0.76,-0.05,-0.15,-0.17,570,270,245,328,406,59,248,0,0,70,46,2
3876.96,-0.80,-4.28,1.72,-0.30,0.52,0.76,-0.05,-0.15,-0.17,569,269,245,328,406,60,249,0,0,69,46,2
3876.97,-1.42,-4.30,1.76,-0.30,0.52,0.75,-0.05,-0.15,-0.16,570,269,245,327,406,59,248,0,0,70,47,2
3876.97,-1.90,-4.67,1.92,-0.30,0.52,0.76,-0.05,-0.15,-0.16,570,269,244,326,406,59,248,0,0,69,46,2
3876.98,-2.00,-5.11,1.94,-0.30,0.52,0.75,-0.05,-0.15,-0.16,571,270,244,327,406,60,248,0,0,70,47,2
3876.98,-2.70,-5.27,2.07,-0.30,0.53,0.74,-0.04,-0.15,-0.17,570,270,244,326,406,59,248,0,0,69,47,2
3876.99,-2.63,-5.14,1.91,-0.31,0.53,0.73,-0.04,-0.15,-0.17,571,269,244,326,406,58,248,0,0,70,48,2
3876.99,-2.66,-5.10,1.72,-0.32,0.54,0.72,-0.05,-0.15,-0.17,571,270,244,326,406,59,248,0,0,69,49,2
3877.00,-1.86,-4.76,1.61,-0.32,0.54,0.73,-0.05,-0.15,-0.17,570,270,244,326,406,59,248,0,0,70,50,2
3877.00,-0.99,-4.57,1.24,-0.33,0.54,0.73,-0.05,-0.15,-0.17,570,270,244,327,405,59,249,0,0,69,50,2
3877.01,0.25,-4.46,0.73,-0.33,0.54,0.72,-0.05,-0.15,-0.17,571,269,244,327,406,59,248,0,0,69,51,2
3877.01,1.44,-4.27,0.24,-0.33,0.54,0.72,-0.05,-0.15,-0.17,571,270,244,327,406,59,248,0,0,69,51,2
3877.02,2.59,-4.28,-2.17,-0.33,0.56,0.73,-0.04,-0.15,-0.17,571,270,244,327,406,59,249,0,0,69,52,2
3877.02,3.33,-4.03,-0.68,-0.32,0.55,0.73,-0.04,-0.15,-0.17,572,271,244,326,406,60,248,0,0,70,53,2
3877.03,4.59,-3.91,-1.12,-0.32,0.55,0.73,-0.04,-0.15,-0.17,572,269,244,326,406,60,249,0,0,69,52,2
3877.03,5.08,-3.48,-1.15,-0.32,0.55,0.73,-0.05,-0.15,-0.17,572,270,244,327,406,60,248,0,0,69,54,2
3877.04,5.35,-3.60,-1.04,-0.32,0.55,0.74,-0.05,-0.15,-0.17,572,270,245,326,406,60,248,0,0,69,54,2
3877.04,5.60,-3.51,-1.27,-0.32,0.55,0.72,-0.05,-0.15,-0.17,573,270,244,326,406,60,248,0,0,69,54,2
3877.05,6.02,-3.21,-1.18,-0.32,0.54,0.73,-0.05,-0.15,-0.17,573,270,244,327,406,59,248,0,0,69,55,2
3877.05,6.05,-3.37,-1.15,-0.31,0.54,0.74,-0.05,-0.15,-0.17,572,270,244,327,406,59,248,0,0,69,55,2
3880.40,2.67,1.34,0.23,-0.23,-0.14,0.93,-0.35,0.30,-0.31,177,242,355,294,169,162,458,0,0,0,173,2
3880.41,2.97,1.23,0.11,-0.23,-0.14,0.93,-0.35,0.31,-0.31,178,241,355,294,169,163,460,0,0,0,174,2
3880.41,3.09,1.69,-0.02,-0.23,-0.14,0.93,-0.35,0.31,-0.31,178,241,355,294,170,163,460,0,0,0,173,2
3880.41,3.25,1.40,0.14,-0.23,-0.14,0.93,-0.35,0.31,-0.31,178,242,355,293,170,162,460,0,0,0,174,2
3880.42,3.67,1.72,0.13,-0.23,-0.14,0.93,-0.35,0.30,-0.31,178,241,355,293,169,163,461,0,0,0,173,2
3880.43,4.12,1.84,0.44,-0.23,-0.14,0.93,-0.35,0.30,-0.31,179,241,355,293,169,163,461,0,0,0,173,2
3880.43,3.53,2.26,0.64,-0.23,-0.15,0.93,-0.35,0.30,-0.31,179,242,356,292,168,162,462,0,0,0,174,2
3880.44,3.43,2.38,0.73,-0.23,-0.14,0.92,-0.35,0.30,-0.31,181,242,356,293,169,163,462,0,0,0,173,2
3880.44,3.68,2.31,1.02,-0.23,-0.14,0.93,-0.35,0.30,-0.31,182,242,356,293,170,163,463,0,0,0,173,2
3880.45,3.66,2.62,1.15,-0.23,-0.14,0.93,-0.35,0.30,-0.31,181,242,357,293,169,162,463,0,0,0,174,2
3880.45,3.83,2.61,1.17,-0.22,-0.14,0.93,-0.35,0.30,-0.31,181,242,357,293,170,162,463,0,0,0,174,2
3880.46,4.12,3.02,1.22,-0.22,-0.14,0.94,-0.35,0.30,-0.32,182,242,357,293,170,162,463,0,0,0,174,2
3880.46,4.13,2.62,1.71,-0.21,-0.15,0.94,-0.35,0.30,-0.32,181,242,357,294,170,163,463,1,0,0,173,2
3880.47,3.57,2.10,1.78,-0.21,-0.15,0.94,-0.35,0.30,-0.32,181,242,357,293,170,162,463,0,0,0,174,2
3880.47,3.35,1.59,1.78,-0.21,-0.16,0.94,-0.35,0.31,-0.31,182,242,357,293,171,162,464,0,0,0,174,2
3880.48,3.30,1.15,1.88,-0.21,-0.16,0.94,-0.35,0.31,-0.31,180,242,357,293,171,162,463,0,0,0,174,2
3880.48,2.97,0.98,1.71,-0.21,-0.17,0.94,-0.35,0.30,-0.31,181,242,357,293,171,162,464,0,0,0,174,2
3880.49,1.76,0.63,1.55,-0.21,-0.17,0.93,-0.35,0.30,-0.31,181,242,358,293,170,162,464,0,0,0,174,2
3880.49,1.00,0.70,1.39,-0.21,-0.16,0.93,-0.35,0.30,-0.31,181,241,357,293,170,162,464,0,0,0,174,2
3880.50,0.17,1.01,1.11,-0.21,-0.16,0.94,-0.36,0.30,-0.31,181,242,360,293,170,163,465,0,0,0,174,2
3880.50,-0.53,0.76,1.10,-0.21,-0.17,0.93,-0.36,0.30,-0.31,181,242,359,293,170,163,465,0,0,0,174,2
3880.51,-1.07,0.67,0.81,-0.23,-0.16,0.93,-0.35,0.30,-0.31,182,242,360,293,171,163,465,0,0,0,174,2
3880.51,-0.97,0.00,0.79,-0.22,-0.15,0.91,-0.35,0.30,-0.31,181,243,360,293,170,163,465,0,0,0,174,2
3880.51,-0.55,0.07,0.64,-0.23,-0.15,0.91,-0.35,0.30,-0.31,181,242,359,293,170,162,465,1,0,0,174,2
3880.52,0.30,-0.20,0.47,-0.23,-0.14,0.91,-0.35,0.30,-0.31,182,242,360,293,170,162,465,1,0,0,174,2
3880.52,0.82,0.60,0.46,-0.23,-0.14,0.91,-0.35,0.30,-0.31,181,242,359,293,170,163,465,0,0,0,174,2
3880.53,-0.00,2.24,0.15,-0.23,-0.14,0.92,-0.35,0.30,-0.31,181,242,359,293,171,162,465,0,0,0,174,2
3880.53,0.11,3.01,0.02,-0.22,-0.14,0.91,-0.35,0.30,-0.31,181,243,360,293,171,163,465,0,0,0,174,2
3880.54,0.45,4.07,-0.08,-0.22,-0.14,0.92,-0.35,0.30,-0.31,181,242,360,293,171,162,465,0,0,0,174,2
3880.55,0.77,4.48,-0.42,-0.22,-0.14,0.92,-0.36,0.30,-0.31,181,243,361,293,171,162,465,0,0,0,174,2
3880.55,1.64,3.95,-0.72,-0.21,-0.15,0.92,-0.36,0.30,-0.31,180,242,360,293,170,162,466,0,0,0,174,2
3880.55,2.28,3.34,-0.80,-0.21,-0.15,0.92,-0.36,0.30,-0.31,181,242,360,293,171,163,466,0,0,0,174,2
3880.56,3.15,2.87,-0.81,-0.22,-0.15,0.92,-0.35,0.30,-0.30,181,242,360,293,171,163,467,0,0,0,174,2
3880.56,3.90,2.48,-0.74,-0.22,-0.15,0.92,-0.35,0.30,-0.30,181,242,359,294,171,163,468,0,0,0,174,2
3880.57,3.51,2.62,-0.88,-0.22,-0.15,0.92,-0.35,0.30,-0.30,181,242,360,294,172,162,468,0,0,0,174,2
3880.57,3.04,3.12,-1.03,-0.22,-0.14,0.93,-0.35,0.30,-0.30,181,242,360,294,171,162,468,1,0,0,174,2
3880.58,2.52,3.57,-0.89,-0.23,-0.14,0.93,-0.35,0.30,-0.30,181,242,360,293,172,162,469,0,0,0,174,2
3880.59,2.56,3.99,-1.08,-0.23,-0.13,0.92,-0.35,0.30,-0.31,181,243,360,293,171,163,468,0,0,0,174,2
3880.59,3.43,4.07,-1.06,-0.23,-0.12,0.93,-0.35,0.30,-0.31,181,242,360,293,171,162,468,0,0,0,174,2
3880.60,3.80,4.17,-0.87,-0.23,-0.13,0.93,-0.35,0.31,-0.31,182,242,360,293,171,162,468,0,0,0,174,2
3880.60,4.72,4.62,-0.88,-0.22,-0.13,0.93,-0.35,0.31,-0.31,181,242,360,293,172,162,468,0,0,0,175,2
3880.60,4.95,4.48,-0.95,-0.22,-0.12,0.93,-0.35,0.31,-0.31,181,242,360,293,171,162,468,0,0,0,174,2
3880.61,5.01,4.53,-0.77,-0.22,-0.13,0.93,-0.35,0.30,-0.31,181,243,361,293,172,162,468,0,0,0,174,2
3880.61,5.44,4.44,-0.62,-0.22,-0.13,0.94,-0.35,0.30,-0.31,182,242,360,292,171,162,468,0,0,0,174,2
3880.62,5.34,4.08,-0.75,-0.20,-0.13,0.94,-0.35,0.30,-0.31,182,241,360,293,171,162,467,0,0,0,175,2
3880.63,5.28,3.88,-0.68,-0.21,-0.13,0.95,-0.35,0.30,-0.31,181,242,360,292,171,162,468,0,0,0,174,2
3880.63,4.92,3.81,-0.47,-0.20,-0.13,0.96,-0.35,0.30,-0.31,180,242,361,292,171,162,468,0,0,0,174,2
3880.64,4.06,3.67,-0.21,-0.20,-0.13,0.96,-0.36,0.30,-0.31,181,242,361,293,171,161,469,0,0,0,174,2
3880.64,3.07,3.61,-0.25,-0.19,-0.13,0.96,-0.36,0.30,-0.31,178,242,360,292,172,162,468,0,0,0,174,2
3880.65,2.61,3.72,0.11,-0.21,-0.13,0.96,-0.36,0.30,-0.31,178,242,360,292,173,162,469,0,0,0,174,2
3880.65,1.64,3.43,0.36,-0.21,-0.13,0.95,-0.35,0.30,-0.31,178,242,360,293,173,161,469,0,0,6,174,2
3880.66,1.44,2.62,0.44,-0.22,-0.13,0.96,-0.35,0.30,-0.31,178,242,360,293,173,162,469,0,0,8,174,2
3880.66,1.74,1.97,0.85,-0.21,-0.13,0.95,-0.35,0.30,-0.31,178,242,360,293,172,161,469,0,0,13,175,2
3880.67,1.01,1.68,1.09,-0.23,-0.12,0.95,-0.35,0.30,-0.31,177,242,360,293,173,162,470,0,0,19,175,2
3880.67,0.91,1.23,1.17,-0.23,-0.12,0.94,-0.35,0.30,-0.31,177,242,361,292,173,161,469,0,0,17,175,2
3880.68,-2.03,1.70,1.21,-0.23,-0.12,0.93,-0.35,0.30,-0.31,177,241,361,293,173,161,469,0,0,21,174,2
3880.68,-0.23,2.20,1.46,-0.22,-0.11,0.93,-0.35,0.30,-0.31,176,242,361,292,173,161,469,0,0,22,175,2
3880.69,-0.31,2.71,1.84,-0.23,-0.11,0.92,-0.35,0.30,-0.31,176,242,361,293,173,162,471,0,0,23,175,2
3880.69,-0.25,3.73,1.94,-0.22,-0.10,0.93,-0.35,0.30,-0.31,175,242,360,293,172,161,470,0,0,25,175,2
3880.70,-0.00,4.18,2.13,-0.21,-0.10,0.93,-0.35,0.30,-0.31,175,242,361,292,173,161,471,0,0,26,175,2
3880.70,0.25,4.71,2.15,-0.22,-0.10,0.93,-0.35,0.30,-0.31,176,241,361,292,173,161,471,0,0,30,175,2
3880.71,1.21,4.92,2.07,-0.20,-0.12,0.94,-0.35,0.30,-0.31,176,242,360,292,173,161,472,0,0,33,174,2
3880.71,1.41,4.72,2.37,-0.20,-0.13,0.96,-0.35,0.30,-0.31,176,241,361,293,173,161,472,0,0,32,175,2
3880.72,1.30,4.02,2.28,-0.21,-0.12,0.96,-0.35,0.30,-0.31,176,241,361,292,172,161,472,0,0,35,175,2
3880.72,1.44,3.75,2.41,-0.21,-0.11,0.95,-0.35,0.30,-0.31,175,242,361,292,172,161,472,0,0,42,174,2
3880.73,1.44,3.46,2.35,-0.21,-0.11,0.96,-0.35,0.30,-0.32,177,241,361,292,172,161,472,0,0,42,175,2
3880.73,1.43,3.40,2.59,-0.21,-0.12,0.95,-0.35,0.30,-0.32,176,241,361,292,172,161,473,0,0,44,175,2
3880.74,1.45,3.23,2.93,-0.21,-0.12,0.95,-0.35,0.30,-0.32,176,241,361,292,173,161,472,0,0,46,175,2
3880.74,0.86,3.44,3.17,-0.21,-0.12,0.94,-0.35,0.30,-0.32,176,241,360,292,172,161,472,0,0,47,175,2
3880.75,0.58,3.26,3.43,-0.21,-0.12,0.93,-0.35,0.30,-0.32,176,241,360,291,172,161,473,0,0,48,175,2
3880.75,0.70,3.17,3.42,-0.21,-0.12,0.93,-0.35,0.30,-0.31,177,241,361,292,172,161,474,0,0,50,175,2
3880.76,0.97,2.96,3.38,-0.21,-0.11,0.92,-0.35,0.30,-0.31,177,241,360,292,171,161,474,0,0,52,174,2
3880.76,1.98,2.59,3.33,-0.22,-0.11,0.93,-0.35,0.30,-0.31,176,241,360,291,171,160,473,0,0,53,174,2
3880.77,2.83,2.11,3.24,-0.21,-0.12,0.92,-0.35,0.30,-0.31,177,241,361,292,171,161,474,0,0,54,175,2
3880.77,3.85,1.82,3.26,-0.22,-0.11,0.92,-0.35,0.30,-0.31,177,241,360,292,171,161,474,0,0,54,175,2
3880.78,4.70,2.00,3.23,-0.22,-0.11,0.92,-0.35,0.30,-0.31,177,241,361,292,172,161,474,0,0,54,175,2
3880.78,4.98,2.77,2.76,-0.21,-0.11,0.93,-0.35,0.30,-0.31,177,241,361,292,172,161,475,0,0,54,175,2
3880.79,4.87,3.66,2.86,-0.20,-0.11,0.94,-0.35,0.30,-0.31,177,240,361,291,172,161,475,0,0,54,175,2
3880.79,5.07,4.28,3.12,-0.20,-0.11,0.95,-0.35,0.30,-0.31,178,241,362,292,171,161,475,0,0,54,175,2
3880.80,4.69,4.72,3.01,-0.21,-0.11,0.96,-0.35,0.30,-0.31,177,241,361,292,171,161,474,0,0,55,174,2
3880.80,4.28,4.86,3.19,-0.20,-0.12,0.96,-0.35,0.30,-0.31,177,241,362,292,171,160,475,0,0,55,175,2
3880.81,4.05,4.12,3.79,-0.21,-0.12,0.96,-0.35,0.30,-0.31,177,241,362,292,171,161,476,1,0,54,175,2
3880.81,4.26,3.10,4.18,-0.20,-0.13,0.96,-0.35,0.30,-0.31,177,241,361,291,172,161,476,0,0,55,175,2
3880.82,3.30,2.74,4.70,-0.20,-0.13,0.96,-0.35,0.30,-0.31,177,241,362,292,172,161,476,0,0,55,175,2
3880.82,2.69,2.27,5.28,-0.20,-0.15,0.96,-0.35,0.30,-0.31,177,241,362,292,172,161,476,0,0,55,174,2
3880.83,1.78,2.04,5.81,-0.20,-0.14,0.95,-0.35,0.30,-0.31,177,241,362,292,171,162,477,0,0,55,174,2
3880.83,0.60,2.39,5.91,-0.21,-0.15,0.94,-0.35,0.30,-0.32,178,241,361,293,171,161,476,0,0,55,174,2
3880.84,-0.62,2.73,5.97,-0.20,-0.14,0.95,-0.35,0.30,-0.32,178,240,360,292,171,161,476,0,0,56,174,2
3880.84,-1.27,3.39,6.41,-0.19,-0.14,0.93,-0.35,0.30,-0.32,178,242,361,291,173,161,476,0,0,55,174,2
3880.85,-2.12,3.47,6.68,-0.20,-0.14,0.93,-0.35,0.30,-0.32,178,241,361,291,175,161,477,0,0,56,175,2
3880.85,-1.88,3.56,6.73,-0.20,-0.11,0.93,-0.35,0.30,-0.32,178,241,361,292,176,161,476,0,0,57,174,2
3880.86,-1.27,3.90,6.96,-0.20,-0.13,0.93,-0.35,0.30,-0.32,178,241,361,292,176,161,477,0,0,58,174,2
3880.86,-0.25,4.38,7.07,-0.21,-0.12,0.94,-0.35,0.30,-0.32,177,241,361,292,174,161,477,1,0,58,174,2
3880.87,0.65,4.33,7.02,-0.21,-0.13,0.94,-0.35,0.30,-0.32,178,241,361,292,175,162,477,0,0,58,175,2
3880.87,1.56,4.15,7.10,-0.21,-0.13,0.95,-0.35,0.30,-0.32,178,241,361,292,174,161,477,0,0,58,175,2
3880.88,2.18,4.46,6.77,-0.21,-0.14,0.95,-0.35,0.30,-0.32,179,242,361,291,174,161,478,1,0,58,174,2
3880.88,2.63,4.88,6.71,-0.21,-0.14,0.95,-0.35,0.30,-0.32,180,241,361,293,175,162,477,0,0,58,175,2
3880.89,2.30,5.56,6.35,-0.20,-0.14,0.96,-0.35,0.30,-0.32,179,242,362,293,176,161,478,0,0,58,175,2
3880.89,1.85,6.26,6.38,-0.19,-0.14,0.96,-0.35,0.30,-0.32,180,242,361,293,176,161,478,0,0,58,175,2
3880.90,1.78,6.07,6.35,-0.19,-0.15,0.97,-0.35,0.30,-0.32,181,242,361,293,177,161,478,0,0,59,175,2
3880.90,1.74,5.78,6.47,-0.19,-0.15,0.96,-0.35,0.30,-0.32,182,242,361,293,176,161,478,0,0,59,175,2
3880.91,1.82,5.16,4.52,-0.18,-0.15,0.97,-0.35,0.30,-0.32,181,241,361,293,177,161,478,0,0,59,175,2
3880.91,1.96,4.32,6.75,-0.18,-0.15,0.97,-0.35,0.30,-0.32,181,241,361,293,175,162,478,0,0,60,175,2
3880.92,1.86,4.16,6.83,-0.19,-0.15,0.97,-0.35,0.30,-0.32,182,241,361,293,173,161,478,0,0,59,174,2
3880.92,1.56,3.72,6.80,-0.18,-0.16,0.97,-0.35,0.30,-0.32,181,241,360,292,171,162,477,0,0,60,175,2
3880.93,1.12,3.45,7.00,-0.19,-0.16,0.96,-0.35,0.30,-0.32,181,242,360,292,166,161,478,0,0,60,174,2
3880.93,1.38,3.06,6.94,-0.20,-0.15,0.96,-0.35,0.30,-0.32,181,242,361,293,165,162,478,0,0,60,174,2
3880.94,1.69,3.47,6.43,-0.20,-0.15,0.96,-0.35,0.30,-0.32,182,241,359,293,166,162,478,0,0,60,175,2
3880.94,1.56,3.80,5.95,-0.21,-0.15,0.96,-0.35,0.30,-0.32,182,241,359,293,167,162,479,0,0,61,175,2
3880.95,1.86,3.49,5.48,-0.20,-0.15,0.96,-0.35,0.30,-0.33,182,241,360,294,167,162,478,0,0,61,175,2
3880.95,2.48,3.80,4.70,-0.21,-0.15,0.96,-0.35,0.30,-0.33,183,241,360,293,167,161,478,0,0,62,175,2
3880.96,3.12,3.86,4.18,-0.20,-0.15,0.97,-0.34,0.30,-0.32,183,242,361,294,168,162,478,1,0,61,175,2
3880.96,3.51,3.35,3.88,-0.19,-0.15,0.98,-0.34,0.30,-0.32,182,242,360,294,168,162,478,0,0,61,175,2
3880.97,4.45,2.35,3.39,-0.19,-0.16,0.98,-0.34,0.30,-0.32,182,242,360,293,170,162,478,1,0,61,175,2
3880.97,4.93,1.87,2.86,-0.19,-0.16,0.97,-0.34,0.31,-0.32,182,241,361,294,179,162,478,0,0,61,174,2
3880.98,5.36,1.34,2.43,-0.19,-0.16,0.98,-0.34,0.31,-0.32,182,241,360,294,180,162,478,0,0,61,174,2
3880.98,5.25,1.23,2.18,-0.19,-0.17,0.98,-0.35,0.31,-0.32,181,241,359,294,180,162,478,0,0,62,175,2
3880.99,5.19,0.74,1.98,-0.19,-0.16,0.97,-0.35,0.31,-0.32,181,241,359,294,180,162,479,0,0,62,174,2
3880.99,4.65,0.67,1.79,-0.18,-0.17,0.97,-0.35,0.31,-0.32,180,241,359,293,181,162,478,0,0,62,174,2
3881.00,4.18,0.78,1.75,-0.19,-0.17,0.97,-0.35,0.31,-0.33,180,242,358,294,181,162,478,0,0,63,175,2
3881.00,3.95,0.43,1.51,-0.18,-0.17,0.97,-0.35,0.31,-0.33,180,241,358,294,181,162,479,0,0,62,174,2
3881.01,3.49,0.38,1.76,-0.18,-0.16,0.97,-0.35,0.31,-0.33,180,242,360,293,181,162,478,0,0,64,175,2
3881.01,2.81,0.16,1.41,-0.18,-0.17,0.96,-0.34,0.30,-0.32,180,242,359,293,181,161,479,0,0,64,174,2
3881.02,3.26,-0.31,1.27,-0.19,-0.17,0.96,-0.34,0.30,-0.32,180,242,359,294,180,162,479,0,0,65,175,2
3881.02,2.51,-0.52,1.15,-0.18,-0.17,0.96,-0.35,0.30,-0.32,181,241,359,294,181,162,479,0,0,65,174,2
3881.03,2.74,-1.25,0.77,-0.19,-0.16,0.96,-0.35,0.30,-0.32,181,242,359,294,182,162,479,0,0,66,174,2
3881.03,2.84,-1.36,0.76,-0.19,-0.16,0.96,-0.35,0.30,-0.32,181,241,359,294,180,162,478,0,0,67,174,2
3881.04,1.89,-0.26,0.52,-0.20,-0.16,0.95,-0.35,0.30,-0.31,181,242,359,294,181,162,479,0,0,66,175,2
3881.04,2.06,-0.25,0.36,-0.19,-0.16,0.96,-0.35,0.30,-0.31,181,241,359,294,180,162,479,0,0,67,174,2
3881.05,1.44,-0.31,-0.08,-0.19,-0.16,0.95,-0.34,0.30,-0.32,181,242,358,294,180,162,480,0,0,66,174,2
3881.05,1.24,-0.31,-0.11,-0.19,-0.16,0.95,-0.34,0.30,-0.32,180,241,358,293,180,162,480,0,0,67,174,2
3881.06,1.42,-0.62,-0.35,-0.19,-0.16,0.97,-0.34,0.30,-0.32,180,242,358,294,179,162,478,0,0,67,174,2
3881.06,0.81,-0.89,-0.46,-0.19,-0.16,0.95,-0.34,0.30,-0.32,180,241,358,293,180,162,480,0,0,68,174,2
3881.07,0.59,-0.48,-0.30,-0.19,-0.16,0.96,-0.34,0.30,-0.32,180,241,357,293,179,162,479,0,0,67,175,2
3881.07,0.08,-0.22,-0.61,-0.19,-0.16,0.95,-0.34,0.30,-0.32,180,242,358,294,178,161,479,0,0,68,174,2
3881.08,-0.17,-0.31,-0.42,-0.18,-0.16,0.95,-0.34,0.30,-0.32,180,241,358,293,180,161,478,0,0,68,174,2
3881.08,-0.86,-0.67,-0.14,-0.19,-0.15,0.96,-0.34,0.30,-0.32,180,241,357,294,179,162,478,0,0,68,174,2
3881.09,-1.15,-0.70,-0.06,-0.19,-0.16,0.96,-0.34,0.30,-0.32,179,242,356,294,178,161,479,0,0,69,174,2
3881.09,-2.23,-1.04,-0.03,-0.19,-0.16,0.96,-0.34,0.30,-0.32,178,241,357,293,178,161,478,0,0,68,174,2
3881.10,-2.64,-0.96,0.17,-0.18,-0.16,0.95,-0.35,0.30,-0.32,178,241,357,292,180,162,478,0,0,69,174,2
3881.10,-3.61,-0.76,0.48,-0.18,-0.14,0.95,-0.35,0.30,-0.32,178,241,357,293,179,162,478,0,0,68,174,2
3881.11,-6.56,-1.09,0.77,-0.19,-0.15,0.95,-0.35,0.30,-0.32,177,241,357,293,177,161,478,0,0,69,174,2
3881.11,-5.00,-1.16,1.34,-0.19,-0.15,0.95,-0.34,0.30,-0.31,177,242,357,293,179,161,478,0,0,69,174,2
3881.12,-5.88,-0.48,1.52,-0.19,-0.15,0.94,-0.34,0.30,-0.31,176,241,357,293,179,161,478,0,0,69,174,2
3881.12,-6.63,-1.15,1.68,-0.19,-0.15,0.94,-0.34,0.30,-0.31,176,241,355,292,179,161,478,0,0,69,174,2
3881.13,-7.53,-1.23,2.13,-0.19,-0.15,0.94,-0.35,0.30,-0.31,176,242,356,292,180,161,479,0,0,70,174,2
3881.13,-8.33,-1.38,2.28,-0.20,-0.15,0.93,-0.35,0.30,-0.31,176,241,355,291,179,161,479,0,0,70,174,2
3881.14,-8.42,-1.64,2.76,-0.20,-0.14,0.93,-0.35,0.30,-0.31,176,241,355,292,180,161,478,0,0,70,174,2
3881.14,-8.98,-1.07,2.84,-0.20,-0.14,0.93,-0.35,0.30,-0.31,176,241,355,291,179,161,479,0,0,70,174,2
3881.15,-9.41,-0.82,2.94,-0.20,-0.13,0.93,-0.35,0.30,-0.31,176,241,355,292,180,161,479,0,0,70,174,2
3881.15,-9.72,-0.44,2.83,-0.20,-0.13,0.93,-0.35,0.30,-0.32,176,242,356,291,180,162,478,0,0,70,175,2
3881.16,-9.33,0.10,2.70,-0.20,-0.12,0.93,-0.35,0.30,-0.32,176,241,356,291,181,161,479,0,0,70,174,2
3881.16,-9.21,0.17,2.44,-0.20,-0.12,0.93,-0.35,0.30,-0.31,177,242,355,291,180,161,480,0,0,70,174,2
3881.17,-7.73,0.32,2.47,-0.20,-0.11,0.93,-0.35,0.30,-0.31,176,241,355,291,181,161,479,0,0,70,174,2
3881.17,-7.18,0.63,2.08,-0.20,-0.11,0.92,-0.35,0.30,-0.31,177,241,355,291,180,161,479,0,0,70,175,2
3881.18,-6.19,0.64,1.82,-0.20,-0.10,0.92,-0.35,0.30,-0.32,177,241,354,291,181,161,480,0,0,70,174,2
3881.18,-4.83,0.97,1.70,-0.20,-0.11,0.91,-0.35,0.30,-0.32,176,241,354,291,181,161,478,0,0,70,174,2
3881.19,-3.55,1.09,1.35,-0.19,-0.11,0.93,-0.34,0.30,-0.32,177,241,355,291,180,161,479,0,0,70,174,2
3881.19,-2.44,0.88,1.35,-0.20,-0.11,0.92,-0.34,0.30,-0.32,177,242,355,292,185,162,479,0,0,71,174,2
3881.20,-2.00,0.98,1.10,-0.21,-0.11,0.92,-0.34,0.30,-0.32,176,242,356,291,185,161,479,0,0,70,174,2
3881.20,-1.12,1.36,0.60,-0.21,-0.10,0.92,-0.34,0.30,-0.32,177,241,356,291,185,161,479,0,0,70,174,2
3881.21,0.04,2.03,0.15,-0.21,-0.10,0.92,-0.34,0.30,-0.32,177,241,356,292,184,161,479,0,0,71,174,2
3881.21,0.60,2.07,-2.09,-0.20,-0.10,0.92,-0.34,0.30,-0.32,177,241,356,291,185,161,479,0,0,71,174,2
3881.22,1.57,2.08,-0.50,-0.20,-0.10,0.93,-0.34,0.30,-0.31,177,241,356,291,184,161,479,1,0,70,174,2
3881.22,3.14,2.22,-0.84,-0.20,-0.10,0.93,-0.34,0.30,-0.31,178,241,354,291,185,162,479,0,0,71,174,2
3881.23,4.08,2.21,-1.16,-0.20,-0.10,0.93,-0.35,0.30,-0.32,178,242,356,292,184,162,479,1,0,70,174,2
3881.23,5.25,2.69,-1.19,-0.18,-0.09,0.94,-0.35,0.30,-0.32,180,241,356,291,184,162,479,0,0,71,174,2
3881.24,5.43,2.92,-1.08,-0.19,-0.10,0.93,-0.35,0.30,-0.32,179,242,356,291,184,162,480,0,0,71,174,2
3881.24,5.72,3.12,-0.79,-0.19,-0.09,0.93,-0.34,0.30,-0.32,179,242,356,291,185,161,479,0,0,70,175,2
3881.25,6.16,3.88,-0.70,-0.19,-0.10,0.93,-0.34,0.30,-0.32,179,241,356,290,185,162,480,0,0,70,174,2
3881.25,6.08,4.42,-0.38,-0.19,-0.10,0.93,-0.35,0.30,-0.32,179,242,357,292,185,162,480,0,0,71,174,2
3881.26,5.90,4.39,0.43,-0.20,-0.09,0.94,-0.35,0.30,-0.32,180,241,356,291,185,162,480,0,0,71,174,2
3881.26,6.54,4.64,0.95,-0.22,-0.09,0.91,-0.35,0.30,-0.32,180,241,357,292,185,162,480,0,0,71,174,2
3881.27,6.86,4.71,1.27,-0.21,-0.08,0.93,-0.35,0.30,-0.32,180,241,357,292,186,161,480,0,0,71,174,2
3881.27,7.41,5.45,1.61,-0.21,-0.08,0.93,-0.35,0.30,-0.32,180,242,358,291,186,162,480,0,0,71,174,2
3881.28,7.26,6.49,1.52,-0.19,-0.08,0.94,-0.34,0.30,-0.32,180,242,357,292,186,162,481,0,0,72,174,2
3881.28,7.35,6.58,1.91,-0.20,-0.09,0.93,-0.34,0.30,-0.32,180,241,358,292,186,161,481,0,0,72,174,2
3881.29,7.19,7.57,2.13,-0.19,-0.08,0.95,-0.34,0.30,-0.32,180,242,358,292,185,162,481,0,0,71,174,2
3881.29,8.02,7.54,2.56,-0.19,-0.08,0.95,-0.35,0.30,-0.32,180,242,358,292,187,162,480,0,0,71,174,2
3881.30,8.55,7.63,3.34,-0.18,-0.09,0.96,-0.35,0.30,-0.32,181,242,357,291,186,162,481,0,0,71,174,2
3881.30,8.31,7.93,3.41,-0.18,-0.10,0.97,-0.35,0.30,-0.32,180,242,358,291,186,163,481,0,0,72,174,2
3881.31,8.13,7.74,3.85,-0.18,-0.10,0.97,-0.35,0.30,-0.32,180,242,358,291,187,162,481,0,0,71,174,2
3881.31,7.59,7.66,4.66,-0.17,-0.10,0.97,-0.35,0.30,-0.32,181,242,357,292,188,162,481,0,0,71,174,2
3881.32,6.61,7.31,5.04,-0.18,-0.12,0.96,-0.35,0.30,-0.32,181,241,357,292,188,162,481,0,0,71,174,2
3881.32,5.40,7.18,5.53,-0.18,-0.10,0.99,-0.35,0.30,-0.32,180,242,357,291,188,162,481,0,0,71,174,2
3881.33,4.88,6.95,5.96,-0.17,-0.12,0.98,-0.35,0.30,-0.32,181,242,357,291,187,162,481,0,0,71,174,2
3881.33,3.24,7.34,6.53,-0.17,-0.12,0.99,-0.34,0.30,-0.32,181,242,358,291,189,162,482,0,0,72,174,2
3881.34,1.80,7.06,6.59,-0.17,-0.11,0.98,-0.34,0.30,-0.32,181,242,358,292,188,162,482,0,0,71,175,2
3881.34,0.97,6.15,6.99,-0.17,-0.12,0.98,-0.34,0.30,-0.33,181,242,358,292,189,162,482,0,0,71,174,2
3881.35,0.11,5.06,7.47,-0.17,-0.11,0.97,-0.34,0.30,-0.33,181,242,358,292,188,162,481,0,0,71,174,2
3881.35,0.11,4.15,7.74,-0.18,-0.11,0.96,-0.34,0.30,-0.33,180,242,358,292,188,162,482,0,0,70,174,2
3881.36,0.04,3.43,7.85,-0.19,-0.11,0.95,-0.34,0.30,-0.32,181,242,358,292,189,162,482,0,0,70,174,2
3881.36,0.24,3.17,8.02,-0.19,-0.11,0.95,-0.34,0.30,-0.32,181,242,358,291,189,162,482,0,0,70,174,2
3881.37,0.60,3.00,8.10,-0.19,-0.10,0.95,-0.34,0.30,-0.32,181,243,358,292,191,163,482,1,0,70,174,2
3881.37,0.54,4.51,7.71,-0.18,-0.10,0.94,-0.34,0.30,-0.32,181,242,358,292,193,162,483,0,0,70,174,2
3881.38,0.83,5.10,7.36,-0.17,-0.10,0.95,-0.34,0.30,-0.32,182,243,358,292,194,163,482,0,0,70,174,2
3881.38,1.06,5.05,6.82,-0.17,-0.11,0.95,-0.34,0.30,-0.32,182,243,359,292,195,163,483,0,0,70,174,2
3881.39,1.80,5.46,6.45,-0.17,-0.11,0.95,-0.34,0.30,-0.32,182,242,358,291,199,162,482,0,0,70,174,2
3881.39,3.28,4.38,6.07,-0.17,-0.11,0.96,-0.34,0.30,-0.32,182,242,358,288,201,162,482,0,0,70,175,2
3881.40,4.91,2.97,5.55,-0.17,-0.11,0.96,-0.34,0.30,-0.32,182,242,359,289,202,163,483,0,0,70,174,2
3881.40,6.45,2.59,5.27,-0.17,-0.12,0.97,-0.34,0.30,-0.32,181,243,359,289,203,162,483,0,0,70,174,2
3881.41,7.36,2.61,5.07,-0.16,-0.12,0.98,-0.34,0.31,-0.32,182,243,359,289,204,162,483,0,0,70,174,2
3881.41,7.24,2.86,4.86,-0.17,-0.13,0.98,-0.34,0.31,-0.32,182,243,359,288,204,162,483,0,0,70,174,2
3881.42,6.94,3.18,4.63,-0.18,-0.14,0.99,-0.34,0.31,-0.32,182,242,358,288,203,162,483,0,0,70,174,2
3881.42,6.51,2.97,4.48,-0.18,-0.14,0.99,-0.35,0.30,-0.32,182,244,359,288,204,162,484,0,0,70,174,2
3881.43,5.55,2.63,4.47,-0.18,-0.15,0.99,-0.35,0.30,-0.32,182,243,359,288,202,162,484,0,0,70,174,2
3881.43,5.43,1.96,4.21,-0.18,-0.15,0.99,-0.35,0.31,-0.32,182,243,360,288,203,162,485,0,0,70,174,2
3881.44,5.22,1.56,3.95,-0.18,-0.15,0.98,-0.35,0.31,-0.32,182,243,360,288,205,163,484,0,0,70,174,2
3881.44,4.74,1.27,3.54,-0.18,-0.15,0.99,-0.35,0.31,-0.32,183,243,360,288,204,163,484,0,0,69,174,2
3881.45,3.86,1.20,3.49,-0.17,-0.14,0.98,-0.34,0.30,-0.32,183,243,359,288,205,163,485,0,0,69,174,2
3881.45,3.09,1.15,3.35,-0.17,-0.14,0.99,-0.34,0.30,-0.32,183,243,359,288,206,163,485,0,0,68,174,2
3881.46,2.50,1.09,3.12,-0.16,-0.14,0.99,-0.35,0.30,-0.32,183,243,360,288,206,163,485,0,0,69,174,2
3881.46,1.94,0.87,3.26,-0.16,-0.13,0.98,-0.35,0.30,-0.32,182,243,360,288,206,162,486,1,0,69,175,2
3881.47,1.87,0.72,3.17,-0.16,-0.14,0.99,-0.35,0.30,-0.32,182,243,360,288,205,163,486,0,0,69,174,2
3881.47,1.80,-0.33,3.16,-0.16,-0.14,1.00,-0.35,0.30,-0.33,183,243,360,289,205,163,486,0,0,69,174,2
3881.48,2.16,-0.52,2.83,-0.17,-0.14,0.98,-0.35,0.30,-0.33,182,243,360,288,206,163,486,0,0,69,174,2
3881.48,1.96,-0.91,2.61,-0.17,-0.14,0.98,-0.35,0.30,-0.32,182,244,361,288,205,164,487,0,0,68,174,2
3881.49,2.00,-1.25,2.44,-0.18,-0.14,0.97,-0.35,0.30,-0.32,183,243,362,288,206,164,487,0,0,69,174,2
3881.49,1.95,-1.13,2.13,-0.18,-0.14,0.96,-0.35,0.30,-0.32,183,244,362,288,205,163,487,0,0,69,174,2
3881.50,1.34,-0.76,2.09,-0.18,-0.15,0.95,-0.35,0.30,-0.32,183,243,362,289,206,163,488,0,0,69,174,2
3881.50,1.05,-0.59,1.59,-0.18,-0.12,0.96,-0.35,0.30,-0.32,183,243,362,288,206,163,487,0,0,69,174,2
3881.51,1.58,-0.05,2.34,-0.17,-0.12,0.96,-0.35,0.30,-0.32,183,243,362,288,206,163,487,0,0,69,173,2
3881.51,1.02,0.81,1.96,-0.17,-0.13,0.95,-0.34,0.30,-0.32,184,243,362,288,207,163,487,0,0,69,174,2
3881.52,1.50,0.73,1.75,-0.17,-0.12,0.95,-0.34,0.30,-0.32,183,243,362,288,206,163,487,0,0,68,173,2
3881.52,1.69,0.27,1.72,-0.17,-0.13,0.95,-0.34,0.30,-0.33,184,243,362,288,207,163,488,0,0,69,174,2
3881.53,3.17,-0.75,1.87,-0.18,-0.12,0.95,-0.34,0.30,-0.33,183,243,362,288,206,163,489,0,0,69,174,2
3881.53,4.44,-1.19,1.75,-0.18,-0.13,0.95,-0.34,0.30,-0.33,184,244,362,288,207,163,488,0,0,69,175,2
3881.54,5.07,-0.66,1.46,-0.18,-0.13,0.95,-0.34,0.30,-0.32,184,243,362,288,207,163,488,0,0,69,175,2
3881.54,5.91,-0.07,1.29,-0.18,-0.13,0.96,-0.34,0.30,-0.32,184,244,363,287,206,163,488,0,0,69,173,2
3881.55,5.33,0.57,1.11,-0.18,-0.13,0.96,-0.34,0.30,-0.33,183,244,362,287,207,163,489,0,0,69,174,2
3881.55,5.25,0.62,0.55,-0.18,-0.14,0.96,-0.34,0.30,-0.33,184,243,361,287,206,163,489,1,0,69,174,2
3881.56,5.39,0.41,0.46,-0.17,-0.15,0.96,-0.34,0.30,-0.33,183,244,361,287,206,163,489,0,0,68,174,2
3881.56,4.97,-0.44,0.38,-0.17,-0.15,0.96,-0.34,0.30,-0.33,183,243,362,287,207,163,489,0,0,69,174,2
3881.57,5.28,-1.88,0.41,-0.17,-0.15,0.96,-0.34,0.30,-0.33,184,243,362,287,206,163,489,0,0,68,174,2
3881.57,5.28,-2.73,0.49,-0.17,-0.15,0.96,-0.34,0.30,-0.33,183,244,362,287,207,163,489,0,0,69,173,2
3881.58,5.23,-3.63,0.37,-0.17,-0.14,0.96,-0.34,0.30,-0.33,184,244,362,287,205,164,489,0,0,69,173,2
3881.58,4.95,-3.88,0.54,-0.17,-0.15,0.95,-0.34,0.30,-0.33,183,243,361,286,206,163,488,0,0,69,174,2
3881.59,4.44,-3.73,0.47,-0.19,-0.15,0.94,-0.34,0.31,-0.32,184,244,362,287,206,164,489,0,0,68,173,2
3881.59,4.15,-3.30,0.86,-0.17,-0.15,0.94,-0.34,0.31,-0.32,184,244,361,286,207,163,489,0,0,68,174,2
3881.60,3.31,-2.77,1.06,-0.17,-0.15,0.94,-0.34,0.30,-0.32,184,244,361,286,208,163,490,0,0,68,173,2
3881.60,2.77,-2.52,1.09,-0.18,-0.14,0.94,-0.34,0.30,-0.32,183,244,362,286,207,164,490,0,0,69,174,2
3881.61,2.28,-2.21,0.96,-0.18,-0.14,0.94,-0.34,0.30,-0.32,184,243,362,286,208,163,489,0,0,68,173,2
3881.61,2.65,-2.13,1.01,-0.18,-0.14,0.94,-0.34,0.30,-0.32,183,244,362,287,208,164,489,0,0,68,175,2
3881.62,2.43,-1.79,0.88,-0.18,-0.14,0.93,-0.34,0.30,-0.32,184,244,362,286,209,163,489,0,0,69,174,2
3881.62,2.72,-2.00,0.94,-0.18,-0.14,0.94,-0.34,0.30,-0.32,183,243,362,287,208,164,490,0,0,68,174,2
3881.63,2.57,-1.79,0.46,-0.18,-0.14,0.95,-0.34,0.30,-0.32,184,244,362,287,209,164,489,0,0,68,174,2
3881.63,2.68,-1.49,0.11,-0.18,-0.14,0.94,-0.34,0.30,-0.32,184,244,363,286,209,163,490,0,0,69,173,2
3881.64,2.15,-1.35,-0.15,-0.17,-0.14,0.94,-0.34,0.30,-0.32,184,244,363,286,211,164,490,0,0,70,173,2
3881.65,2.21,-1.17,-0.30,-0.17,-0.14,0.94,-0.34,0.30,-0.32,184,244,363,286,209,164,490,0,0,68,173,2
3881.65,2.13,-1.29,-0.33,-0.17,-0.14,0.94,-0.34,0.30,-0.32,183,244,363,285,210,164,489,0,0,68,174,2
3881.66,1.97,-1.29,-0.68,-0.17,-0.14,0.94,-0.34,0.30,-0.33,183,243,363,285,210,164,490,0,0,68,173,2
3881.66,1.87,-0.91,-1.36,-0.17,-0.14,0.94,-0.34,0.30,-0.33,184,244,362,285,209,164,490,0,0,67,174,2
3881.67,2.32,-1.29,-1.59,-0.18,-0.13,0.94,-0.34,0.30,-0.32,183,244,363,285,211,164,490,1,0,68,174,2
3881.67,2.48,-0.82,-2.00,-0.18,-0.13,0.94,-0.34,0.30,-0.32,184,244,363,285,209,164,489,0,0,68,173,2
3881.67,3.25,-1.17,-2.55,-0.18,-0.12,0.93,-0.34,0.30,-0.32,183,244,363,284,210,164,490,0,0,68,174,2
3881.68,3.95,-1.31,-2.34,-0.18,-0.13,0.92,-0.34,0.30,-0.32,183,243,364,283,208,164,489,0,0,68,174,2
3881.69,3.94,-1.39,-2.19,-0.18,-0.12,0.92,-0.34,0.30,-0.32,183,243,362,283,209,164,489,0,0,68,174,2
3881.69,4.51,-1.62,-2.09,-0.18,-0.12,0.92,-0.34,0.30,-0.32,182,243,362,283,210,164,490,0,0,68,174,2
3881.70,4.93,-1.29,-1.78,-0.18,-0.12,0.92,-0.34,0.30,-0.32,183,243,362,283,210,164,490,0,0,68,174,2
3881.70,5.25,-0.74,-1.70,-0.18,-0.12,0.92,-0.34,0.30,-0.32,183,243,362,283,209,164,489,1,0,67,174,2
3881.71,5.24,-0.44,-1.39,-0.18,-0.12,0.92,-0.34,0.30,-0.33,183,244,361,283,209,164,489,0,0,68,173,2
3881.71,5.44,0.19,-1.22,-0.17,-0.12,0.93,-0.34,0.30,-0.33,183,243,362,283,210,164,489,0,0,68,173,2
3881.71,5.12,0.57,-0.81,-0.17,-0.13,0.93,-0.34,0.30,-0.33,183,244,362,283,209,164,490,0,0,67,174,2
3881.72,4.78,0.79,-0.46,-0.18,-0.13,0.93,-0.34,0.30,-0.32,183,244,362,284,209,164,490,0,0,68,174,2
3881.73,4.94,0.58,-0.04,-0.18,-0.12,0.93,-0.34,0.30,-0.32,183,244,362,284,207,164,489,0,0,68,174,2
3881.73,5.08,0.46,0.05,-0.18,-0.12,0.94,-0.34,0.30,-0.32,183,244,362,284,209,164,490,0,0,68,174,2
3881.74,5.32,0.84,0.09,-0.19,-0.12,0.93,-0.34,0.30,-0.32,183,244,362,284,209,164,490,0,0,68,174,2
3881.74,5.22,1.28,0.35,-0.18,-0.13,0.94,-0.34,0.30,-0.32,183,244,361,284,208,163,490,0,0,68,174,2
3881.75,2.34,1.93,0.32,-0.18,-0.12,0.93,-0.34,0.30,-0.33,183,243,361,283,208,164,489,0,0,67,174,2
3881.75,3.76,2.20,0.40,-0.18,-0.12,0.94,-0.34,0.30,-0.33,183,244,362,284,208,164,490,0,0,68,174,2
3881.75,3.47,2.33,0.48,-0.18,-0.12,0.93,-0.34,0.30,-0.33,183,244,362,283,209,164,490,0,0,68,174,2
3881.76,3.81,2.69,0.60,-0.18,-0.12,0.93,-0.34,0.30,-0.33,183,244,362,283,209,164,489,0,0,68,174,2
3881.76,4.08,2.48,0.99,-0.18,-0.12,0.94,-0.34,0.30,-0.33,182,244,362,283,208,164,489,0,0,68,175,2
3881.77,4.16,2.46,0.86,-0.18,-0.12,0.94,-0.34,0.30,-0.32,183,244,362,284,208,164,489,0,0,67,174,2
3881.77,4.70,1.98,0.96,-0.18,-0.13,0.94,-0.34,0.30,-0.32,182,243,362,283,208,164,490,0,0,67,174,2
3881.78,5.49,1.35,1.29,-0.18,-0.12,0.94,-0.34,0.30,-0.33,182,244,361,283,209,164,490,0,0,68,175,2
3881.78,6.29,1.63,0.98,-0.19,-0.13,0.95,-0.34,0.30,-0.33,182,243,362,283,207,163,489,0,0,68,174,2
3881.79,6.31,1.82,1.13,-0.18,-0.13,0.95,-0.34,0.30,-0.33,182,244,362,283,207,164,489,0,0,68,174,2
3881.79,6.75,2.34,1.01,-0.18,-0.13,0.95,-0.34,0.30,-0.32,183,244,362,284,208,164,490,0,0,68,174,2
3881.80,6.33,2.84,0.78,-0.18,-0.14,0.96,-0.34,0.30,-0.32,182,244,361,284,208,164,490,0,0,68,174,2
3881.80,5.86,3.53,0.75,-0.17,-0.14,0.96,-0.34,0.30,-0.32,182,244,361,284,208,164,490,1,0,68,174,2
3881.81,5.65,3.20,0.63,-0.17,-0.14,0.96,-0.34,0.30,-0.32,183,244,362,284,208,163,490,0,0,68,174,2
3881.81,5.80,2.59,0.70,-0.17,-0.15,0.96,-0.34,0.30,-0.32,183,244,361,284,206,164,489,0,0,67,174,2
3881.82,5.66,2.38,0.71,-0.17,-0.14,0.95,-0.34,0.30,-0.33,182,244,362,284,205,164,490,0,0,67,175,2
3881.82,5.29,2.31,0.81,-0.17,-0.14,0.95,-0.34,0.30,-0.33,182,244,361,284,204,164,489,0,0,68,174,2
3881.83,5.16,1.96,1.13,-0.17,-0.14,0.94,-0.34,0.30,-0.33,182,244,362,284,207,164,489,0,0,68,174,2
3881.83,4.57,2.86,1.19,-0.18,-0.13,0.94,-0.34,0.30,-0.33,183,244,362,284,206,163,490,0,0,68,174,2
3881.84,4.00,3.28,1.29,-0.17,-0.13,0.94,-0.34,0.30,-0.33,182,243,362,284,207,164,490,0,0,68,174,2
3881.85,4.43,3.05,0.90,-0.18,-0.13,0.93,-0.34,0.30,-0.32,181,243,361,284,207,164,490,0,0,68,175,2
3881.85,5.11,2.92,0.55,-0.19,-0.13,0.95,-0.34,0.30,-0.32,181,243,362,283,207,164,490,0,0,68,175,2
3881.85,5.36,2.90,0.36,-0.19,-0.12,0.93,-0.34,0.30,-0.32,181,243,361,283,207,164,489,0,0,68,175,2
3881.86,6.75,2.95,-0.17,-0.19,-0.12,0.94,-0.34,0.30,-0.32,181,245,361,283,206,164,490,0,0,68,174,2
3881.86,7.76,2.60,-0.59,-0.18,-0.13,0.94,-0.34,0.30,-0.32,181,244,361,283,206,164,490,0,0,69,174,2
3881.87,8.34,2.28,-1.06,-0.18,-0.13,0.95,-0.34,0.30,-0.33,182,244,360,283,207,164,490,0,1,68,174,2
3881.88,9.23,2.29,-1.47,-0.17,-0.13,0.95,-0.34,0.30,-0.33,182,244,361,282,208,164,490,0,0,69,175,2
3881.88,9.59,2.69,-1.89,-0.17,-0.14,0.96,-0.34,0.30,-0.33,181,244,360,283,206,164,490,0,0,69,175,2
3881.89,10.04,2.48,-2.08,-0.17,-0.14,0.96,-0.34,0.30,-0.33,181,244,360,283,207,164,490,1,0,69,174,2
3881.89,9.80,1.97,-2.20,-0.16,-0.15,0.96,-0.34,0.30,-0.33,182,244,360,283,206,163,490,0,0,69,174,2
3881.90,9.59,1.50,-2.39,-0.16,-0.15,0.96,-0.34,0.30,-0.33,182,244,361,284,207,164,490,0,0,69,175,2
3881.90,9.06,1.18,-2.48,-0.17,-0.15,0.96,-0.34,0.30,-0.33,182,244,361,283,208,164,490,0,0,69,175,2
3881.91,8.63,1.44,-2.62,-0.17,-0.14,0.96,-0.34,0.30,-0.33,181,244,361,283,207,163,491,0,0,69,175,2
3881.91,7.91,1.29,-2.41,-0.17,-0.15,0.97,-0.34,0.31,-0.32,181,244,361,283,209,164,491,0,0,69,175,2
3881.92,7.24,1.37,-2.30,-0.17,-0.14,0.96,-0.34,0.31,-0.32,181,244,361,283,209,163,490,0,0,68,174,2
3881.92,7.17,1.10,-2.35,-0.17,-0.14,0.96,-0.34,0.31,-0.32,181,244,360,283,209,163,491,0,0,69,175,2
3881.93,6.86,0.79,-2.55,-0.18,-0.14,0.96,-0.34,0.30,-0.32,181,244,361,284,210,164,491,0,0,69,175,2
3881.93,7.43,0.71,-2.58,-0.17,-0.14,0.96,-0.34,0.30,-0.32,181,244,360,282,210,164,491,0,0,69,175,2
3881.94,7.21,0.47,-2.69,-0.18,-0.13,0.95,-0.34,0.30,-0.33,181,244,361,283,210,164,490,0,0,69,175,2
3881.94,7.74,0.11,-2.54,-0.17,-0.13,0.95,-0.34,0.30,-0.33,180,244,361,283,209,163,494,0,0,69,174,2
3881.95,7.18,0.45,-2.70,-0.17,-0.13,0.96,-0.34,0.30,-0.33,181,244,361,283,209,164,494,0,0,68,175,2
3881.95,7.03,0.76,-2.73,-0.17,-0.13,0.95,-0.34,0.30,-0.33,181,244,360,283,208,164,495,0,0,69,175,2
3881.96,7.19,0.94,-2.75,-0.17,-0.13,0.96,-0.34,0.30,-0.33,181,244,361,283,210,164,494,1,0,69,175,2
3881.96,6.82,1.22,-2.55,-0.17,-0.13,0.96,-0.34,0.30,-0.32,181,244,361,283,209,163,494,0,0,69,174,2
3881.97,6.71,1.35,-2.40,-0.17,-0.13,0.96,-0.34,0.30,-0.32,181,244,360,283,207,164,494,1,0,69,175,2
3881.97,6.08,1.64,-2.43,-0.17,-0.13,0.96,-0.34,0.30,-0.32,181,244,360,283,208,163,494,0,0,69,175,2
3881.98,5.88,1.44,-4.48,-0.16,-0.13,0.95,-0.33,0.30,-0.32,181,244,361,283,208,163,494,0,0,69,175,2
3881.98,5.13,1.57,-2.20,-0.17,-0.13,0.95,-0.33,0.30,-0.32,181,244,361,283,207,163,495,0,0,69,175,2
3881.99,4.84,1.40,-2.05,-0.17,-0.13,0.95,-0.34,0.30,-0.33,182,244,360,284,197,163,495,0,0,68,175,2
3881.99,4.49,1.23,-1.64,-0.17,-0.13,0.94,-0.34,0.30,-0.33,182,245,361,283,196,164,494,0,0,69,175,2
3882.00,4.16,1.44,-1.41,-0.17,-0.13,0.94,-0.34,0.30,-0.33,181,244,360,284,194,163,494,0,0,68,175,2
3882.00,3.71,0.96,-1.29,-0.17,-0.13,0.93,-0.34,0.30,-0.33,181,244,361,283,194,163,494,0,0,68,175,2
3882.01,3.39,1.02,-1.01,-0.17,-0.11,0.94,-0.34,0.30,-0.33,181,244,361,283,191,163,495,0,0,68,175,2
3882.01,2.90,1.45,-0.67,-0.17,-0.13,0.92,-0.34,0.30,-0.33,181,244,360,284,192,163,494,0,0,69,175,2
3882.02,2.74,1.74,-0.38,-0.16,-0.12,0.92,-0.34,0.30,-0.33,181,244,360,284,190,163,494,0,0,68,175,2
3882.02,2.23,2.37,-0.21,-0.17,-0.12,0.93,-0.34,0.30,-0.33,181,244,361,284,191,163,494,0,0,69,175,2
3882.03,1.98,2.72,0.09,-0.17,-0.12,0.93,-0.34,0.30,-0.33,181,244,361,285,188,163,495,0,0,69,176,2
3882.03,2.20,3.44,0.15,-0.16,-0.11,0.94,-0.34,0.30,-0.33,181,244,360,284,190,163,494,0,0,68,175,2
3882.04,2.56,3.55,0.43,-0.16,-0.12,0.94,-0.34,0.30,-0.33,181,243,360,285,190,163,495,0,0,68,176,2
3882.04,2.48,3.66,0.31,-0.17,-0.11,0.94,-0.34,0.30,-0.33,182,243,361,285,188,162,494,0,0,69,176,2
3882.05,2.88,3.61,0.47,-0.17,-0.11,0.95,-0.34,0.30,-0.33,182,244,360,284,186,163,495,0,0,69,176,2
3882.05,3.08,3.62,0.56,-0.16,-0.11,0.96,-0.34,0.30,-0.33,182,244,361,285,186,162,495,0,0,69,176,2
3882.06,3.34,3.67,0.72,-0.16,-0.12,0.95,-0.34,0.30,-0.33,182,244,361,284,186,163,494,0,0,69,176,2
3882.06,3.32,3.52,0.79,-0.17,-0.12,0.95,-0.34,0.30,-0.33,182,243,361,285,185,163,494,0,0,69,175,2
3882.07,3.18,3.16,0.89,-0.16,-0.12,0.95,-0.34,0.30,-0.33,181,244,362,285,183,163,495,0,0,68,176,2
3882.07,2.78,3.32,0.80,-0.16,-0.12,0.94,-0.34,0.30,-0.33,181,244,361,286,183,163,495,0,0,69,175,2
3882.08,2.44,3.32,0.48,-0.17,-0.11,0.95,-0.34,0.31,-0.34,181,244,362,286,184,163,496,0,0,69,176,2
3882.08,2.55,3.38,0.42,-0.17,-0.11,0.95,-0.34,0.31,-0.34,181,243,361,286,184,163,495,0,0,69,176,2
3882.09,2.57,3.42,0.37,-0.17,-0.11,0.94,-0.34,0.31,-0.34,180,244,362,286,183,163,496,0,0,69,176,2
3882.09,3.34,2.78,0.79,-0.18,-0.11,0.95,-0.34,0.30,-0.33,180,244,361,286,183,164,496,1,0,68,176,2
3882.10,4.77,2.28,1.10,-0.18,-0.10,0.94,-0.34,0.30,-0.33,180,244,361,286,183,163,495,0,0,69,176,2
3882.10,5.70,2.64,1.40,-0.18,-0.11,0.94,-0.34,0.30,-0.33,180,244,361,287,183,163,496,0,0,69,176,2
3882.11,6.30,2.48,1.71,-0.18,-0.11,0.95,-0.34,0.30,-0.33,181,244,361,287,183,162,495,0,0,69,175,2
3882.11,6.27,3.29,1.91,-0.18,-0.12,0.94,-0.34,0.30,-0.33,181,244,361,287,183,163,495,1,0,69,175,2
3882.12,6.50,3.12,2.23,-0.17,-0.12,0.96,-0.34,0.30,-0.33,180,244,361,288,183,163,496,0,0,68,175,2
3882.12,6.29,3.43,2.22,-0.17,-0.11,0.97,-0.34,0.30,-0.33,181,244,361,287,182,163,495,0,0,69,176,2
3882.13,6.34,3.57,2.26,-0.16,-0.13,0.97,-0.34,0.30,-0.33,180,243,362,287,181,163,496,0,0,69,176,2
3882.13,6.33,3.59,2.41,-0.17,-0.13,0.97,-0.34,0.30,-0.33,180,244,361,287,181,163,496,0,0,69,176,2
3882.14,6.33,3.56,2.56,-0.16,-0.13,0.98,-0.34,0.30,-0.33,179,244,361,288,181,163,495,0,0,69,175,2
3882.14,6.04,3.68,2.72,-0.16,-0.13,0.98,-0.34,0.30,-0.33,179,244,361,288,181,163,496,0,0,68,176,2
3882.15,6.16,3.96,2.92,-0.16,-0.13,0.98,-0.34,0.30,-0.33,179,244,361,288,181,163,496,0,0,69,176,2
3882.15,5.36,4.29,3.13,-0.17,-0.13,0.98,-0.34,0.30,-0.33,179,244,361,288,181,164,496,0,0,70,176,2
3882.16,5.92,3.99,2.97,-0.16,-0.13,0.98,-0.34,0.31,-0.33,179,244,361,289,182,163,496,0,0,69,176,2
3882.16,6.16,3.32,3.01,-0.17,-0.14,0.98,-0.34,0.31,-0.33,179,244,361,288,181,163,496,1,0,69,176,2
3882.17,6.26,2.66,3.12,-0.17,-0.14,0.98,-0.34,0.31,-0.33,180,244,361,289,182,164,496,0,0,69,176,2
3882.17,6.23,1.87,2.84,-0.18,-0.13,0.97,-0.34,0.31,-0.33,180,244,362,289,182,164,496,0,0,69,176,2
3882.18,6.53,1.36,2.57,-0.18,-0.14,0.97,-0.34,0.31,-0.33,180,243,362,288,182,163,496,0,0,68,176,2
3882.18,6.42,1.38,2.47,-0.17,-0.14,0.97,-0.34,0.30,-0.33,181,244,362,289,182,163,497,0,0,69,176,2
3882.19,6.10,1.37,2.34,-0.16,-0.13,0.98,-0.34,0.30,-0.33,181,243,361,289,183,163,497,0,0,69,176,2
3882.19,5.85,1.63,2.58,-0.16,-0.14,0.98,-0.34,0.30,-0.33,181,244,362,288,181,163,497,0,0,70,176,2
3882.20,5.63,1.45,2.65,-0.16,-0.14,0.98,-0.34,0.30,-0.33,182,244,362,288,181,163,498,0,0,69,176,2
3882.20,5.78,0.83,2.77,-0.15,-0.15,0.99,-0.34,0.30,-0.33,181,244,361,289,181,163,498,0,0,69,176,2
3882.21,5.50,0.48,2.80,-0.15,-0.15,0.98,-0.34,0.30,-0.33,182,244,361,289,181,163,498,0,0,69,176,2
3882.21,5.01,0.10,2.86,-0.15,-0.15,0.99,-0.34,0.30,-0.33,181,244,362,289,181,163,498,0,0,70,176,2
3882.22,4.18,-0.06,2.83,-0.16,-0.15,0.99,-0.34,0.30,-0.33,182,244,362,289,180,163,498,0,0,69,176,2
3882.22,3.52,-0.37,2.62,-0.16,-0.15,0.98,-0.34,0.31,-0.33,182,244,362,289,180,163,498,0,0,69,176,2
3882.23,3.27,-0.09,2.46,-0.16,-0.15,0.99,-0.34,0.31,-0.33,181,243,362,289,180,163,498,0,0,69,175,2
3882.23,3.13,-0.15,2.05,-0.16,-0.16,0.98,-0.34,0.31,-0.33,182,244,361,289,181,163,499,0,0,69,175,2
3882.24,2.70,-0.87,1.61,-0.16,-0.16,0.98,-0.34,0.31,-0.33,181,244,362,289,181,165,498,0,0,70,175,2
3882.24,2.43,-0.91,1.44,-0.16,-0.15,0.97,-0.34,0.31,-0.33,181,243,362,289,179,164,499,0,0,69,176,2
3882.25,2.56,-1.27,1.07,-0.16,-0.16,0.96,-0.33,0.30,-0.32,180,243,362,289,181,164,499,1,0,69,176,2
3882.25,3.43,-1.47,0.51,-0.17,-0.15,0.96,-0.33,0.30,-0.32,180,243,362,289,181,163,499,0,0,70,176,2
3882.26,3.53,-1.58,-0.07,-0.16,-0.16,0.95,-0.33,0.30,-0.33,179,244,362,289,180,164,499,0,0,69,176,2
3882.26,4.50,-2.41,-0.60,-0.16,-0.16,0.95,-0.33,0.30,-0.33,179,244,362,289,180,164,499,0,0,69,176,2
3882.27,5.01,-2.56,-1.13,-0.16,-0.16,0.94,-0.33,0.30,-0.33,178,244,362,289,179,163,499,0,0,70,176,2
3882.27,5.60,-3.02,-1.75,-0.16,-0.18,0.92,-0.33,0.30,-0.32,177,243,363,289,172,163,498,0,0,70,175,2
3882.28,6.50,-3.22,-2.56,-0.15,-0.14,0.94,-0.33,0.30,-0.32,177,243,362,289,173,163,499,0,0,70,176,2
3882.28,7.33,-3.33,-2.97,-0.15,-0.17,0.94,-0.34,0.30,-0.33,177,244,363,289,173,164,499,0,0,70,176,2
3882.29,6.05,-2.46,-3.77,-0.16,-0.15,0.94,-0.34,0.30,-0.33,177,244,362,289,172,163,500,0,0,69,175,2
3882.29,7.17,-2.92,-4.35,-0.15,-0.16,0.94,-0.34,0.30,-0.33,176,243,362,289,173,164,499,0,0,70,176,2
3882.30,6.98,-2.90,-4.82,-0.16,-0.15,0.93,-0.33,0.30,-0.33,176,244,362,289,173,164,500,0,0,69,175,2
3882.30,8.09,-3.83,-5.92,-0.17,-0.15,0.93,-0.33,0.30,-0.33,176,243,362,289,174,164,499,0,0,70,176,2
3882.31,9.49,-4.69,-5.99,-0.18,-0.15,0.92,-0.33,0.30,-0.33,176,244,363,289,172,164,499,0,0,70,176,2
3882.31,10.24,-4.73,-6.64,-0.18,-0.15,0.92,-0.34,0.30,-0.33,175,244,363,289,172,164,499,0,0,70,176,2
3882.32,11.37,-5.18,-6.83,-0.17,-0.15,0.92,-0.34,0.30,-0.33,175,244,363,289,170,164,499,0,0,70,176,2
3882.32,12.11,-4.72,-7.04,-0.17,-0.15,0.92,-0.34,0.30,-0.33,174,244,364,290,166,163,499,0,0,70,176,2
3882.33,11.41,-3.36,-7.15,-0.16,-0.15,0.93,-0.34,0.30,-0.33,174,244,363,290,165,164,499,1,0,70,176,2
3882.33,10.26,-2.71,-7.00,-0.17,-0.16,0.92,-0.34,0.30,-0.33,174,244,362,291,165,163,500,0,0,70,176,2
3882.34,9.90,-2.40,-7.01,-0.17,-0.16,0.93,-0.34,0.30,-0.32,173,244,363,291,164,163,499,0,0,70,176,2
3882.34,8.97,-1.27,-6.36,-0.17,-0.16,0.93,-0.34,0.30,-0.32,173,243,363,291,157,163,499,0,0,70,175,2
3882.35,8.37,-0.72,-5.43,-0.17,-0.16,0.94,-0.34,0.30,-0.32,174,244,363,291,156,163,499,0,0,70,176,2
3882.35,7.50,-0.61,-4.50,-0.17,-0.16,0.95,-0.34,0.30,-0.32,174,243,363,292,157,163,499,0,0,70,177,2
3882.36,6.37,0.03,-3.75,-0.17,-0.16,0.95,-0.34,0.30,-0.32,174,244,363,291,157,163,498,0,0,71,176,2
3882.36,4.59,0.35,-2.96,-0.17,-0.16,0.95,-0.34,0.30,-0.32,175,243,363,291,157,163,499,0,0,70,176,2
3882.37,2.69,0.44,-0.06,-0.17,-0.14,0.96,-0.34,0.30,-0.32,176,244,364,292,159,163,500,0,0,71,175,2
3882.37,1.25,0.61,-1.43,-0.17,-0.15,0.96,-0.34,0.30,-0.32,175,244,364,292,159,163,499,0,0,71,176,2
3882.38,-0.08,0.36,-0.63,-0.17,-0.15,0.96,-0.34,0.30,-0.32,175,243,363,292,158,163,499,0,0,70,176,2
3882.38,-1.02,0.23,0.25,-0.17,-0.14,0.95,-0.34,0.30,-0.32,176,243,363,292,158,162,499,0,0,71,176,2
3882.39,-2.14,0.26,0.72,-0.17,-0.13,0.95,-0.34,0.30,-0.33,176,243,364,292,157,163,499,0,0,70,175,2
3882.39,-2.80,0.67,1.54,-0.17,-0.13,0.95,-0.34,0.30,-0.33,176,243,364,293,158,163,500,0,0,71,176,2
3882.40,-3.12,1.08,2.41,-0.16,-0.12,0.95,-0.34,0.30,-0.33,176,244,364,294,158,163,500,0,0,70,176,2
3882.40,-3.39,1.36,2.83,-0.16,-0.12,0.95,-0.34,0.30,-0.32,176,244,364,293,158,163,500,0,0,69,176,2
3882.41,-3.18,2.00,3.31,-0.17,-0.11,0.95,-0.34,0.30,-0.32,175,243,364,292,159,163,499,0,0,71,176,2
3882.41,-2.93,2.30,3.32,-0.17,-0.11,0.95,-0.34,0.30,-0.32,175,244,364,293,158,163,500,0,0,71,176,2
3882.42,-1.35,2.36,3.67,-0.17,-0.11,0.94,-0.34,0.30,-0.32,175,243,364,292,158,163,500,0,0,71,176,2
3882.42,0.02,2.14,3.98,-0.17,-0.12,0.94,-0.34,0.30,-0.32,175,243,364,292,158,163,500,0,0,71,176,2
3882.43,1.27,2.22,3.89,-0.18,-0.12,0.94,-0.34,0.30,-0.33,175,244,364,293,158,163,500,1,0,71,176,2
3882.43,2.29,2.22,3.94,-0.17,-0.13,0.94,-0.34,0.30,-0.33,175,243,364,292,157,163,499,0,0,71,176,2
3882.44,2.98,2.10,3.49,-0.17,-0.13,0.95,-0.34,0.30,-0.33,175,243,364,293,156,163,500,0,0,71,176,2
3882.44,3.62,2.39,3.12,-0.17,-0.14,0.94,-0.34,0.30,-0.33,176,243,364,293,156,163,500,0,0,72,176,2
3882.45,4.74,2.48,2.81,-0.17,-0.13,0.95,-0.34,0.30,-0.33,176,244,364,293,157,163,499,0,0,71,176,2
3882.45,5.47,1.62,2.59,-0.16,-0.13,0.94,-0.34,0.30,-0.33,177,243,363,294,157,163,500,0,0,72,176,2
3882.46,6.20,1.63,2.30,-0.17,-0.13,0.95,-0.34,0.30,-0.33,177,244,363,295,157,163,500,0,0,72,176,2
3882.46,6.92,1.37,2.00,-0.17,-0.13,0.95,-0.34,0.30,-0.33,176,243,364,294,157,163,499,0,0,71,175,2
3882.47,7.66,1.51,1.89,-0.17,-0.13,0.95,-0.34,0.30,-0.33,176,244,364,295,156,162,499,0,0,72,176,2
3882.47,8.32,1.83,1.70,-0.17,-0.13,0.95,-0.34,0.30,-0.33,177,244,365,294,157,164,499,0,0,71,175,2
3882.48,8.64,1.94,1.47,-0.17,-0.13,0.94,-0.34,0.30,-0.34,177,244,365,294,157,162,500,0,0,72,176,2
3882.48,9.49,1.25,1.22,-0.17,-0.14,0.95,-0.34,0.30,-0.34,177,243,364,295,157,163,500,0,0,71,177,2
3882.49,10.01,1.19,0.88,-0.16,-0.14,0.95,-0.34,0.30,-0.33,176,243,365,295,156,163,500,0,0,71,177,2
3882.49,10.30,1.29,0.91,-0.16,-0.15,0.95,-0.34,0.30,-0.33,176,244,365,295,157,163,500,0,0,71,177,2
3882.50,10.44,0.88,0.79,-0.16,-0.15,0.96,-0.34,0.30,-0.33,177,243,366,294,157,163,500,0,0,71,177,2
3882.50,9.60,0.89,0.66,-0.16,-0.16,0.95,-0.33,0.30,-0.33,176,244,365,293,156,163,500,1,0,71,177,2
3882.51,9.01,0.53,0.72,-0.16,-0.16,0.95,-0.33,0.30,-0.33,176,243,365,292,158,163,499,0,0,71,176,2
3882.51,8.37,0.26,0.83,-0.16,-0.16,0.94,-0.33,0.30,-0.33,175,243,364,292,159,163,499,0,0,71,177,2
3882.52,7.85,0.24,0.70,-0.15,-0.16,0.94,-0.33,0.30,-0.33,175,243,365,292,160,163,501,0,0,70,176,2
3882.52,7.44,-0.31,0.44,-0.16,-0.16,0.94,-0.33,0.30,-0.33,175,243,364,291,159,163,500,0,0,71,177,2
3882.53,6.96,-0.54,0.27,-0.16,-0.16,0.94,-0.34,0.30,-0.33,175,243,365,290,160,163,500,0,0,71,177,2
3882.53,6.87,-0.49,-0.13,-0.16,-0.16,0.94,-0.34,0.30,-0.33,175,243,364,290,161,163,500,0,0,72,176,2
3882.54,7.18,-0.66,-0.50,-0.16,-0.15,0.93,-0.34,0.30,-0.33,176,243,364,288,161,163,499,0,0,72,176,2
3882.54,7.81,-0.88,-0.60,-0.16,-0.15,0.93,-0.33,0.30,-0.33,178,243,364,290,161,164,500,0,0,71,177,2
3882.55,9.13,-1.31,-1.06,-0.17,-0.15,0.92,-0.33,0.30,-0.33,177,243,364,289,162,163,500,1,0,73,176,2
3882.55,10.26,-1.36,-1.47,-0.17,-0.15,0.92,-0.34,0.30,-0.33,178,243,364,287,163,164,500,0,0,72,176,2
3882.56,11.76,-0.89,-2.20,-0.17,-0.15,0.93,-0.34,0.30,-0.33,179,243,363,289,163,163,501,0,0,72,176,2
3882.56,12.67,-0.74,-2.51,-0.18,-0.15,0.92,-0.34,0.30,-0.33,180,243,363,287,164,163,500,0,0,72,177,2
3882.57,13.40,-0.06,-2.75,-0.18,-0.15,0.93,-0.34,0.30,-0.33,179,243,364,286,165,163,500,0,0,72,176,2
3882.57,14.60,0.60,-3.28,-0.18,-0.16,0.93,-0.34,0.30,-0.33,179,244,364,286,165,163,500,0,0,73,176,2
3882.58,15.13,1.29,-3.35,-0.18,-0.16,0.93,-0.34,0.30,-0.33,179,243,364,286,164,163,500,0,0,72,177,2
3882.58,15.82,1.77,-3.61,-0.18,-0.17,0.94,-0.34,0.30,-0.33,179,244,363,286,165,164,500,1,0,73,177,2
3882.59,16.14,2.20,-3.88,-0.17,-0.17,0.94,-0.34,0.30,-0.33,179,243,364,286,164,163,500,0,0,72,176,2
3882.59,16.60,2.33,-3.69,-0.17,-0.17,0.95,-0.34,0.30,-0.33,179,244,363,286,165,164,501,0,0,72,177,2
3882.60,17.22,2.20,-3.45,-0.17,-0.17,0.95,-0.34,0.30,-0.33,180,243,362,286,165,164,500,0,0,72,176,2
3882.60,17.38,2.15,-3.48,-0.17,-0.18,0.95,-0.34,0.30,-0.33,180,244,363,286,165,163,500,0,0,73,176,2
3882.61,16.79,2.18,-3.09,-0.16,-0.18,0.96,-0.34,0.30,-0.33,180,244,362,287,165,164,500,0,0,73,176,2
3882.61,16.21,2.39,-2.69,-0.16,-0.18,0.96,-0.34,0.30,-0.33,180,244,362,286,165,163,500,0,0,73,176,2
3882.62,15.25,2.77,-2.48,-0.16,-0.18,0.97,-0.34,0.31,-0.33,179,244,362,287,164,164,501,0,0,73,177,2
3882.62,14.28,3.14,-2.15,-0.16,-0.19,0.98,-0.34,0.31,-0.33,179,243,362,288,165,163,501,0,0,72,176,2
3882.63,13.14,3.08,-1.77,-0.16,-0.19,0.98,-0.34,0.31,-0.33,180,243,362,288,166,164,501,0,0,72,176,2
3882.63,12.10,2.45,-1.15,-0.16,-0.19,0.99,-0.34,0.30,-0.33,180,244,362,288,166,164,501,0,0,72,176,2
3882.64,10.68,2.20,-0.71,-0.16,-0.19,0.98,-0.34,0.30,-0.33,180,244,362,289,166,164,500,0,0,72,176,2
3882.64,9.71,2.16,-0.37,-0.16,-0.19,0.99,-0.34,0.30,-0.34,180,243,362,289,166,164,501,0,0,72,177,2
3882.65,8.30,1.68,0.19,-0.16,-0.19,0.99,-0.34,0.30,-0.34,179,244,363,290,167,164,500,0,1,72,176,2
3882.65,6.89,1.64,0.35,-0.16,-0.19,0.99,-0.34,0.30,-0.34,179,243,362,289,167,164,501,0,0,72,176,2
3882.66,5.99,1.37,0.74,-0.15,-0.19,0.99,-0.34,0.30,-0.33,179,244,362,288,168,164,501,0,0,72,177,2
3882.66,4.81,0.72,0.98,-0.15,-0.18,0.98,-0.34,0.30,-0.33,179,244,362,288,167,164,501,0,0,72,177,2
3882.67,3.67,0.83,1.15,-0.15,-0.18,0.98,-0.34,0.30,-0.33,180,243,362,288,168,164,501,0,0,71,177,2
3882.67,2.65,0.49,0.88,-0.16,-0.18,0.97,-0.34,0.30,-0.33,180,243,363,288,170,164,501,0,0,70,178,2
3882.68,2.61,0.03,0.69,-0.17,-0.17,0.96,-0.34,0.30,-0.33,179,243,362,287,169,164,501,0,0,71,177,2
3882.68,2.79,-0.40,0.52,-0.17,-0.16,0.95,-0.33,0.30,-0.33,179,243,362,288,176,164,500,1,0,70,176,2
3882.69,4.00,-0.81,0.33,-0.17,-0.17,0.94,-0.33,0.30,-0.33,179,244,363,287,176,164,501,0,0,69,176,2
3882.69,4.67,-0.78,0.11,-0.17,-0.17,0.95,-0.33,0.30,-0.33,180,244,363,288,177,164,501,0,0,70,177,2
3882.70,4.87,-0.92,-0.15,-0.17,-0.17,0.95,-0.33,0.30,-0.33,180,244,362,287,172,163,500,0,0,71,176,2
3882.70,5.64,-0.44,-0.81,-0.17,-0.17,0.95,-0.33,0.30,-0.33,180,244,363,288,172,164,500,0,0,71,176,2
3882.71,6.02,-0.14,-1.06,-0.17,-0.16,0.95,-0.34,0.30,-0.33,180,244,363,287,172,164,501,0,0,71,176,2
3882.71,6.82,-0.17,-1.17,-0.17,-0.16,0.96,-0.34,0.30,-0.33,179,244,363,288,172,163,501,0,0,71,176,2
3882.72,7.15,-0.11,-0.99,-0.17,-0.16,0.96,-0.34,0.30,-0.33,180,244,362,287,172,164,501,0,0,71,177,2
3882.72,7.29,-0.15,-0.94,-0.16,-0.17,0.97,-0.34,0.30,-0.33,179,244,363,287,172,164,501,0,0,72,176,2
3882.73,7.83,-0.13,-0.64,-0.17,-0.17,0.96,-0.34,0.30,-0.33,180,244,363,286,173,164,500,1,0,72,176,2
3882.73,7.18,-0.41,-0.43,-0.16,-0.17,0.97,-0.34,0.30,-0.33,180,244,363,287,176,164,501,0,0,72,176,2
3882.74,7.03,0.03,-0.16,-0.16,-0.18,0.97,-0.34,0.30,-0.33,179,244,363,286,179,163,501,0,0,72,176,2
3882.74,6.50,-0.13,-0.04,-0.16,-0.18,0.97,-0.34,0.30,-0.33,179,244,363,286,177,165,501,0,0,72,176,2
3882.75,5.79,0.12,-0.06,-0.16,-0.17,0.97,-0.34,0.30,-0.34,180,243,363,285,178,164,500,0,0,73,176,2
3882.75,5.42,-0.05,0.26,-0.16,-0.18,0.96,-0.34,0.30,-0.34,179,243,363,285,177,164,501,0,0,73,176,2
3882.76,5.29,-0.46,0.17,-0.16,-0.18,0.96,-0.34,0.30,-0.33,179,244,363,286,179,163,501,0,0,73,176,2
3882.76,5.02,-0.81,0.31,-0.16,-0.18,0.95,-0.34,0.30,-0.33,180,244,363,285,181,164,501,0,0,72,176,2
3882.77,5.01,-1.09,0.16,-0.16,-0.19,0.95,-0.34,0.30,-0.33,180,244,363,285,180,164,501,0,0,72,176,2
3882.77,5.12,-1.76,0.35,-0.15,-0.18,0.95,-0.34,0.31,-0.33,179,244,363,285,180,164,501,0,0,73,176,2
3882.78,4.14,-1.16,0.36,-0.15,-0.17,0.95,-0.34,0.31,-0.33,180,243,362,285,180,164,501,0,0,72,176,2
3882.78,4.31,-1.20,0.32,-0.16,-0.18,0.95,-0.34,0.30,-0.33,181,244,362,286,180,164,501,0,0,72,176,2
3882.79,4.12,-1.55,0.46,-0.16,-0.17,0.94,-0.34,0.30,-0.33,179,244,362,286,180,164,502,0,0,72,177,2
3882.79,4.45,-1.88,0.52,-0.16,-0.17,0.94,-0.34,0.30,-0.33,179,244,363,285,178,164,501,0,0,73,176,2
3882.80,4.55,-4.48,0.57,-0.16,-0.17,0.94,-0.34,0.31,-0.33,179,243,363,286,179,164,501,0,0,73,176,2
3882.80,4.97,-2.38,0.74,-0.17,-0.18,0.94,-0.34,0.31,-0.33,178,244,362,285,179,164,501,0,0,72,175,2
3882.81,4.71,-2.63,0.84,-0.17,-0.18,0.94,-0.34,0.31,-0.33,179,244,362,285,179,164,501,0,0,73,176,2
3882.81,4.48,-2.02,0.49,-0.17,-0.17,0.93,-0.34,0.30,-0.33,180,244,362,284,179,163,501,0,0,72,176,2
3882.82,4.46,-2.12,0.48,-0.17,-0.18,0.93,-0.34,0.30,-0.33,180,244,362,285,179,163,501,0,0,72,177,2
3882.82,4.18,-1.35,0.37,-0.17,-0.17,0.93,-0.34,0.30,-0.34,179,244,362,285,179,163,500,0,0,72,176,2
3882.83,3.69,-0.98,0.36,-0.17,-0.17,0.93,-0.34,0.30,-0.34,179,244,362,285,179,163,501,0,0,72,176,2
3882.83,3.52,-0.29,-0.06,-0.17,-0.17,0.93,-0.34,0.30,-0.34,179,243,362,285,179,164,501,0,0,72,175,2
3882.84,3.84,-0.21,0.16,-0.16,-0.17,0.93,-0.33,0.30,-0.33,179,244,362,284,179,163,500,0,0,71,176,2
3882.84,3.89,-0.10,-0.08,-0.16,-0.17,0.93,-0.33,0.30,-0.33,178,243,362,285,179,163,500,0,0,71,176,2
3882.85,4.04,-0.14,-0.12,-0.16,-0.17,0.93,-0.34,0.31,-0.33,179,244,362,285,180,164,500,0,0,72,176,2
3882.85,4.47,-0.02,2.20,-0.16,-0.18,0.94,-0.34,0.31,-0.33,178,244,362,286,178,163,501,0,0,72,176,2
3882.86,4.24,-0.05,-0.11,-0.16,-0.18,0.94,-0.34,0.31,-0.33,178,244,361,285,176,164,501,1,0,71,176,2
3882.86,4.09,-0.34,-0.02,-0.17,-0.18,0.94,-0.34,0.30,-0.33,178,244,361,285,177,163,501,0,0,71,176,2
3882.87,3.67,-0.39,-0.05,-0.17,-0.18,0.94,-0.34,0.30,-0.33,178,243,361,285,181,163,501,0,0,71,176,2
3882.88,3.64,-0.53,-0.04,-0.17,-0.18,0.94,-0.34,0.30,-0.33,178,244,362,285,179,163,501,0,0,71,175,2
3882.88,3.45,-1.17,0.00,-0.16,-0.18,0.92,-0.34,0.30,-0.33,177,244,362,286,178,163,501,0,0,71,176,2
3882.88,3.36,-1.21,-0.19,-0.16,-0.18,0.93,-0.34,0.30,-0.33,178,244,362,285,178,163,501,0,0,71,176,2
3882.89,2.90,-1.20,-0.39,-0.16,-0.18,0.93,-0.34,0.31,-0.33,178,244,362,286,177,164,501,0,0,72,176,2
3882.89,2.31,-0.90,0.04,-0.16,-0.18,0.93,-0.34,0.31,-0.33,178,244,362,285,173,163,501,0,0,71,175,2
3882.90,2.48,-0.70,0.31,-0.16,-0.17,0.93,-0.34,0.31,-0.33,178,244,362,285,172,163,501,0,0,71,175,2
3882.91,2.77,-0.23,0.45,-0.16,-0.17,0.93,-0.33,0.30,-0.33,179,244,363,286,172,163,502,0,0,72,175,2
3882.91,3.22,0.12,0.78,-0.16,-0.17,0.93,-0.33,0.30,-0.33,178,243,362,285,171,163,502,1,0,71,176,2
3882.92,3.46,0.14,0.63,-0.16,-0.17,0.93,-0.34,0.30,-0.33,179,244,363,286,172,164,502,0,0,72,176,2
3882.92,3.74,0.67,0.74,-0.16,-0.17,0.94,-0.34,0.30,-0.33,179,243,362,285,172,164,502,0,0,71,176,2
3882.92,4.26,0.59,0.84,-0.16,-0.17,0.94,-0.34,0.30,-0.33,179,244,363,286,172,164,502,0,0,71,176,2
3882.93,4.66,0.71,0.71,-0.16,-0.18,0.94,-0.34,0.31,-0.34,179,244,363,286,172,164,503,0,0,72,175,2
3882.93,4.48,0.43,0.79,-0.16,-0.18,0.94,-0.34,0.31,-0.34,179,243,362,286,172,163,502,0,0,71,175,2
3882.94,4.48,0.19,0.72,-0.16,-0.18,0.95,-0.34,0.30,-0.33,178,244,362,285,178,164,503,0,0,72,176,2
3882.95,3.61,0.45,0.64,-0.16,-0.18,0.95,-0.34,0.30,-0.33,179,243,363,286,179,164,503,0,0,72,176,2
3882.95,3.11,0.37,0.76,-0.16,-0.18,0.96,-0.34,0.30,-0.33,179,244,363,285,179,164,503,0,0,72,176,2
3882.96,2.58,0.47,0.95,-0.17,-0.18,0.95,-0.34,0.31,-0.33,179,244,362,286,180,164,503,0,0,72,176,2
3882.96,1.57,0.36,0.95,-0.17,-0.18,0.95,-0.34,0.31,-0.33,179,243,363,286,180,164,503,0,0,72,176,2
3882.97,1.17,0.40,1.29,-0.17,-0.18,0.93,-0.34,0.30,-0.33,179,243,364,286,181,165,503,0,0,71,175,2
3882.97,1.45,0.30,1.10,-0.18,-0.17,0.93,-0.34,0.30,-0.33,179,244,363,286,180,165,503,0,0,71,176,2
3882.98,1.45,0.43,1.28,-0.17,-0.16,0.94,-0.34,0.30,-0.33,180,244,363,286,181,164,504,0,0,72,176,2
3882.98,1.52,0.75,1.14,-0.17,-0.16,0.93,-0.34,0.30,-0.34,180,244,363,286,181,164,504,0,0,72,175,2
3882.99,1.89,1.43,0.98,-0.17,-0.16,0.94,-0.34,0.30,-0.34,179,244,363,286,183,164,504,1,0,72,175,2
3882.99,2.90,1.44,0.81,-0.17,-0.16,0.95,-0.34,0.30,-0.34,180,244,363,285,182,164,504,0,0,72,177,2
3883.00,3.24,1.58,0.72,-0.17,-0.16,0.94,-0.33,0.31,-0.33,179,243,363,286,184,165,504,0,0,71,175,2
3883.00,4.20,1.78,0.88,-0.16,-0.16,0.94,-0.33,0.31,-0.33,179,244,363,285,184,164,504,0,0,73,175,2
3883.00,4.94,1.24,0.82,-0.16,-0.17,0.95,-0.34,0.30,-0.33,179,244,363,286,185,165,504,0,0,72,176,2
3883.01,5.22,0.81,1.14,-0.16,-0.17,0.96,-0.34,0.30,-0.33,179,244,363,286,185,164,504,0,0,73,175,2
3883.01,5.06,0.86,1.31,-0.16,-0.18,0.96,-0.34,0.30,-0.33,179,244,363,285,188,165,504,0,0,72,175,2
3883.02,4.75,0.79,1.09,-0.16,-0.18,0.96,-0.34,0.30,-0.33,179,244,364,285,185,163,504,0,0,72,174,2
3883.02,4.46,0.67,1.24,-0.17,-0.18,0.96,-0.34,0.30,-0.33,180,244,363,285,186,165,504,1,0,72,175,2
3883.03,3.77,0.76,0.74,-0.17,-0.18,0.96,-0.34,0.30,-0.33,180,244,363,284,187,164,504,0,0,72,175,2
3883.03,3.94,0.74,0.55,-0.17,-0.17,0.95,-0.34,0.30,-0.33,179,243,363,284,187,165,503,0,0,73,176,2
3883.04,3.88,0.56,0.42,-0.18,-0.17,0.95,-0.34,0.30,-0.33,180,244,363,284,188,164,504,1,0,73,176,2
3883.04,3.91,-0.13,0.42,-0.18,-0.17,0.95,-0.33,0.30,-0.34,180,244,364,284,189,165,504,0,0,73,176,2
3883.05,4.52,-0.67,-0.13,-0.18,-0.16,0.94,-0.33,0.30,-0.34,179,244,364,283,189,164,504,0,0,73,176,2
3883.06,4.66,-0.47,-0.24,-0.18,-0.16,0.94,-0.34,0.31,-0.33,180,244,364,283,189,165,504,0,0,73,176,2
3883.06,5.28,-0.08,-0.35,-0.18,-0.16,0.95,-0.34,0.31,-0.33,179,244,364,283,189,165,504,0,0,73,175,2
3883.06,5.55,-2.21,-0.55,-0.18,-0.16,0.94,-0.34,0.31,-0.33,180,244,364,283,190,164,505,0,0,73,176,2
3883.07,6.39,-0.17,-0.54,-0.18,-0.16,0.94,-0.34,0.30,-0.33,180,244,364,283,192,165,504,0,0,73,176,2
3883.07,7.04,-0.48,-0.43,-0.18,-0.17,0.94,-0.34,0.30,-0.33,180,244,364,284,192,164,504,0,0,72,176,2
3883.08,7.40,-0.82,-0.35,-0.18,-0.17,0.95,-0.34,0.30,-0.33,180,244,365,283,194,164,504,0,0,73,175,2
3883.08,7.25,-0.33,-0.14,-0.17,-0.17,0.95,-0.34,0.30,-0.33,180,244,364,283,193,165,504,1,0,74,176,2
3883.09,6.44,-0.03,0.00,-0.17,-0.18,0.96,-0.34,0.30,-0.33,179,243,363,283,193,164,504,0,0,73,175,2
3883.10,4.90,0.67,0.28,-0.16,-0.18,0.96,-0.34,0.31,-0.33,179,244,364,283,193,165,505,0,0,73,176,2
3883.10,3.52,1.07,0.41,-0.16,-0.17,0.95,-0.34,0.31,-0.33,178,245,363,283,191,165,503,0,0,73,175,2
3883.10,2.94,0.83,1.10,-0.16,-0.17,0.95,-0.34,0.31,-0.33,178,244,364,282,193,165,504,0,0,75,175,2
3883.11,2.40,0.73,1.17,-0.16,-0.16,0.95,-0.34,0.31,-0.33,176,244,364,282,195,164,505,0,0,74,175,2
3883.11,2.40,0.25,1.33,-0.16,-0.16,0.95,-0.34,0.31,-0.33,175,244,364,282,198,164,504,0,0,74,175,2
3883.12,2.88,-0.31,1.08,-0.17,-0.16,0.94,-0.34,0.31,-0.33,172,244,364,283,198,164,504,0,0,74,175,2
3883.12,3.36,-0.62,1.23,-0.17,-0.16,0.93,-0.34,0.31,-0.33,171,245,363,282,201,164,504,1,0,73,175,2
3883.13,4.16,-1.34,1.12,-0.18,-0.16,0.93,-0.34,0.31,-0.33,171,244,363,282,200,165,504,0,0,74,175,2
3883.14,4.91,-1.18,1.01,-0.18,-0.16,0.93,-0.34,0.31,-0.33,171,244,363,283,200,164,504,0,0,74,175,2
3883.14,5.70,-1.10,0.77,-0.18,-0.16,0.93,-0.34,0.31,-0.33,171,244,363,282,200,164,504,0,0,74,175,2
3883.15,6.05,-0.78,0.73,-0.18,-0.16,0.92,-0.34,0.31,-0.33,171,245,363,282,200,164,504,1,0,74,175,2
3883.15,6.07,0.14,0.52,-0.17,-0.16,0.92,-0.34,0.31,-0.33,171,244,363,282,200,164,504,0,0,74,175,2
3883.16,6.03,0.23,0.48,-0.17,-0.16,0.93,-0.34,0.31,-0.33,171,244,363,282,200,164,505,0,0,73,174,2
3883.16,5.97,0.73,0.52,-0.17,-0.16,0.93,-0.34,0.31,-0.33,171,244,363,282,200,164,505,0,0,74,176,2
3883.17,6.17,0.68,1.01,-0.17,-0.17,0.94,-0.34,0.31,-0.33,171,243,363,279,202,164,504,0,0,74,175,2
3883.17,6.46,0.84,1.29,-0.17,-0.17,0.94,-0.34,0.31,-0.33,172,244,363,279,204,164,505,0,0,74,175,2
3883.18,6.01,0.83,1.36,-0.17,-0.17,0.94,-0.34,0.31,-0.33,171,244,364,279,206,165,504,0,0,74,174,2
3883.18,5.88,0.28,1.52,-0.17,-0.17,0.94,-0.34,0.31,-0.33,170,244,363,280,205,164,505,1,0,74,174,2
3883.19,5.80,0.44,1.85,-0.16,-0.18,0.94,-0.34,0.31,-0.33,169,244,364,280,206,165,506,0,0,74,175,2
3883.19,5.46,0.45,2.01,-0.17,-0.17,0.94,-0.34,0.31,-0.33,168,244,363,279,206,164,505,0,0,74,174,2
3883.20,4.38,1.06,1.92,-0.16,-0.18,0.94,-0.34,0.31,-0.33,167,244,363,279,206,164,504,0,0,74,175,2
3883.20,3.97,1.34,2.11,-0.16,-0.18,0.94,-0.34,0.31,-0.33,166,244,363,280,207,164,505,0,0,75,174,2
3883.21,3.40,1.70,2.30,-0.16,-0.18,0.94,-0.34,0.31,-0.33,167,244,363,280,206,164,504,0,0,74,175,2
3883.21,3.10,1.59,2.15,-0.17,-0.18,0.93,-0.34,0.30,-0.33,167,244,363,279,206,164,505,1,0,74,174,2
3883.22,3.80,1.23,2.41,-0.17,-0.18,0.93,-0.34,0.30,-0.33,166,244,363,279,207,164,504,0,0,75,174,2
3883.22,4.12,1.01,2.20,-0.17,-0.17,0.93,-0.34,0.30,-0.33,166,244,362,279,207,164,505,0,0,74,175,2
3883.23,4.81,0.78,2.07,-0.17,-0.17,0.92,-0.34,0.30,-0.32,165,244,363,279,207,164,506,0,0,74,174,2
3883.23,5.04,0.98,1.92,-0.17,-0.18,0.93,-0.34,0.30,-0.32,166,245,363,279,209,164,505,0,0,74,174,2
3883.24,5.11,1.64,1.83,-0.16,-0.18,0.93,-0.34,0.31,-0.32,167,244,363,279,209,164,505,0,0,74,174,2
3883.24,5.31,1.51,1.86,-0.17,-0.18,0.92,-0.34,0.31,-0.32,166,244,362,278,209,164,505,0,0,74,174,2
3883.25,5.52,1.41,1.59,-0.17,-0.18,0.93,-0.34,0.31,-0.32,166,244,363,278,209,164,506,0,0,75,174,2
3883.25,5.99,1.79,1.63,-0.16,-0.18,0.93,-0.34,0.30,-0.33,169,244,362,279,210,164,505,0,0,74,174,2
3883.26,5.89,1.47,1.50,-0.16,-0.18,0.93,-0.34,0.30,-0.33,169,244,363,279,208,164,505,0,0,74,174,2
3883.26,5.75,1.71,1.70,-0.17,-0.18,0.93,-0.34,0.31,-0.33,168,244,363,279,210,164,505,0,0,74,173,2
3883.27,5.14,2.42,1.75,-0.16,-0.18,0.94,-0.34,0.31,-0.33,166,244,363,279,210,163,505,0,0,74,173,2
3883.27,5.00,2.36,1.77,-0.16,-0.17,0.94,-0.34,0.31,-0.33,166,244,362,278,210,164,505,1,0,75,174,2
3883.28,5.07,2.31,1.78,-0.16,-0.17,0.93,-0.34,0.30,-0.33,166,244,363,279,209,164,506,0,0,74,174,2
3883.28,5.11,2.51,1.32,-0.16,-0.17,0.94,-0.34,0.30,-0.33,166,244,362,279,210,164,505,0,0,74,174,2
3883.29,5.23,2.75,1.29,-0.16,-0.17,0.94,-0.34,0.30,-0.33,164,244,363,279,209,164,506,1,0,74,174,2
3883.29,5.43,2.21,1.56,-0.15,-0.17,0.95,-0.34,0.31,-0.33,164,244,363,279,208,164,505,0,0,74,174,2
3883.30,5.88,1.98,1.55,-0.16,-0.18,0.95,-0.34,0.31,-0.33,164,244,362,279,206,164,505,0,0,75,174,2
3883.30,5.57,1.86,1.62,-0.16,-0.18,0.95,-0.34,0.31,-0.34,163,244,362,279,207,164,505,0,0,74,174,2
3883.31,5.64,1.44,1.44,-0.16,-0.18,0.95,-0.34,0.31,-0.34,164,244,362,278,206,164,506,0,0,74,174,2
3883.31,5.18,1.61,1.72,-0.16,-0.19,0.94,-0.34,0.31,-0.34,164,244,363,280,206,164,506,0,0,74,174,2
3883.32,4.13,1.66,1.80,-0.16,-0.19,0.95,-0.34,0.31,-0.33,164,244,363,280,206,164,506,0,0,74,174,2
3883.32,3.48,1.78,2.08,-0.16,-0.18,0.95,-0.34,0.31,-0.33,165,244,362,279,206,164,506,0,0,74,174,2
3883.33,2.79,2.00,2.38,-0.16,-0.18,0.94,-0.33,0.31,-0.33,167,244,362,279,207,164,507,0,0,74,174,2
3883.33,2.65,2.17,2.65,-0.16,-0.18,0.94,-0.33,0.31,-0.33,166,244,362,278,205,164,507,0,0,74,174,2
3883.34,2.71,1.98,2.99,-0.16,-0.18,0.93,-0.33,0.31,-0.33,167,244,362,279,205,164,506,0,0,74,174,2
3883.34,2.46,2.31,2.93,-0.15,-0.18,0.94,-0.33,0.30,-0.33,166,244,363,279,205,164,506,0,0,74,174,2
3883.35,2.56,2.07,3.02,-0.15,-0.17,0.93,-0.33,0.30,-0.33,165,245,363,279,205,164,506,0,0,74,174,2
3883.35,3.26,2.37,3.31,-0.16,-0.17,0.93,-0.33,0.31,-0.33,165,244,362,279,205,164,507,0,0,74,173,2
3883.36,3.72,2.59,3.08,-0.16,-0.17,0.94,-0.33,0.31,-0.33,165,244,362,279,204,164,507,0,0,74,173,2
3883.36,4.41,3.14,3.11,-0.16,-0.17,0.93,-0.33,0.31,-0.33,165,244,363,279,205,164,508,0,0,75,174,2
3883.37,4.93,3.12,2.94,-0.16,-0.17,0.94,-0.33,0.31,-0.34,165,245,363,278,204,164,507,0,0,74,174,2
3883.37,5.63,3.44,2.82,-0.16,-0.17,0.93,-0.33,0.31,-0.34,166,244,363,279,203,164,507,0,0,74,173,2
3883.38,6.26,3.35,2.79,-0.16,-0.17,0.94,-0.34,0.31,-0.33,166,244,362,279,203,164,507,1,0,74,174,2
3883.38,6.38,3.22,2.62,-0.16,-0.17,0.94,-0.34,0.31,-0.33,166,244,363,280,203,164,507,0,0,74,173,2
3883.39,6.50,3.82,2.69,-0.15,-0.17,0.95,-0.34,0.31,-0.33,167,244,362,279,203,163,507,0,0,75,173,2
3883.39,6.77,3.97,2.77,-0.16,-0.17,0.97,-0.33,0.31,-0.33,167,244,363,280,202,164,507,0,0,75,173,2
3883.40,6.82,4.06,2.70,-0.16,-0.18,0.96,-0.33,0.31,-0.33,167,244,363,279,203,164,507,0,0,75,173,2
3883.40,6.70,4.21,2.89,-0.16,-0.17,0.96,-0.33,0.31,-0.33,166,244,362,280,203,164,507,0,0,75,173,2
3883.41,7.33,4.11,2.64,-0.15,-0.18,0.97,-0.33,0.31,-0.33,167,244,363,280,204,164,507,0,0,76,173,2
3883.41,7.19,3.99,2.74,-0.17,-0.18,0.97,-0.33,0.31,-0.33,167,245,362,280,203,164,507,0,0,75,173,2
3883.42,7.52,3.60,2.69,-0.15,-0.18,0.97,-0.33,0.31,-0.33,167,244,363,280,203,164,507,0,0,75,173,2
3883.42,7.57,2.88,2.95,-0.15,-0.19,0.98,-0.33,0.31,-0.33,166,244,363,280,203,164,506,0,0,75,173,2
3883.43,7.61,2.35,3.14,-0.15,-0.19,0.98,-0.33,0.31,-0.33,167,244,363,280,204,164,507,0,0,75,173,2
3883.43,7.18,2.35,3.16,-0.15,-0.20,0.97,-0.33,0.31,-0.33,167,244,362,280,203,164,508,0,0,75,172,2
3883.44,6.34,2.21,3.41,-0.14,-0.20,0.98,-0.33,0.31,-0.33,167,244,362,279,203,164,507,0,0,75,173,2
3883.44,5.82,2.21,3.78,-0.14,-0.20,0.98,-0.33,0.31,-0.33,167,244,363,279,203,164,508,0,0,75,173,2
3883.45,4.02,1.92,3.81,-0.15,-0.20,0.97,-0.33,0.31,-0.33,168,245,362,279,202,165,507,0,0,75,172,2
3883.45,3.70,1.37,3.98,-0.14,-0.20,0.98,-0.33,0.31,-0.33,167,244,362,279,201,164,507,0,0,75,173,2
3883.46,2.99,0.93,4.09,-0.15,-0.20,0.97,-0.33,0.31,-0.33,168,244,363,279,202,164,507,0,0,75,173,2
3883.46,2.69,0.73,4.03,-0.15,-0.19,0.97,-0.33,0.31,-0.33,166,244,362,280,201,164,508,0,0,75,173,2
3883.47,1.95,0.69,3.81,-0.15,-0.19,0.97,-0.33,0.31,-0.33,169,244,362,280,201,164,508,0,0,75,172,2
3883.47,2.00,0.84,3.56,-0.15,-0.19,0.97,-0.33,0.31,-0.33,168,244,363,280,201,164,508,0,0,75,173,2
3883.48,2.39,0.86,3.65,-0.15,-0.19,0.96,-0.33,0.31,-0.33,169,244,363,278,200,165,508,0,0,75,172,2
3883.48,2.48,0.45,3.13,-0.15,-0.18,0.97,-0.33,0.31,-0.33,168,244,362,279,200,164,508,0,0,75,172,2
3883.49,3.44,-0.00,3.03,-0.15,-0.19,0.98,-0.33,0.31,-0.33,168,244,363,278,200,164,508,1,0,76,173,2
3883.49,3.59,-0.08,2.71,-0.16,-0.19,0.97,-0.33,0.31,-0.33,168,244,362,279,200,164,508,0,0,75,173,2
3883.50,4.02,-0.80,2.55,-0.16,-0.19,0.97,-0.34,0.31,-0.33,169,244,363,279,200,164,508,0,0,75,172,2
3883.50,4.22,-0.85,2.41,-0.17,-0.19,0.96,-0.34,0.31,-0.33,168,244,363,280,200,164,508,0,0,75,172,2
3883.51,4.74,-1.09,2.42,-0.16,-0.20,0.97,-0.34,0.31,-0.33,167,244,363,279,201,164,508,0,0,76,173,2
3883.51,4.59,-0.22,2.45,-0.15,-0.20,0.97,-0.34,0.31,-0.33,168,244,362,279,199,164,508,0,0,76,172,2
3883.52,3.46,0.44,2.39,-0.15,-0.20,0.97,-0.34,0.31,-0.33,168,244,363,279,200,164,508,0,0,76,172,2
3883.52,2.55,0.46,2.34,-0.14,-0.20,0.97,-0.33,0.31,-0.33,168,244,363,279,200,163,507,0,0,76,172,2
3883.53,2.00,0.11,2.67,-0.14,-0.19,0.95,-0.33,0.31,-0.33,168,244,363,279,199,164,509,0,0,76,172,2
3883.53,2.13,-0.62,2.51,-0.15,-0.19,0.95,-0.33,0.31,-0.32,168,244,363,278,200,164,508,0,0,76,172,2
3883.54,2.92,-0.43,2.35,-0.15,-0.19,0.95,-0.33,0.31,-0.32,168,244,363,279,200,164,508,0,0,76,172,2
3883.54,3.79,-1.32,2.53,-0.15,-0.19,0.94,-0.33,0.31,-0.32,168,244,363,279,199,164,508,0,0,76,173,2
3883.55,4.90,-1.91,2.56,-0.15,-0.19,0.94,-0.33,0.31,-0.32,168,244,363,278,200,164,509,0,0,76,173,2
3883.55,5.49,-1.15,2.28,-0.16,-0.18,0.94,-0.33,0.31,-0.32,168,244,362,279,199,164,508,0,0,76,172,2
3883.56,6.93,-0.67,2.02,-0.16,-0.19,0.93,-0.34,0.31,-0.32,168,244,362,279,199,164,509,0,0,76,172,2
3883.56,7.35,-0.25,1.64,-0.16,-0.20,0.94,-0.34,0.31,-0.32,167,244,363,279,199,164,508,1,0,76,172,2
3883.57,7.76,-0.43,1.45,-0.16,-0.20,0.94,-0.34,0.31,-0.32,168,244,363,278,200,164,508,0,0,76,173,2
3883.57,8.17,-0.73,1.44,-0.16,-0.20,0.92,-0.34,0.31,-0.32,168,244,363,278,201,164,509,0,0,75,172,2
3883.58,7.96,-0.64,1.09,-0.16,-0.21,0.93,-0.34,0.31,-0.32,168,244,363,278,201,164,509,0,0,74,172,2
3883.58,8.28,-0.88,0.85,-0.15,-0.20,0.93,-0.34,0.31,-0.32,167,244,363,278,202,164,509,0,0,75,173,2
3883.59,8.10,-1.10,0.69,-0.16,-0.20,0.94,-0.33,0.31,-0.33,167,244,363,279,203,164,508,0,0,75,174,2
3883.59,7.81,-0.76,0.95,-0.15,-0.20,0.94,-0.33,0.31,-0.33,167,244,362,279,204,164,508,0,0,75,172,2
3883.60,7.32,0.14,0.76,-0.15,-0.20,0.94,-0.33,0.31,-0.33,166,245,362,279,205,164,509,1,0,75,173,2
3883.60,7.00,0.68,0.67,-0.15,-0.20,0.94,-0.33,0.31,-0.33,167,245,362,278,206,164,509,0,0,75,173,2
3883.61,7.05,0.74,1.05,-0.15,-0.20,0.95,-0.33,0.31,-0.33,168,245,362,279,207,163,509,1,0,75,173,2
3883.61,6.97,0.72,0.65,-0.15,-0.20,0.95,-0.34,0.31,-0.32,168,244,362,278,208,164,509,0,0,74,172,2
3883.62,7.39,-0.11,0.62,-0.15,-0.21,0.94,-0.34,0.31,-0.32,169,244,362,279,209,164,509,0,0,75,172,2
3883.62,7.19,-0.60,0.49,-0.16,-0.20,0.95,-0.34,0.31,-0.32,168,244,362,279,210,164,509,0,0,74,172,2
3883.63,6.94,-0.67,0.43,-0.15,-0.22,0.96,-0.34,0.31,-0.32,168,245,362,278,214,164,509,0,0,74,172,2
3883.63,5.70,-0.02,0.17,-0.15,-0.21,0.95,-0.34,0.31,-0.32,169,244,363,279,214,164,509,0,0,74,172,2
3883.64,3.69,0.09,0.14,-0.15,-0.22,0.95,-0.34,0.31,-0.33,169,244,363,278,216,164,509,0,0,74,171,2
3883.64,2.51,0.05,0.51,-0.15,-0.21,0.95,-0.34,0.31,-0.33,170,244,363,279,215,164,509,0,0,73,172,2
3883.65,1.39,-0.35,0.81,-0.15,-0.21,0.95,-0.34,0.31,-0.32,170,245,363,279,216,165,509,1,0,74,171,2
3883.65,0.84,-1.29,1.32,-0.15,-0.21,0.94,-0.34,0.31,-0.32,170,244,363,279,215,165,509,0,0,74,171,2
3883.66,-0.04,-1.38,1.61,-0.15,-0.21,0.94,-0.34,0.31,-0.32,170,244,363,279,216,165,509,0,0,73,171,2
3883.66,-0.33,-1.70,2.00,-0.16,-0.20,0.94,-0.34,0.31,-0.32,170,245,363,279,217,164,510,1,0,73,171,2
3883.67,-0.64,-1.41,2.00,-0.15,-0.20,0.93,-0.34,0.31,-0.32,171,245,364,279,216,164,510,0,0,74,171,2
3883.67,-1.44,-0.80,2.21,-0.16,-0.20,0.93,-0.34,0.31,-0.32,172,244,364,279,219,165,510,0,0,74,171,2
3883.68,-1.49,-0.17,2.00,-0.16,-0.18,0.92,-0.34,0.31,-0.32,171,245,363,279,221,164,511,0,0,74,171,2
3883.68,-0.82,0.17,1.92,-0.16,-0.18,0.92,-0.34,0.31,-0.32,171,245,363,278,222,165,510,0,0,73,171,2
3883.69,-0.63,0.37,1.60,-0.16,-0.18,0.92,-0.34,0.31,-0.32,172,245,364,279,222,164,510,0,0,74,170,2
3883.69,0.60,0.13,1.63,-0.16,-0.18,0.92,-0.34,0.31,-0.32,172,244,363,279,222,164,511,0,0,73,171,2
3883.70,1.86,0.00,1.09,-0.17,-0.18,0.91,-0.34,0.31,-0.32,173,245,363,279,224,164,510,0,0,73,172,2
3883.70,2.85,0.12,0.62,-0.17,-0.17,0.91,-0.33,0.31,-0.33,173,244,363,280,208,164,510,0,0,73,171,2
3883.71,4.91,0.37,0.12,-0.16,-0.17,0.92,-0.33,0.31,-0.33,173,245,364,279,209,165,510,0,0,72,171,2
3883.71,5.74,0.96,-0.43,-0.16,-0.18,0.93,-0.34,0.31,-0.32,173,245,363,279,212,164,511,0,0,72,171,2
3883.72,6.99,1.15,-0.99,-0.16,-0.18,0.93,-0.34,0.31,-0.32,173,244,363,279,213,165,511,0,0,72,170,2
3883.72,8.22,0.87,-1.15,-0.16,-0.19,0.93,-0.34,0.31,-0.32,173,244,363,278,213,165,511,0,0,72,170,2
3883.73,9.13,0.36,-0.90,-0.16,-0.20,0.94,-0.34,0.31,-0.33,173,244,363,278,215,165,511,0,0,72,170,2
3883.73,10.16,-0.14,-0.64,-0.16,-0.19,0.95,-0.34,0.31,-0.33,173,244,364,279,215,165,511,0,0,70,169,2
3883.74,10.02,-0.50,-0.21,-0.16,-0.20,0.95,-0.33,0.31,-0.33,173,245,364,278,217,165,511,0,0,70,170,2
3883.74,8.93,-0.31,0.38,-0.15,-0.21,0.95,-0.33,0.31,-0.33,173,244,364,279,217,165,511,0,0,70,170,2
3883.75,7.42,-0.27,0.91,-0.15,-0.21,0.95,-0.33,0.31,-0.33,173,244,364,278,217,165,511,0,0,70,170,2
3883.75,5.36,0.38,1.08,-0.15,-0.21,0.94,-0.34,0.31,-0.33,173,244,364,279,218,165,511,0,0,70,170,2
3883.76,3.92,1.09,1.63,-0.15,-0.20,0.96,-0.34,0.31,-0.33,173,244,364,279,219,165,511,0,0,70,171,2
3883.76,2.89,1.10,2.20,-0.15,-0.19,0.95,-0.33,0.31,-0.33,173,244,364,278,220,165,512,0,0,71,171,2
3883.77,2.01,1.25,2.37,-0.15,-0.19,0.94,-0.33,0.31,-0.33,174,244,363,279,220,165,511,0,0,70,171,2
3883.77,2.16,0.95,2.71,-0.15,-0.19,0.94,-0.33,0.31,-0.33,174,245,364,278,220,165,512,0,0,70,171,2
3883.78,1.78,0.60,2.77,-0.16,-0.19,0.94,-0.34,0.31,-0.33,173,245,363,279,220,165,513,0,0,70,170,2
3883.78,1.92,1.12,2.68,-0.16,-0.18,0.94,-0.34,0.31,-0.33,174,244,363,278,221,165,511,0,0,70,171,2
3883.79,2.41,1.14,2.20,-0.16,-0.19,0.93,-0.34,0.31,-0.33,174,245,364,278,220,165,511,0,0,69,171,2
3883.79,2.79,1.29,1.81,-0.16,-0.19,0.93,-0.34,0.31,-0.33,174,244,364,277,221,166,524,0,0,68,171,2
3883.80,3.15,1.04,1.29,-0.16,-0.20,0.94,-0.34,0.31,-0.33,174,245,363,277,222,166,524,0,0,68,170,2
3883.80,3.70,0.27,0.46,-0.16,-0.20,0.94,-0.33,0.31,-0.33,175,245,364,278,222,166,524,0,0,68,170,2
3883.81,4.35,-0.35,-0.11,-0.16,-0.20,0.94,-0.33,0.31,-0.33,175,245,364,277,222,166,511,0,0,68,171,2
3883.81,4.59,-0.68,-0.38,-0.15,-0.20,0.94,-0.33,0.31,-0.33,175,244,364,277,222,166,512,0,0,68,171,2
3883.82,4.51,-1.07,-0.49,-0.16,-0.21,0.94,-0.33,0.31,-0.33,175,244,364,278,223,165,513,0,0,67,171,2
3883.82,3.87,-1.20,-0.67,-0.16,-0.21,0.94,-0.33,0.31,-0.33,175,245,364,276,221,165,512,0,0,68,171,2
3883.83,3.63,-1.35,-0.25,-0.16,-0.20,0.94,-0.33,0.31,-0.33,175,245,364,277,222,166,524,0,0,68,171,2
3883.83,2.05,-0.60,-0.37,-0.16,-0.20,0.94,-0.33,0.31,-0.33,175,244,364,277,223,166,518,0,0,68,171,2
3883.84,0.93,-0.07,-0.13,-0.16,-0.19,0.94,-0.33,0.31,-0.33,176,245,364,277,224,166,512,0,0,68,171,2
3883.84,0.35,0.27,0.04,-0.16,-0.18,0.93,-0.34,0.31,-0.33,175,244,364,277,224,166,524,0,0,67,171,2
3883.85,0.28,0.53,0.13,-0.16,-0.17,0.93,-0.34,0.31,-0.33,177,245,364,277,225,166,512,1,0,67,170,2
3883.85,1.09,0.10,0.39,-0.15,-0.17,0.92,-0.34,0.31,-0.33,176,245,364,277,226,166,519,0,0,67,171,2
3883.86,2.18,0.28,0.38,-0.16,-0.17,0.93,-0.34,0.31,-0.33,176,245,364,276,227,166,517,0,0,67,171,2
3883.86,2.94,0.17,0.55,-0.15,-0.17,0.93,-0.34,0.31,-0.33,176,245,365,275,226,166,524,0,0,67,172,2
3883.87,3.52,0.05,0.70,-0.16,-0.17,0.93,-0.34,0.31,-0.33,176,245,364,276,226,166,512,0,0,67,170,2
3883.87,4.14,0.53,0.79,-0.16,-0.17,0.94,-0.34,0.31,-0.33,176,245,364,276,226,166,513,0,0,67,172,2
3883.88,4.64,0.71,1.21,-0.16,-0.18,0.93,-0.34,0.31,-0.33,176,245,364,276,227,166,524,0,0,66,171,2
3883.88,4.46,0.84,1.27,-0.16,-0.19,0.94,-0.33,0.31,-0.34,176,245,364,275,227,166,525,0,0,66,172,2
3883.89,4.30,0.88,1.15,-0.16,-0.20,0.94,-0.33,0.31,-0.34,176,245,364,275,226,166,525,0,0,66,171,2
3883.89,3.69,0.55,1.41,-0.16,-0.20,0.94,-0.33,0.31,-0.34,176,245,364,275,226,166,524,0,0,66,171,2
3883.90,2.94,0.73,1.43,-0.16,-0.19,0.94,-0.33,0.31,-0.34,176,245,363,275,226,166,529,0,0,65,171,2
3883.90,2.55,0.75,1.77,-0.17,-0.19,0.93,-0.33,0.31,-0.34,176,245,363,275,227,166,525,0,0,65,171,2
3883.91,2.19,0.62,1.74,-0.16,-0.18,0.93,-0.33,0.31,-0.33,176,245,364,274,226,166,531,0,0,65,172,2
3883.91,2.43,1.15,1.70,-0.16,-0.18,0.93,-0.33,0.31,-0.33,177,245,364,274,226,166,531,0,0,65,171,2
3883.92,2.56,0.94,1.71,-0.17,-0.17,0.93,-0.34,0.31,-0.33,178,245,364,274,226,166,531,0,0,65,171,2
3883.92,3.57,1.25,1.40,-0.17,-0.17,0.92,-0.34,0.31,-0.33,177,245,364,274,226,166,524,0,0,65,172,2
3883.93,4.33,1.52,1.45,-0.16,-0.17,0.93,-0.34,0.31,-0.33,177,245,364,275,227,166,531,0,0,64,172,2
3883.93,5.25,1.44,1.17,-0.16,-0.17,0.95,-0.33,0.31,-0.33,177,245,364,275,226,166,531,0,0,62,171,2
3883.94,5.97,1.56,1.08,-0.16,-0.17,0.93,-0.33,0.31,-0.33,177,245,364,274,227,167,531,0,0,62,171,2
3883.94,6.55,1.53,1.16,-0.16,-0.18,0.94,-0.33,0.31,-0.33,177,245,364,275,227,167,531,0,0,62,172,2
3883.95,6.99,1.95,1.47,-0.16,-0.18,0.95,-0.33,0.31,-0.33,177,245,365,275,229,166,532,0,0,62,171,2
3883.95,6.80,2.41,1.45,-0.15,-0.19,0.95,-0.33,0.31,-0.33,177,245,364,275,226,166,531,0,0,62,171,2
3883.96,6.15,2.28,1.61,-0.15,-0.19,0.96,-0.33,0.31,-0.33,177,245,365,274,228,166,531,0,0,61,171,2
3883.96,5.23,2.61,2.07,-0.15,-0.20,0.96,-0.33,0.31,-0.33,177,245,364,274,228,165,531,0,0,62,171,2
3883.97,4.15,2.87,2.58,-0.15,-0.21,0.96,-0.33,0.31,-0.33,178,245,365,275,227,167,532,0,0,62,171,2
3883.97,3.28,2.57,2.82,-0.15,-0.20,0.95,-0.33,0.31,-0.33,178,245,365,275,228,166,532,1,0,62,172,2
3883.98,2.34,2.52,3.15,-0.16,-0.20,0.95,-0.33,0.31,-0.33,177,245,364,275,228,166,532,0,0,62,171,2
3883.98,1.71,2.36,3.06,-0.16,-0.19,0.94,-0.34,0.31,-0.33,177,245,365,276,229,166,532,0,0,62,171,2
3883.99,1.54,2.13,2.97,-0.16,-0.19,0.94,-0.34,0.31,-0.33,177,245,364,274,230,166,532,0,0,62,171,2
3883.99,1.78,2.05,2.92,-0.16,-0.19,0.94,-0.34,0.31,-0.33,177,245,364,275,229,166,532,0,0,62,171,2
3884.00,1.94,2.11,2.69,-0.15,-0.19,0.93,-0.33,0.31,-0.33,178,244,365,275,229,166,532,0,0,60,170,2
3884.00,2.91,2.11,2.62,-0.15,-0.18,0.93,-0.33,0.31,-0.33,178,245,365,275,229,166,532,1,0,62,170,2
3884.01,3.52,2.46,2.13,-0.15,-0.17,0.93,-0.34,0.32,-0.34,178,245,365,275,229,167,532,0,0,61,171,2
3884.01,4.86,2.22,2.07,-0.15,-0.17,0.93,-0.34,0.32,-0.34,178,245,364,275,228,167,532,0,0,60,170,2
3884.02,5.98,2.34,1.64,-0.15,-0.18,0.93,-0.34,0.32,-0.34,178,245,365,275,229,166,532,0,0,60,170,2
3884.02,6.98,2.40,1.51,-0.15,-0.19,0.94,-0.33,0.31,-0.33,178,245,366,275,229,166,533,0,0,60,170,2
3884.03,8.03,2.44,1.44,-0.14,-0.19,0.95,-0.33,0.31,-0.33,178,245,366,275,229,166,532,0,0,60,170,2
3884.03,8.24,2.35,1.66,-0.13,-0.20,0.95,-0.33,0.31,-0.33,178,245,366,275,229,167,532,0,0,58,170,2
3884.04,7.66,2.56,1.36,-0.13,-0.20,0.95,-0.33,0.31,-0.33,178,245,366,275,229,166,532,0,0,58,170,2
3884.04,7.24,2.57,1.65,-0.14,-0.20,0.96,-0.33,0.31,-0.33,178,245,366,275,229,167,532,0,0,59,170,2
3884.05,6.08,2.97,1.92,-0.16,-0.21,0.96,-0.33,0.31,-0.33,178,245,366,275,230,167,532,0,0,58,170,2
3884.05,5.17,2.65,2.12,-0.15,-0.21,0.95,-0.33,0.31,-0.33,178,246,366,275,229,167,532,0,0,59,170,2
3884.06,4.67,2.03,2.41,-0.14,-0.21,0.94,-0.33,0.31,-0.33,178,244,368,275,230,166,527,0,0,59,170,2
3884.06,3.53,2.06,2.36,-0.14,-0.21,0.95,-0.33,0.31,-0.33,177,246,367,276,229,166,533,0,0,59,170,2
3884.07,3.01,1.90,2.40,-0.15,-0.21,0.95,-0.33,0.31,-0.33,178,244,367,275,229,166,532,0,1,58,170,2
3884.07,2.43,1.89,2.27,-0.16,-0.20,0.96,-0.33,0.31,-0.34,179,245,366,276,229,167,533,0,0,58,171,2
3884.08,2.08,1.88,2.19,-0.14,-0.20,0.94,-0.33,0.31,-0.34,179,245,367,276,228,166,533,1,0,57,171,2
3884.08,2.51,1.95,1.98,-0.15,-0.20,0.95,-0.33,0.31,-0.34,178,246,368,275,229,167,532,1,0,58,170,2
3884.09,2.97,1.51,1.83,-0.15,-0.19,0.94,-0.33,0.31,-0.33,178,245,366,276,229,167,533,0,0,57,171,2
3884.09,3.21,1.42,1.46,-0.15,-0.21,0.93,-0.33,0.31,-0.33,178,245,366,276,228,166,532,0,0,57,170,2
3884.10,4.41,0.67,1.45,-0.14,-0.20,0.95,-0.33,0.31,-0.33,179,246,367,276,230,167,532,0,0,56,171,2
3884.10,4.66,1.11,1.37,-0.15,-0.19,0.96,-0.33,0.31,-0.33,178,245,366,276,231,167,533,0,0,55,171,2
3884.11,4.84,0.86,1.18,-0.13,-0.20,0.93,-0.33,0.31,-0.33,179,245,367,275,230,167,532,0,0,54,171,2
3884.11,5.07,1.38,1.02,-0.15,-0.18,0.91,-0.33,0.31,-0.33,179,245,367,275,231,167,532,0,0,54,171,2
3884.12,4.74,1.72,1.01,-0.17,-0.17,0.97,-0.33,0.31,-0.33,179,245,368,274,231,167,532,0,0,53,171,2
3884.12,5.07,1.43,0.79,-0.12,-0.20,0.95,-0.33,0.31,-0.33,178,245,367,275,232,167,533,0,0,52,170,2
3884.13,4.45,1.69,0.75,-0.16,-0.20,0.94,-0.33,0.31,-0.33,178,245,367,275,232,166,533,0,0,52,171,2
3884.13,5.10,1.15,0.84,-0.14,-0.19,0.95,-0.33,0.31,-0.33,180,245,367,274,232,167,533,0,0,52,171,2
3884.14,4.76,1.44,0.96,-0.14,-0.19,0.97,-0.33,0.31,-0.33,180,245,367,274,232,167,534,0,0,53,171,2
3884.14,4.68,0.91,1.12,-0.14,-0.20,0.96,-0.33,0.31,-0.33,180,245,367,275,233,167,533,0,0,53,171,2
3884.15,4.55,0.87,1.09,-0.15,-0.19,0.95,-0.33,0.31,-0.33,180,246,367,275,233,167,533,0,0,52,171,2
3884.16,4.31,0.90,1.09,-0.14,-0.19,0.95,-0.33,0.31,-0.33,180,245,367,274,233,167,533,0,0,51,171,2
3884.16,4.66,0.45,1.14,-0.14,-0.20,0.95,-0.33,0.31,-0.33,180,246,368,274,232,167,533,0,0,51,171,2
3884.17,2.30,0.48,1.56,-0.14,-0.19,0.96,-0.33,0.31,-0.33,180,246,367,275,234,167,533,1,0,50,171,2
3884.17,4.51,0.14,1.57,-0.14,-0.19,0.95,-0.33,0.31,-0.33,180,246,367,274,233,167,533,1,0,50,171,2
3884.17,4.50,0.13,1.64,-0.15,-0.20,0.95,-0.33,0.31,-0.33,180,246,367,274,235,167,534,0,0,47,171,2
3884.18,4.24,0.45,1.72,-0.14,-0.19,0.95,-0.33,0.31,-0.34,180,246,368,274,234,167,534,0,0,47,171,2
3884.18,4.03,0.49,1.88,-0.14,-0.19,0.94,-0.33,0.31,-0.34,180,245,368,273,234,167,533,0,0,46,171,2
3884.19,4.06,0.57,1.92,-0.15,-0.19,0.95,-0.34,0.31,-0.33,180,246,368,274,234,167,534,0,0,45,171,2
3884.20,4.27,0.94,2.05,-0.14,-0.19,0.95,-0.34,0.31,-0.33,181,245,369,273,235,167,534,0,0,45,171,2
3884.20,4.43,1.24,1.79,-0.14,-0.20,0.95,-0.34,0.31,-0.33,181,246,368,273,235,167,534,0,0,44,170,2
3884.21,4.45,0.74,1.97,-0.14,-0.20,0.96,-0.33,0.31,-0.33,181,246,368,274,236,167,534,0,0,43,171,2
3884.21,4.22,0.80,1.76,-0.15,-0.20,0.96,-0.33,0.31,-0.33,182,245,369,273,235,168,533,0,0,42,171,2
3884.22,4.24,0.72,1.65,-0.14,-0.20,0.96,-0.33,0.31,-0.33,181,245,369,273,235,167,534,0,0,42,171,2
3884.22,4.08,0.66,1.45,-0.14,-0.20,0.96,-0.33,0.31,-0.33,181,245,368,273,236,167,534,1,0,40,172,2
3884.22,3.55,0.69,1.53,-0.14,-0.20,0.96,-0.33,0.31,-0.33,181,245,369,272,236,167,534,0,0,40,172,2
3884.23,3.36,0.82,1.70,-0.14,-0.20,0.96,-0.33,0.31,-0.33,181,246,369,272,237,167,534,0,0,40,171,2
3884.24,3.14,0.46,1.86,-0.13,-0.20,0.96,-0.33,0.31,-0.33,182,246,369,272,236,167,534,0,0,40,172,2
3884.24,2.81,0.04,1.96,-0.14,-0.21,0.96,-0.33,0.31,-0.33,181,246,369,271,237,167,535,0,0,39,171,2
3884.25,2.16,-0.11,1.82,-0.14,-0.20,0.95,-0.33,0.31,-0.33,182,245,370,272,236,167,534,0,0,38,172,2
3884.25,1.84,0.12,1.89,-0.14,-0.20,0.95,-0.33,0.31,-0.33,181,246,369,271,236,167,534,1,0,37,171,2
3884.25,1.88,-0.02,2.03,-0.14,-0.20,0.94,-0.34,0.31,-0.33,181,246,369,270,237,167,535,0,0,38,172,2
3884.26,2.19,-0.12,1.93,-0.14,-0.20,0.94,-0.34,0.31,-0.33,181,246,369,271,238,167,534,0,0,37,172,2
3884.26,2.61,0.05,2.02,-0.14,-0.19,0.94,-0.33,0.31,-0.33,182,245,368,270,237,168,535,0,0,36,172,2
3884.27,3.59,-0.11,1.84,-0.15,-0.19,0.95,-0.33,0.31,-0.33,181,246,369,271,237,168,535,0,0,37,172,2
3884.27,4.40,-0.16,1.71,-0.15,-0.19,0.94,-0.33,0.31,-0.33,182,246,368,270,237,167,535,0,0,36,171,2
3884.28,5.02,-0.02,1.28,-0.15,-0.19,0.94,-0.33,0.31,-0.33,182,246,369,271,237,168,541,0,0,36,172,2
3884.28,5.84,0.14,1.38,-0.15,-0.20,0.95,-0.33,0.31,-0.33,182,246,369,270,236,167,535,0,0,36,172,2
3884.29,5.99,0.46,1.27,-0.14,-0.20,0.95,-0.33,0.31,-0.33,182,246,368,270,237,167,535,0,0,35,171,2
3884.29,6.54,0.86,1.26,-0.15,-0.20,0.97,-0.33,0.31,-0.34,182,246,368,271,238,169,535,1,0,35,171,2
3884.30,6.55,0.96,0.98,-0.14,-0.20,0.96,-0.33,0.31,-0.34,181,246,369,271,237,167,535,0,0,35,171,2
3884.30,6.25,1.18,1.26,-0.14,-0.20,0.96,-0.33,0.31,-0.33,182,246,369,271,237,167,535,0,0,33,172,2
3884.31,6.10,0.42,1.19,-0.14,-0.21,0.96,-0.33,0.31,-0.33,182,246,369,271,238,167,535,0,0,33,173,2
3884.31,5.89,2.23,1.36,-0.14,-0.22,0.97,-0.33,0.31,-0.33,182,246,369,271,237,167,535,0,0,33,172,2
3884.32,5.09,0.04,1.52,-0.14,-0.21,0.96,-0.33,0.31,-0.33,182,246,370,271,237,168,535,0,0,32,172,2
3884.32,4.50,-0.46,1.66,-0.14,-0.21,0.97,-0.33,0.31,-0.33,182,246,369,271,237,168,535,0,0,32,172,2
3884.33,3.61,-0.43,1.69,-0.14,-0.21,0.95,-0.33,0.31,-0.33,182,246,369,271,238,168,535,0,0,32,172,2
3884.33,2.68,0.11,1.84,-0.14,-0.20,0.94,-0.33,0.31,-0.33,182,246,369,271,237,168,536,0,0,32,173,2
3884.34,2.28,0.11,1.96,-0.13,-0.19,0.94,-0.33,0.31,-0.33,182,246,369,271,237,168,535,1,0,31,172,2
3884.34,1.97,0.07,1.90,-0.13,-0.20,0.94,-0.33,0.31,-0.33,182,246,370,271,237,168,535,0,0,31,172,2
3884.35,2.61,0.04,1.74,-0.14,-0.19,0.94,-0.33,0.31,-0.33,182,246,369,270,238,167,535,0,0,32,172,2
3884.36,2.85,-0.06,1.79,-0.14,-0.19,0.95,-0.33,0.31,-0.33,182,246,370,270,238,168,536,0,0,32,172,2
3884.36,3.69,-0.71,1.63,-0.14,-0.20,0.94,-0.33,0.31,-0.33,182,246,370,270,237,168,535,0,0,31,171,2
3884.36,3.91,-0.71,1.57,-0.14,-0.20,0.94,-0.33,0.31,-0.33,182,246,370,270,237,167,535,0,0,31,171,2
3884.37,4.33,-0.78,1.52,-0.15,-0.20,0.94,-0.33,0.31,-0.33,183,246,369,270,237,168,536,0,0,31,172,2
3884.38,2.24,-0.54,1.34,-0.14,-0.20,0.95,-0.33,0.31,-0.33,183,245,369,270,237,168,536,0,0,31,171,2
3884.38,4.01,-0.56,1.40,-0.15,-0.20,0.95,-0.33,0.31,-0.33,183,246,369,270,237,168,535,1,0,31,172,2
3884.39,4.03,-0.17,1.21,-0.14,-0.20,0.95,-0.33,0.32,-0.33,183,245,369,270,237,168,536,0,0,30,172,2
3884.39,3.27,-0.25,1.19,-0.14,-0.21,0.96,-0.33,0.32,-0.33,183,246,368,270,237,168,535,0,0,29,172,2
3884.40,2.90,-0.30,1.59,-0.14,-0.21,0.95,-0.33,0.31,-0.33,183,246,368,270,237,168,536,0,0,28,171,2
3884.40,2.90,-0.80,1.46,-0.14,-0.21,0.96,-0.33,0.31,-0.33,184,246,369,270,237,168,536,0,0,28,172,2
3884.41,2.53,-1.13,1.67,-0.15,-0.21,0.95,-0.33,0.31,-0.33,184,246,368,270,237,168,541,0,0,28,172,2
3884.41,1.99,-0.92,1.44,-0.15,-0.21,0.95,-0.33,0.31,-0.33,184,246,367,270,238,167,542,0,0,27,172,2
3884.42,1.73,-0.97,1.71,-0.15,-0.21,0.95,-0.33,0.31,-0.33,184,246,369,270,237,168,536,0,0,27,171,2
3884.42,1.13,-0.77,1.58,-0.14,-0.21,0.95,-0.33,0.31,-0.33,184,246,368,270,237,168,536,0,0,27,172,2
3884.43,0.93,-0.34,1.70,-0.14,-0.20,0.94,-0.33,0.31,-0.33,184,246,368,270,237,168,536,0,0,26,171,2
3884.43,1.04,-0.61,1.99,-0.14,-0.20,0.94,-0.33,0.31,-0.33,185,246,369,270,238,168,537,1,0,26,172,2
3884.44,1.20,-0.58,2.15,-0.14,-0.20,0.93,-0.33,0.31,-0.33,185,246,368,270,238,168,542,0,0,25,172,2
3884.44,1.17,-0.42,2.29,-0.14,-0.20,0.94,-0.33,0.31,-0.33,185,247,369,270,238,168,542,0,0,25,172,2
3884.45,1.82,-0.25,2.56,-0.14,-0.20,0.93,-0.33,0.31,-0.33,186,246,369,270,239,168,543,0,0,25,172,2
3884.45,1.85,0.26,2.35,-0.14,-0.21,0.92,-0.33,0.31,-0.33,186,246,369,271,239,168,543,0,0,25,172,2
3884.46,2.40,0.23,2.07,-0.14,-0.21,0.94,-0.33,0.31,-0.33,186,246,368,270,239,168,543,0,0,24,172,2
3884.46,2.56,0.07,1.91,-0.14,-0.21,0.94,-0.33,0.31,-0.33,186,247,369,270,240,169,543,0,0,25,172,2
3884.47,2.61,-0.02,1.69,-0.14,-0.21,0.94,-0.33,0.31,-0.33,186,247,369,270,240,169,543,0,0,25,172,2
3884.47,2.86,-0.08,1.32,-0.14,-0.21,0.93,-0.33,0.31,-0.33,186,246,369,271,239,169,544,1,0,25,172,2
3884.48,2.90,-0.35,1.04,-0.14,-0.22,0.94,-0.33,0.31,-0.34,187,246,369,270,241,169,543,0,0,25,172,2
3884.48,2.49,-0.04,0.69,-0.14,-0.21,0.94,-0.33,0.31,-0.34,186,247,368,270,243,168,543,0,0,25,172,2
3884.49,2.52,-0.18,0.54,-0.15,-0.21,0.94,-0.33,0.32,-0.33,187,246,369,270,243,169,544,0,0,25,172,2
3884.49,2.27,-0.52,-0.04,-0.15,-0.21,0.94,-0.33,0.32,-0.33,187,246,369,270,243,168,544,0,0,26,172,2
3884.50,2.32,-0.38,-0.55,-0.15,-0.20,0.93,-0.33,0.32,-0.33,187,246,369,270,243,168,544,0,0,26,172,2
3884.50,2.76,-0.69,-0.83,-0.15,-0.20,0.93,-0.33,0.31,-0.34,187,246,369,270,244,168,544,0,0,25,172,2
3884.51,3.50,-0.84,-1.13,-0.15,-0.20,0.92,-0.33,0.31,-0.34,188,246,369,270,243,169,544,1,0,26,172,2
3884.51,3.83,-0.88,-1.13,-0.16,-0.19,0.92,-0.33,0.31,-0.33,187,246,368,271,245,169,544,0,0,25,172,2
3884.52,4.85,-0.75,-1.37,-0.16,-0.19,0.92,-0.33,0.31,-0.33,187,246,369,270,244,168,543,0,0,25,172,2
3884.52,5.25,-0.57,-1.22,-0.16,-0.19,0.92,-0.33,0.31,-0.33,187,246,368,271,245,169,543,0,0,26,172,2
3884.53,5.78,-0.22,-1.62,-0.15,-0.19,0.93,-0.33,0.31,-0.34,188,246,369,270,244,169,544,0,0,25,172,2
3884.53,6.11,0.25,-1.42,-0.15,-0.19,0.93,-0.33,0.31,-0.34,188,246,368,271,244,169,544,1,1,26,172,2
3884.54,5.94,0.50,-1.33,-0.13,-0.20,0.94,-0.33,0.31,-0.33,189,246,369,271,245,169,544,0,0,25,173,2
3884.54,5.71,0.38,-1.14,-0.14,-0.20,0.94,-0.33,0.31,-0.33,188,247,368,270,245,168,544,0,0,25,172,2
3884.55,5.42,0.25,-0.94,-0.14,-0.20,0.95,-0.33,0.31,-0.33,189,246,369,270,244,169,544,0,0,25,172,2
3884.55,5.15,-2.09,-0.67,-0.14,-0.20,0.95,-0.33,0.31,-0.34,189,247,369,270,244,169,545,0,0,25,172,2
3884.56,4.68,-0.46,-0.42,-0.14,-0.21,0.95,-0.33,0.31,-0.34,189,246,369,270,244,169,544,0,1,26,172,2
3884.56,4.13,-0.81,-0.17,-0.15,-0.21,0.95,-0.33,0.31,-0.33,190,247,368,270,244,169,545,0,0,25,172,2
3884.57,2.97,-0.78,0.03,-0.15,-0.20,0.94,-0.33,0.31,-0.33,189,247,368,271,244,168,544,0,0,26,172,2
3884.57,2.19,-0.46,0.22,-0.15,-0.20,0.94,-0.33,0.31,-0.33,189,246,368,270,244,169,545,0,0,26,172,2
3884.58,1.28,-0.12,0.40,-0.15,-0.20,0.94,-0.33,0.31,-0.33,189,247,368,271,245,169,545,0,0,26,172,2
3884.58,0.93,0.00,0.25,-0.15,-0.19,0.93,-0.33,0.31,-0.33,190,246,368,270,245,169,545,0,0,26,171,2
3884.59,1.27,-0.09,0.07,-0.15,-0.19,0.93,-0.33,0.31,-0.33,190,246,368,270,245,168,544,0,0,26,173,2
3884.59,1.64,-0.03,-0.48,-0.15,-0.18,0.93,-0.34,0.31,-0.33,189,246,368,270,246,168,544,0,0,26,173,2
3884.60,2.35,-0.33,-0.82,-0.15,-0.18,0.92,-0.34,0.31,-0.33,190,247,368,270,246,169,544,0,0,26,173,2
3884.60,3.53,-0.00,-0.75,-0.15,-0.18,0.93,-0.33,0.31,-0.33,190,247,368,270,248,169,545,0,0,26,173,2
3884.61,4.06,0.18,-0.90,-0.15,-0.18,0.93,-0.33,0.31,-0.33,191,246,368,270,248,169,545,0,0,26,173,2
3884.61,4.72,0.38,-0.44,-0.15,-0.18,0.93,-0.33,0.31,-0.33,191,247,368,270,248,169,544,0,0,25,172,2
3884.62,5.00,0.14,-0.32,-0.14,-0.18,0.94,-0.33,0.31,-0.33,192,247,368,270,248,169,544,0,0,25,172,2
3884.62,4.78,0.54,0.00,-0.14,-0.19,0.94,-0.33,0.31,-0.33,191,246,368,269,247,169,544,0,0,26,172,2
3884.63,4.72,0.72,0.46,-0.14,-0.19,0.94,-0.33,0.31,-0.33,191,247,368,270,248,169,544,0,0,26,172,2
3884.63,4.04,1.12,0.81,-0.15,-0.19,0.93,-0.33,0.31,-0.33,191,247,368,269,248,169,545,0,0,26,172,2
3884.64,3.99,1.04,1.11,-0.15,-0.19,0.93,-0.33,0.31,-0.33,190,247,368,269,248,169,544,0,0,25,173,2
3884.64,3.61,1.40,1.04,-0.14,-0.18,0.93,-0.33,0.31,-0.33,191,246,368,269,249,168,544,0,0,26,172,2
3884.65,3.39,1.89,1.20,-0.14,-0.18,0.93,-0.33,0.31,-0.33,190,246,368,268,249,168,544,0,0,25,172,2
3884.65,3.58,2.28,1.77,-0.14,-0.19,0.94,-0.33,0.31,-0.33,191,246,368,269,248,169,544,0,0,25,172,2
3884.66,4.27,2.45,1.99,-0.14,-0.19,0.94,-0.33,0.31,-0.33,190,247,368,269,248,169,544,0,0,24,173,2
3884.66,4.95,2.37,2.10,-0.15,-0.19,0.94,-0.33,0.31,-0.33,190,246,368,269,248,169,545,0,0,24,173,2
3884.67,5.58,1.89,2.24,-0.15,-0.19,0.94,-0.33,0.31,-0.33,190,247,368,269,248,169,545,0,0,24,173,2
3884.67,5.91,2.34,2.21,-0.15,-0.19,0.95,-0.33,0.31,-0.33,190,246,367,268,248,169,545,0,0,23,172,2
3884.68,5.68,2.13,2.19,-0.14,-0.20,0.95,-0.33,0.31,-0.33,191,246,367,269,248,169,545,0,0,23,172,2
3884.68,5.58,2.29,2.37,-0.15,-0.20,0.95,-0.33,0.31,-0.33,190,246,368,269,248,168,544,0,0,24,172,2
3884.69,5.18,2.21,2.42,-0.14,-0.20,0.95,-0.33,0.31,-0.33,190,246,368,268,248,169,545,0,0,23,172,2
3884.69,4.85,2.50,2.48,-0.14,-0.20,0.95,-0.33,0.31,-0.33,191,247,368,269,249,168,545,0,0,23,173,2
3884.70,4.97,2.57,2.42,-0.14,-0.21,0.95,-0.33,0.31,-0.33,190,246,368,269,248,169,544,0,0,24,173,2
3884.70,4.96,2.20,2.31,-0.13,-0.21,0.96,-0.33,0.31,-0.33,190,246,368,268,248,169,545,0,0,24,172,2
3884.71,5.10,2.17,2.43,-0.13,-0.21,0.96,-0.33,0.31,-0.33,190,247,368,269,248,169,544,0,0,23,172,2
3884.71,5.53,1.53,2.09,-0.13,-0.21,0.95,-0.33,0.31,-0.33,190,247,368,269,247,169,545,0,0,24,172,2
3884.72,5.51,1.58,2.07,-0.14,-0.22,0.96,-0.33,0.31,-0.33,190,246,368,268,247,169,545,0,0,24,172,2
3884.72,5.49,1.31,1.84,-0.14,-0.22,0.96,-0.33,0.31,-0.33,190,246,368,268,247,169,545,0,0,23,173,2
3884.73,5.28,0.98,1.71,-0.14,-0.22,0.96,-0.33,0.31,-0.33,190,246,368,268,247,169,545,0,0,24,172,2
3884.73,4.51,0.96,1.79,-0.15,-0.21,0.95,-0.33,0.31,-0.33,190,246,368,268,247,169,545,0,0,24,172,2
3884.74,4.50,0.59,1.70,-0.14,-0.22,0.94,-0.33,0.31,-0.33,190,246,368,268,247,169,545,0,0,24,172,2
3884.74,3.69,1.07,1.58,-0.15,-0.21,0.92,-0.33,0.31,-0.34,190,246,368,268,247,169,545,0,0,24,173,2
3884.75,3.38,0.86,1.07,-0.13,-0.21,0.95,-0.33,0.31,-0.34,190,246,368,268,247,169,546,0,0,24,173,2
3884.75,3.25,0.88,1.07,-0.16,-0.20,0.93,-0.33,0.31,-0.34,190,246,368,268,247,169,545,0,0,25,172,2
3884.76,4.20,0.51,0.66,-0.16,-0.20,0.94,-0.33,0.32,-0.33,190,246,368,268,247,169,545,0,0,24,172,2
3884.76,4.80,1.56,0.55,-0.12,-0.20,0.98,-0.33,0.32,-0.33,190,246,367,268,247,169,545,0,0,25,172,2
3884.77,3.39,1.58,0.61,-0.15,-0.20,0.98,-0.33,0.32,-0.33,190,247,368,269,248,169,545,0,0,24,172,2
3884.77,3.88,-0.13,0.63,-0.15,-0.20,0.94,-0.33,0.31,-0.33,189,246,368,269,247,169,545,0,1,25,172,2
3884.78,4.51,0.24,0.34,-0.15,-0.20,0.91,-0.33,0.31,-0.33,189,246,367,269,247,169,545,0,0,25,172,2
3884.78,5.43,0.88,0.11,-0.15,-0.21,0.94,-0.33,0.31,-0.34,189,246,368,268,247,169,545,0,0,25,172,2
3884.79,3.56,1.08,0.60,-0.11,-0.24,0.97,-0.33,0.31,-0.34,188,246,368,268,247,169,545,0,0,25,172,2
3884.79,1.42,-0.70,0.98,-0.15,-0.22,0.96,-0.33,0.31,-0.34,188,246,367,268,247,168,545,0,0,25,171,2
3884.80,1.51,-0.81,0.78,-0.17,-0.20,0.94,-0.33,0.31,-0.33,189,246,368,267,246,169,545,0,0,28,172,2
3884.80,1.30,0.76,0.70,-0.12,-0.23,0.97,-0.33,0.31,-0.33,188,247,367,267,246,169,545,0,0,27,172,2
3884.81,-0.50,0.80,0.94,-0.13,-0.21,0.96,-0.33,0.31,-0.33,189,247,368,269,246,169,545,0,0,27,171,2
3884.81,-0.88,-0.45,0.38,-0.14,-0.21,0.94,-0.33,0.31,-0.33,189,246,368,267,246,169,545,0,0,28,172,2
3884.82,-1.63,0.36,0.43,-0.15,-0.20,0.93,-0.33,0.31,-0.33,189,246,368,267,246,169,545,0,0,26,171,2
3884.82,-0.76,-0.46,0.24,-0.14,-0.19,0.93,-0.33,0.31,-0.33,189,246,368,267,245,169,545,0,0,27,172,2
3884.83,1.00,-1.18,-2.18,-0.14,-0.19,0.94,-0.33,0.31,-0.33,189,246,368,267,246,170,545,0,0,27,172,2
3884.83,0.48,-0.32,0.13,-0.15,-0.19,0.93,-0.33,0.31,-0.33,189,246,367,269,246,169,545,0,0,27,172,2
3884.84,1.83,-1.59,0.15,-0.15,-0.18,0.93,-0.33,0.31,-0.33,189,246,367,268,246,169,545,0,0,27,172,2
3884.84,2.86,-1.46,-0.28,-0.15,-0.18,0.93,-0.33,0.31,-0.33,189,246,367,269,246,169,545,0,0,28,172,2
3884.85,3.16,-0.32,-0.46,-0.14,-0.18,0.94,-0.33,0.31,-0.33,189,247,368,268,246,168,545,0,0,28,172,2
3884.85,3.58,-0.17,-0.38,-0.14,-0.19,0.94,-0.33,0.31,-0.33,189,246,368,268,246,169,545,0,0,28,172,2
3884.86,3.67,-0.21,-0.42,-0.15,-0.19,0.93,-0.33,0.31,-0.33,189,246,367,269,246,169,545,0,1,27,173,2
3884.86,4.13,0.12,-0.52,-0.15,-0.18,0.94,-0.33,0.31,-0.33,189,246,368,269,246,169,545,0,0,27,173,2
3884.87,4.51,0.27,-0.32,-0.15,-0.19,0.94,-0.33,0.31,-0.33,189,246,367,269,246,169,544,0,0,28,173,2
3884.87,4.49,0.68,-0.36,-0.15,-0.19,0.95,-0.33,0.31,-0.33,189,246,368,269,246,169,545,0,0,27,172,2
3884.88,4.59,0.70,0.11,-0.15,-0.19,0.95,-0.33,0.31,-0.33,189,246,368,269,246,169,544,0,0,28,173,2
3884.88,4.23,0.80,0.25,-0.15,-0.20,0.96,-0.33,0.31,-0.33,188,246,367,269,245,169,545,0,0,28,172,2
3884.89,3.98,0.81,0.38,-0.15,-0.20,0.95,-0.33,0.31,-0.33,189,247,368,269,246,168,544,0,0,27,173,2
3884.89,3.49,0.25,0.47,-0.14,-0.20,0.95,-0.33,0.31,-0.33,189,246,368,269,245,168,545,0,0,28,173,2
3884.90,2.67,-0.19,0.50,-0.14,-0.19,0.95,-0.33,0.31,-0.34,189,247,368,269,247,169,545,0,0,27,173,2
3884.90,1.89,0.13,1.04,-0.14,-0.18,0.94,-0.33,0.31,-0.34,189,246,367,269,245,168,545,0,0,28,172,2
3884.91,1.55,-0.12,1.42,-0.14,-0.18,0.94,-0.33,0.31,-0.34,189,246,368,268,247,168,545,0,0,28,172,2
3884.91,0.92,0.26,1.23,-0.13,-0.18,0.95,-0.33,0.31,-0.34,188,246,367,269,246,169,545,0,0,27,172,2
3884.92,0.74,0.23,1.33,-0.13,-0.18,0.94,-0.33,0.31,-0.34,189,246,368,269,246,168,545,0,0,28,173,2
3884.92,1.09,0.15,1.48,-0.14,-0.17,0.94,-0.33,0.31,-0.33,189,246,368,269,245,169,545,0,0,28,173,2
3884.93,2.04,0.04,1.65,-0.15,-0.17,0.94,-0.33,0.31,-0.33,189,246,367,269,246,168,545,0,0,28,173,2
3884.93,3.42,-0.09,1.75,-0.15,-0.17,0.94,-0.33,0.31,-0.33,189,247,368,269,247,169,545,0,0,28,174,2
3884.94,4.29,-0.32,2.09,-0.15,-0.18,0.93,-0.33,0.31,-0.33,188,246,367,269,247,169,545,0,0,28,173,2
3884.94,5.06,-0.35,2.28,-0.15,-0.18,0.94,-0.33,0.31,-0.33,189,247,367,269,246,169,545,0,0,28,173,2
3884.95,5.34,-0.24,2.20,-0.15,-0.18,0.94,-0.33,0.31,-0.33,189,246,367,269,246,168,545,0,0,28,173,2
3884.95,4.83,0.78,2.02,-0.15,-0.19,0.94,-0.33,0.31,-0.33,189,247,367,268,246,168,546,0,0,28,173,2
3884.96,4.47,1.03,2.16,-0.14,-0.20,0.95,-0.33,0.31,-0.33,188,247,367,269,246,168,544,0,0,28,173,2
3884.96,3.73,1.10,2.30,-0.14,-0.20,0.95,-0.33,0.31,-0.34,188,247,367,268,246,169,545,0,0,28,173,2
3884.97,3.48,0.78,2.58,-0.14,-0.20,0.96,-0.33,0.31,-0.34,189,246,368,268,246,169,545,0,0,28,172,2
3884.97,3.27,0.04,2.97,-0.15,-0.19,0.96,-0.33,0.31,-0.34,189,246,368,268,246,169,544,0,0,28,173,2
3884.98,3.50,0.14,3.09,-0.14,-0.20,0.95,-0.33,0.31,-0.33,189,247,368,267,246,168,546,0,0,28,173,2
3884.98,3.32,-0.35,3.15,-0.14,-0.20,0.95,-0.33,0.31,-0.33,188,247,368,268,246,168,545,0,0,28,172,2
3884.99,3.21,-0.52,3.16,-0.14,-0.20,0.95,-0.33,0.32,-0.33,190,246,368,268,246,169,545,1,0,28,172,2
3884.99,2.81,-0.85,2.90,-0.14,-0.20,0.95,-0.33,0.32,-0.33,188,246,367,268,245,168,545,0,0,28,171,2
3885.00,2.73,-0.54,2.83,-0.14,-0.20,0.94,-0.33,0.32,-0.33,189,246,367,268,245,169,545,0,0,28,172,2
3885.00,2.56,-0.57,2.95,-0.14,-0.20,0.93,-0.34,0.31,-0.33,188,247,368,268,245,169,545,0,0,28,172,2
3885.01,2.84,-0.45,2.62,-0.15,-0.20,0.93,-0.34,0.31,-0.33,188,246,367,268,244,168,545,0,0,28,172,2
3885.01,3.45,-0.68,2.83,-0.15,-0.20,0.93,-0.33,0.31,-0.33,188,246,367,268,244,168,545,0,0,28,172,2
3885.02,4.32,-0.90,2.70,-0.15,-0.20,0.92,-0.33,0.31,-0.33,188,247,368,268,244,169,545,0,0,28,172,2
3885.02,4.75,-1.12,2.71,-0.15,-0.20,0.93,-0.33,0.31,-0.33,188,246,368,269,242,169,545,0,0,28,171,2
3885.03,5.08,-0.81,2.58,-0.15,-0.20,0.92,-0.33,0.31,-0.33,188,246,368,270,241,169,545,0,0,27,172,2
3885.03,5.13,0.04,2.24,-0.15,-0.20,0.93,-0.33,0.31,-0.33,188,246,368,269,241,169,545,0,0,28,172,2
3885.04,4.81,0.88,2.13,-0.15,-0.20,0.93,-0.33,0.31,-0.33,189,247,368,270,240,169,545,0,0,29,172,2
3885.04,5.14,1.76,2.06,-0.15,-0.21,0.94,-0.33,0.31,-0.33,188,247,369,269,240,168,545,0,0,28,171,2
3885.05,4.30,1.99,2.03,-0.14,-0.21,0.95,-0.33,0.31,-0.33,188,246,367,270,239,169,544,0,0,28,172,2
3885.05,4.00,2.35,2.00,-0.14,-0.21,0.94,-0.33,0.31,-0.33,187,247,368,270,238,168,545,0,0,28,171,2
3885.06,3.82,2.08,2.19,-0.14,-0.21,0.95,-0.33,0.31,-0.33,187,246,368,270,238,168,545,0,0,28,171,2
3885.06,3.65,1.67,4.41,-0.14,-0.21,0.94,-0.34,0.31,-0.33,187,247,368,270,238,168,545,0,0,29,170,2
3885.07,3.79,1.26,2.42,-0.14,-0.21,0.95,-0.34,0.31,-0.33,186,247,368,271,238,168,545,0,0,29,171,2
3885.07,2.74,1.23,2.52,-0.14,-0.22,0.95,-0.34,0.31,-0.33,185,246,368,270,238,169,545,0,0,29,170,2
3885.08,2.27,1.53,2.50,-0.14,-0.22,0.94,-0.34,0.31,-0.33,185,246,369,270,237,168,545,0,0,29,171,2
3885.08,1.22,1.61,2.49,-0.14,-0.21,0.94,-0.34,0.31,-0.33,184,246,368,270,236,168,545,0,0,28,170,2
3885.09,0.94,1.67,2.30,-0.14,-0.20,0.94,-0.34,0.31,-0.33,183,246,368,270,237,168,545,0,0,28,170,2
3885.09,1.09,1.17,2.05,-0.14,-0.20,0.94,-0.33,0.31,-0.33,183,246,369,270,236,168,545,0,0,29,170,2
3885.10,1.74,1.18,1.98,-0.14,-0.19,0.93,-0.33,0.31,-0.33,183,246,369,270,234,168,545,0,0,28,170,2
3885.10,3.02,0.75,1.67,-0.14,-0.19,0.94,-0.33,0.31,-0.33,183,247,369,270,231,168,544,0,0,28,169,2
